dirbt_id,seniunijos_pavad,atr_uzstatytas_plotas,stat_pabaigos_metai,aukstu_skaicius,status,pool,n_candidates,b_OBJECTID,b_TOP_ID,b_Shape_Area,b_seniunija,b_cx,b_cy,log_area_dist
74520035349994559,Kauno m.,19.0,1968.0,1,ambiguous,citywide,14402,25601.0,06EC2A22-2355-40BE-BB99-EE0F7A2F6ECF,19.0,Petrašiūnų sen.,501135.92420000024,6084766.5735,0.0
75686367082871298,Žaliakalnio sen.,115.0,1925.0,1,ambiguous,district,4615,23671.0,B9EA0E3C-A87D-4047-8F0E-5031959E9446,115.00420362091396,Žaliakalnio sen.,495462.99479957996,6086774.719264057,3.6552557285851606e-05
75679716145984677,Kauno m.,195.0,1956.0,2,ambiguous,citywide,30549,38114.0,22F8A3E3-5785-411F-82EE-B58C726D4254,195.01181014328708,Panemunės sen.,496942.346944458,6078760.359213369,6.0563003393632187e-05
65122555447930747,Šilainių sen.,117.0,2018.0,2,ambiguous,district,7338,54538.0,c0c8da1d-985c-4aaf-bb66-8548289f2b25,117.00079612570875,Šilainių sen.,493059.2883836528,6087442.223306325,6.804470086940739e-06
74417764993045865,Kauno m.,21.0,1970.0,1,ambiguous,citywide,15889,28359.0,7954F990-38CB-4317-9E88-38DC85F535ED,21.000499999102203,Vilijampolės sen.,492868.10720000026,6086517.1454,2.3809197616131428e-05
75646251248002824,Aleksoto sen.,93.0,1939.0,1,ambiguous,district,8132,38355.0,B83FA852-A8A2-4333-85E2-963854C6A441,92.99477899409534,Aleksoto sen.,491491.75716653577,6081516.157175087,5.6141424337852186e-05
74914378255996936,Kauno m.,9.0,1926.0,1,ambiguous,citywide,5299,3192.0,1E9685FE-87AF-4400-866F-38F9F4075B25,12.001999996529893,Šilainių sen.,492618.23000000004,6090486.250000001,0.28784872494197433
75091476391216841,Petrašiūnų sen.,460.0,1974.0,1,ambiguous,district,948,5115.0,38B6733C-C1B1-462A-B5F0-4EEA1F708606,459.75039999610783,Petrašiūnų sen.,501644.4500000001,6085357.029999999,0.0005427559694908268
65061142177348735,Vilijampolės sen.,20.0,1996.0,1,ambiguous,district,1798,25961.0,6BB0E567-1FD7-4837-B2E0-63DB9922A11C,20.046249997112902,Vilijampolės sen.,489080.6142456152,6087121.173569714,0.002309830142869007
65144624997966485,Šilainių sen.,194.0,2013.0,2,ambiguous,district,5737,21985.0,2FBD1F52-D554-4956-A4CC-4E2E469D3D95,194.0363999972552,Šilainių sen.,493425.9664000002,6089461.7496,0.00018761125173938353
65307404385195125,Šilainių sen.,289.0,2010.0,1,ambiguous,district,3608,18434.0,AA58E44D-DCA3-4BC1-9225-05137101C8EF,288.97627344679734,Šilainių sen.,490128.0443067584,6088551.334287076,8.210217030057976e-05
65226775126359021,Kauno m.,84.0,2008.0,1,ambiguous,citywide,40191,21847.0,4B6E9AF2-DE68-4C5F-B2A5-514F3513B1A7,83.99804999840613,Panemunės sen.,500004.7546785543,6080871.009910013,2.3214574144780897e-05
64857824611286086,Kauno m.,91.0,2023.0,2,ambiguous,citywide,40777,60670.0,515c4a10-9bd6-456c-bba3-38bf4a8d63c5,90.9991747341689,Šilainių sen.,487635.8761244525,6087628.670422229,9.068896408948035e-06
74298394672439996,Kauno m.,22.0,1952.0,1,ambiguous,citywide,16561,54794.0,602187e6-288e-4b60-a8c1-e118443d91d0,21.998916665486203,Vilijampolės sen.,491043.35404556396,6086148.481079037,4.9243690350753155e-05
6491789993481023,Petrašiūnų sen.,749.0,2018.0,1,ambiguous,district,730,18273.0,2026459D-B229-4892-AFB4-25DDD5BEDC5A,748.1071499986,Petrašiūnų sen.,500350.77355275024,6087688.900446353,0.0011927671406217755
75344326549375493,Kauno m.,184.0,2002.0,1,ambiguous,citywide,32106,49431.0,91a2a2eb-6ce5-4b85-b458-e74952dfacf3,183.99997621008683,Panemunės sen.,498669.35358679865,6078335.511358585,1.292930154050964e-07
74837531519726372,Kauno m.,22.0,1960.0,1,ambiguous,citywide,16561,54794.0,602187e6-288e-4b60-a8c1-e118443d91d0,21.998916665486203,Vilijampolės sen.,491043.35404556396,6086148.481079037,4.9243690350753155e-05
64707957295883134,Kauno m.,164.0,2025.0,1,ambiguous,citywide,35120,50066.0,DD6973A7-979E-47BB-A770-612AAF490FBC,163.99815089737675,Aleksoto sen.,490520.18553945003,6084803.873631069,1.1275079558892287e-05
74966593826978969,Kauno m.,45.0,1976.0,1,ambiguous,citywide,28078,65544.0,0c6bfe43-eb3f-4abb-9bff-55ab2bd80d1a,45.00034363380952,Panemunės sen.,500968.06799999974,6079315.238349998,7.636277722156137e-06
74995688196564506,Kauno m.,15.0,1977.0,1,ambiguous,citywide,11269,32282.0,8B41C570-8FB4-453E-B4C6-A45E9968D4D0,15.000750000683592,Aleksoto sen.,491920.7975308333,6084434.660006409,4.999879561218279e-05
75648225858176696,Vilijampolės sen.,96.0,1938.0,1,ambiguous,district,4526,9688.0,B7899E2F-6880-4ECC-9485-CC249F952EED,95.99956022278742,Vilijampolės sen.,493276.47633778467,6086729.852144239,4.581023123506611e-06
7569006420705425,Žaliakalnio sen.,148.0,1924.0,1,ambiguous,district,4326,27657.0,CFCFC786-1DA5-4608-AD10-0029B8E7276F,147.99605000070744,Žaliakalnio sen.,494910.2898978699,6086232.687046607,2.6689540571389614e-05
64709270472948069,Kauno m.,272.0,2025.0,1,ambiguous,citywide,20724,18377.0,6506E6E0-05E6-49BF-ACE5-7374D0A9976E,272.0005807609091,Aleksoto sen.,495044.3378382464,6081123.09082437,2.13514812141824e-06
74446748558455636,Kauno m.,10.0,1971.0,1,ambiguous,citywide,6494,3192.0,1E9685FE-87AF-4400-866F-38F9F4075B25,12.001999996529893,Šilainių sen.,492618.23000000004,6090486.250000001,0.182488209284148
81611453849359361,Kauno m.,5.0,1975.0,1,ambiguous,citywide,345,3192.0,1E9685FE-87AF-4400-866F-38F9F4075B25,12.001999996529893,Šilainių sen.,492618.23000000004,6090486.250000001,0.8756353898440936
74163603653128921,Kauno m.,17.0,2001.0,1,ambiguous,citywide,12896,7495.0,20E3F8ED-B037-4A40-9933-B4B5DFBA6909,17.000950002374314,Aleksoto sen.,495416.22617561574,6080355.553315051,5.588093123831683e-05
74956526397645981,Kauno m.,71.5,1972.0,1,ambiguous,citywide,38022,31063.0,507737BF-5276-4B52-98CF-B6E95E2A4259,71.49969999153838,Vilijampolės sen.,490068.2682121225,6086529.338065895,4.195931342820813e-06
74584363694339281,Kauno m.,24.41,1924.0,1,ambiguous,citywide,17844,52010.0,01a05357-bc0e-4e02-a4b9-f75478864921,24.41152724999729,Aleksoto sen.,492117.2660499997,6084040.6913,6.256461376041855e-05
65020763036683624,Panemunės sen.,292.0,2015.0,1,ambiguous,district,2647,64088.0,e38d6504-29da-4885-a390-b37608b7221d,291.9595836625355,Panemunės sen.,498268.8325658558,6080404.081864834,0.00013842169444533425
74439986864359112,Kauno m.,8.0,1970.0,1,ambiguous,citywide,3969,3192.0,1E9685FE-87AF-4400-866F-38F9F4075B25,12.001999996529893,Šilainių sen.,492618.23000000004,6090486.250000001,0.40563176059835815
74185969989331191,Vilijampolės sen.,146.0,1993.0,2,ambiguous,district,3894,22141.0,777A5BB9-A5EB-4575-90FC-06F3AF98958A,145.9329264374604,Vilijampolės sen.,494043.2412179745,6087351.7991159605,0.0004595135227694058
7445312052957162,Kauno m.,23.0,1980.0,1,ambiguous,citywide,17115,23510.0,B614982E-50C9-49D2-BD1F-20276B84190F,23.003700001622736,Vilijampolės sen.,493912.0850999998,6087234.5699,0.0001608566976387671
74234864880532561,Kauno m.,11.0,1935.0,0,ambiguous,citywide,7571,3192.0,1E9685FE-87AF-4400-866F-38F9F4075B25,12.001999996529893,Šilainių sen.,492618.23000000004,6090486.250000001,0.08717802947982323
74228495515768544,Panemunės sen.,34.0,1977.0,1,ambiguous,district,2497,4002.0,93D3FD83-062C-42FB-ABB3-B7AEFE20F034,33.97110000104047,Panemunės sen.,498996.3533261803,6080199.459891114,0.0008503614242112434
74882172989506252,Kauno m.,53.0,1992.0,1,ambiguous,citywide,31970,24762.0,AF857F01-A02A-405E-BE3C-A6626B3D8168,52.99909993728964,Žaliakalnio sen.,495607.0272298793,6086424.393855643,1.6982459491110546e-05
65342418884976633,Panemunės sen.,83.0,2017.0,1,ambiguous,district,4990,38868.0,7D071E9F-749E-432D-8E44-DD37DB679397,83.00642798505487,Panemunės sen.,498168.98822692793,6081427.096556457,7.744260431419292e-05
74444484338861652,Vilijampolės sen.,24.0,1954.0,1,ambiguous,district,2096,55868.0,1b76aeab-7b08-4abd-8ed0-98000da9e43f,24.02002300039078,Vilijampolės sen.,492648.24967860273,6085679.234420062,0.0008339438550892808
74160253020473299,Kauno m.,10.0,2001.0,1,ambiguous,citywide,6494,3192.0,1E9685FE-87AF-4400-866F-38F9F4075B25,12.001999996529893,Šilainių sen.,492618.23000000004,6090486.250000001,0.182488209284148
75471053405477939,Dainavos sen.,522.0,1975.0,2,ambiguous,district,583,8776.0,6B9C56E1-3BF2-45E0-9E14-439B0AFC05F2,522.4826073259746,Dainavos sen.,497955.2393705855,6086924.114221542,0.0009241079878856695
75602418771264487,Šančių sen.,80.0,1961.0,1,ambiguous,district,3574,33760.0,48ECFD39-DED4-46A2-B84F-62D086379A70,79.97560000310708,Šančių sen.,496800.3841970748,6083460.520683934,0.00030504648310891724
64901000124094652,Aleksoto sen.,109.0,2020.0,2,ambiguous,district,8083,3033.0,611B1091-203B-4F36-8356-4FB793AC3A21,108.99669999884367,Aleksoto sen.,493951.32500000024,6079856.45,3.0275698270187945e-05
74622591847061298,Kauno m.,30.5,1932.0,1,ambiguous,citywide,20768,29936.0,45939895-8C1B-4565-BECF-66DA04AF4748,30.49730853617119,Šilainių sen.,492208.98404999997,6086695.428499999,8.824860949285807e-05
7561604012489373,Vilijampolės sen.,134.0,1958.0,1,ambiguous,district,4106,8874.0,C043916F-7B1B-439E-AE70-43917247A7C8,133.98125001070554,Vilijampolės sen.,490766.09372059145,6086079.037951272,0.00013993508369924967
75583266372808489,Vilijampolės sen.,371.0,1964.0,2,ambiguous,district,1010,18256.0,F7446D5A-6E5C-42CE-98D9-231CD6C85E47,370.8455302216689,Vilijampolės sen.,493556.73685480916,6086271.657290549,0.00041644729062984
74408174955037876,Kauno m.,5.0,1983.0,1,ambiguous,citywide,345,3192.0,1E9685FE-87AF-4400-866F-38F9F4075B25,12.001999996529893,Šilainių sen.,492618.23000000004,6090486.250000001,0.8756353898440936
74433127555267667,Kauno m.,46.0,1960.0,1,ambiguous,citywide,28608,21498.0,670D33CE-01EF-4EA9-B08C-9EF33B7C05F2,46.00600000535231,Šilainių sen.,486785.7866999997,6088022.945,0.00013042639307148107
74870215321042391,Kauno m.,206.0,1998.0,2,ambiguous,citywide,29091,52231.0,b172a5cb-e900-483f-93c7-cbbc5b766411,205.99237666784035,Šilainių sen.,494223.74642320396,6090661.421655412,3.700715155119383e-05
75013461914557988,Kauno m.,21.0,1976.0,1,ambiguous,citywide,15889,28359.0,7954F990-38CB-4317-9E88-38DC85F535ED,21.000499999102203,Vilijampolės sen.,492868.10720000026,6086517.1454,2.3809197616131428e-05
74453075208272101,Kauno m.,10.0,1969.0,1,ambiguous,citywide,6494,3192.0,1E9685FE-87AF-4400-866F-38F9F4075B25,12.001999996529893,Šilainių sen.,492618.23000000004,6090486.250000001,0.182488209284148
74127929468551554,Kauno m.,23.0,2002.0,1,ambiguous,citywide,17115,23510.0,B614982E-50C9-49D2-BD1F-20276B84190F,23.003700001622736,Vilijampolės sen.,493912.0850999998,6087234.5699,0.0001608566976387671
64918617239675014,Kauno m.,254.0,2023.0,1,ambiguous,citywide,22600,63209.0,2445ce0d-5dfe-4d83-98c4-f36662b44cf2,253.98964792018862,Centro sen.,494782.7180776584,6084606.178594253,4.075705028672161e-05
65162036803173895,Šilainių sen.,152.0,2012.0,2,ambiguous,district,6764,60538.0,8cc70905-f777-4d56-8603-da49abc40530,152.01596744693106,Šilainių sen.,489487.268343476,6088541.676850977,0.00010504347570794437
65089846503525825,Petrašiūnų sen.,56.0,2013.0,1,ambiguous,district,3638,50320.0,23474d0c-167b-4116-a6a9-cb6f9bfa6465,56.017017282032896,Petrašiūnų sen.,501184.7098328033,6084529.382430511,0.0003038338741143676
65348683422947501,Panemunės sen.,153.0,2009.0,1,ambiguous,district,4970,65684.0,e63aabce-44c1-4e73-b712-9bcef8304642,152.99983070189063,Panemunės sen.,500380.4153334387,6080451.979982716,1.1065242029317801e-06
7498922601567648,Kauno m.,29.0,1996.0,1,ambiguous,citywide,20122,61155.0,bae057a1-5e7d-4f8f-b6b2-7c2cf51afab8,28.999892065010798,Šilainių sen.,494649.80932389677,6090974.922940333,3.721903105713409e-06
74280645462849251,Kauno m.,24.0,1939.0,1,ambiguous,citywide,17670,12815.0,E8EABD14-F888-422C-ABA7-C5C8CCEC5C25,24.000599999125676,Šančių sen.,496818.5500000001,6081148.900000001,2.4999651075940932e-05
74465166752557974,Kauno m.,23.0,1985.0,1,ambiguous,citywide,17115,23510.0,B614982E-50C9-49D2-BD1F-20276B84190F,23.003700001622736,Vilijampolės sen.,493912.0850999998,6087234.5699,0.0001608566976387671
74438417358628897,Kauno m.,41.0,1979.0,1,ambiguous,citywide,26058,61044.0,9f1bcbe7-7777-4a80-b47c-63f8305ae147,40.99718746622927,Šilainių sen.,489915.4371500001,6087957.446799999,6.86007376287101e-05
745561703323111,Kauno m.,19.6,1988.0,1,ambiguous,citywide,14849,18161.0,61B713EA-AE1C-4E23-B7E5-805911FBD32D,19.599843600441538,Gričiupio sen.,496788.1164327962,6086044.567164936,7.97960114651275e-06
75218415362338961,Aleksoto sen.,88.0,1963.0,1,ambiguous,district,8072,45945.0,7408484E-4DF3-481F-8B85-2E45FC80446A,87.993479118974,Aleksoto sen.,492642.6684034745,6080529.915020978,7.410366635962617e-05
64914264432763449,Žaliakalnio sen.,133.0,2006.0,1,ambiguous,district,4490,4955.0,FE22565D-20A3-466E-AB44-0524EB85A450,133.03229999221375,Žaliakalnio sen.,495483.23499999987,6086921.829999999,0.00024282759930560616
74457958772843405,Kauno m.,17.0,1960.0,0,ambiguous,citywide,12896,7495.0,20E3F8ED-B037-4A40-9933-B4B5DFBA6909,17.000950002374314,Aleksoto sen.,495416.22617561574,6080355.553315051,5.588093123831683e-05
75692104472339039,Šilainių sen.,127.0,1921.0,1,ambiguous,district,7211,60953.0,c793dae6-8850-4cd6-9eea-e92425f21418,126.99693337398688,Šilainių sen.,489605.09373538237,6087120.620181742,2.41469530557481e-05
74574341261084698,Kauno m.,76.0,1985.0,1,ambiguous,citywide,39026,28941.0,9BB17511-E837-4258-957B-9FEA8C0AE828,76.00019999650326,Petrašiūnų sen.,500716.9141108777,6085159.363760909,2.6315294752166096e-06
74481289250538124,Kauno m.,28.0,1988.0,1,ambiguous,citywide,19655,64435.0,b8b3c45b-50c8-439c-a780-10936b21dc7b,27.999818957143066,Eigulių sen.,496841.2465692256,6087032.037176935,6.465837222524584e-06
74458994533711534,Kauno m.,42.0,1962.0,1,ambiguous,citywide,26550,6596.0,DBE3FC5B-9F53-4252-8AFB-10AB81624EF3,42.000799998725576,Aleksoto sen.,490622.12500000006,6080355.694999998,1.9047407301187036e-05
74247215486017079,Petrašiūnų sen.,37.0,1985.0,1,ambiguous,district,3317,26769.0,27A1C477-AE36-4419-B471-388351DB8B67,37.009181649633234,Petrašiūnų sen.,504880.2361951856,6086696.615989485,0.0002481219080037178
74956213255647178,Kauno m.,58.94,1980.0,1,ambiguous,citywide,34178,64659.0,124e2390-9f01-41ea-9d03-c44464d7d31a,58.93662829356974,Šilainių sen.,489544.7028938819,6088312.325524093,5.720737825587463e-05
74558496163756482,Kauno m.,25.0,1937.0,1,ambiguous,citywide,18210,29207.0,0A56472F-66B2-41A7-B47B-01701314B5D5,25.00039999837093,Gričiupio sen.,497989.3960000001,6085158.809300002,1.5999806839861463e-05
64860975610940508,Kauno m.,113.0,2021.0,2,ambiguous,citywide,40458,28383.0,5005B8C4-ECA5-47E5-8FF8-3B854CBD439A,113.00140475214393,Vilijampolės sen.,492602.57995507575,6086460.344617892,1.2431357632181061e-05
85415642673327366,Aleksoto sen.,153.0,2010.0,1,ambiguous,district,7261,62512.0,957e124c-f5b2-4bf8-b6fb-6b2c66627ec6,153.03387515862977,Aleksoto sen.,493446.8861865683,6082873.783274666,0.00022138175880392907
74407583944752068,Kauno m.,43.0,1987.0,1,ambiguous,citywide,27002,35176.0,D2DFDF38-46A4-464C-9014-D1132BA28EBA,43.00166006778807,Petrašiūnų sen.,501204.9332000003,6084448.050349999,3.860548242862194e-05
74301623231110475,Kauno m.,5.0,1971.0,0,ambiguous,citywide,345,3192.0,1E9685FE-87AF-4400-866F-38F9F4075B25,12.001999996529893,Šilainių sen.,492618.23000000004,6090486.250000001,0.8756353898440936
64762633831421348,Kauno m.,114.0,2023.0,1,ambiguous,citywide,40400,23419.0,2F1EF9E1-3F75-4C11-A837-64C07AD362F6,113.99804799935723,Petrašiūnų sen.,500230.7305125479,6086676.85942219,1.7122959253157433e-05
74508252750601162,Petrašiūnų sen.,41.0,2000.0,1,ambiguous,district,3428,20050.0,0BC426CB-9074-4FC7-9C22-D4E4E30241EC,41.0112540864619,Petrašiūnų sen.,500546.5311967136,6084397.565267948,0.0002744522482407419
74277316638809363,Kauno m.,21.0,1939.0,1,ambiguous,citywide,15889,28359.0,7954F990-38CB-4317-9E88-38DC85F535ED,21.000499999102203,Vilijampolės sen.,492868.10720000026,6086517.1454,2.3809197616131428e-05
65088772824911989,Petrašiūnų sen.,2342.0,2014.0,1,ambiguous,district,324,15345.0,27B35A7E-9169-4978-838D-4336BA602EAE,2338.925200070082,Petrašiūnų sen.,500067.0300816091,6085047.939786647,0.001313757533283777
75154251668970551,Šilainių sen.,152.0,1992.0,1,ambiguous,district,6764,60538.0,8cc70905-f777-4d56-8603-da49abc40530,152.01596744693106,Šilainių sen.,489487.268343476,6088541.676850977,0.00010504347570794437
7451803742411299,Kauno m.,18.0,1964.0,1,ambiguous,citywide,13645,12810.0,E5470CB3-C0D5-46A3-9ABF-28319CADAD23,18.000599997430665,Panemunės sen.,499372.8338694433,6080718.06656832,3.333263505433948e-05
75611143584179752,Eigulių sen.,99.0,1959.0,1,ambiguous,district,781,8172.0,801543EE-7D33-4B1C-BFA1-9CACD66D3845,99.00499999496154,Eigulių sen.,498234.8249999999,6088169.610000001,5.0503724277284334e-05
74183952054920316,Šilainių sen.,376.0,2001.0,2,ambiguous,district,2268,24189.0,D0F91F28-E4C1-400E-BFA2-29D128152CD2,375.8967491801073,Šilainių sen.,490468.34487514343,6088630.497793839,0.0002746409547702555
74545088391250763,Kauno m.,14.0,1979.0,1,ambiguous,citywide,10423,38523.0,CFB723D0-EC6D-4CE0-93F1-DCBE2FE943A2,13.998468149964506,Gričiupio sen.,498218.1656500003,6085042.26175,0.00010942384624845758
64924947580682277,Dainavos sen.,115.0,2019.0,2,ambiguous,district,486,37913.0,1B1759D8-0A86-4CA0-909D-C01D8B50D621,114.99013537177144,Dainavos sen.,497929.69675311254,6087468.1827339325,8.578305516149243e-05
64904691973294418,Kauno m.,26.0,1982.0,1,ambiguous,citywide,18729,30248.0,0E85D2CF-C288-45B7-B007-683BF429F192,25.999763854411132,Vilijampolės sen.,492539.84290740883,6085427.240912551,9.0825638952019e-06
74457061308652872,Kauno m.,41.0,1950.0,1,ambiguous,citywide,26058,61044.0,9f1bcbe7-7777-4a80-b47c-63f8305ae147,40.99718746622927,Šilainių sen.,489915.4371500001,6087957.446799999,6.86007376287101e-05
75602515396222522,Aleksoto sen.,93.0,1961.0,1,ambiguous,district,8132,38355.0,B83FA852-A8A2-4333-85E2-963854C6A441,92.99477899409534,Aleksoto sen.,491491.75716653577,6081516.157175087,5.6141424337852186e-05
64715615042736194,Kauno m.,1758.0,2009.0,1,ambiguous,citywide,1759,15918.0,497E157D-13B7-4CD9-BD93-E1E9D6839FB3,1756.7440000093393,Dainavos sen.,499765.0926804958,6087288.9352570465,0.0007147035710826088
7565202340566532,Žaliakalnio sen.,127.0,1937.0,1,ambiguous,district,4535,8464.0,8E2E42B7-7D16-477E-ABE5-DD32B4731357,126.99879998900816,Žaliakalnio sen.,494597.6000000001,6086018.890000001,9.448950089030461e-06
74412405999441933,Petrašiūnų sen.,36.0,1972.0,1,ambiguous,district,3286,20663.0,79184C13-2A6C-4CCF-83BF-C42744C9A6A5,35.99260000334829,Petrašiūnų sen.,502604.09419999976,6085616.242300001,0.0002055765919672936
75631490509835489,Vilijampolės sen.,38.0,1980.0,1,ambiguous,district,3072,47285.0,e8a10eaa-5c92-49ae-9103-251bf906b46a,38.00377657364652,Vilijampolės sen.,493546.3028499998,6086931.695050001,9.937857879904755e-05
64781743129334657,Kauno m.,207.0,2023.0,1,ambiguous,citywide,28948,65662.0,cd70edb8-dc12-4280-be4a-0c5dd927ecba,207.00038533371128,Aleksoto sen.,493572.88842020574,6080285.245839828,1.861513781342694e-06
74275631394110281,Kauno m.,26.0,1958.0,1,ambiguous,citywide,18729,30248.0,0E85D2CF-C288-45B7-B007-683BF429F192,25.999763854411132,Vilijampolės sen.,492539.84290740883,6085427.240912551,9.0825638952019e-06
74718483525825413,Kauno m.,38.0,1983.0,1,ambiguous,citywide,24483,47285.0,e8a10eaa-5c92-49ae-9103-251bf906b46a,38.00377657364652,Vilijampolės sen.,493546.3028499998,6086931.695050001,9.937857879904755e-05
75509699069350844,Kauno m.,704.0,1974.0,1,ambiguous,citywide,5090,1813.0,1A42683A-07A8-42B3-A01F-F486F9A74CF5,703.7351706788359,Vilijampolės sen.,492923.56448467576,6085452.418168006,0.00037624878571485
74469794625320704,Kauno m.,24.0,1992.0,1,ambiguous,citywide,17670,12815.0,E8EABD14-F888-422C-ABA7-C5C8CCEC5C25,24.000599999125676,Šančių sen.,496818.5500000001,6081148.900000001,2.4999651075940932e-05
75539295892133457,Žaliakalnio sen.,22.0,1968.0,1,ambiguous,district,1571,1885.0,F8D5039D-F680-4000-8D17-F252286B2208,22.001560738774398,Žaliakalnio sen.,494674.3007895962,6085548.794893339,7.094015525099806e-05
74407702920693986,Kauno m.,20.0,1951.0,1,ambiguous,citywide,15162,42659.0,62E3BCEC-CF1A-411E-BD41-7C2CD1C41A70,20.000999999978582,Aleksoto sen.,493055.17640744965,6080852.427823423,4.9998748970825346e-05
74315342281558741,Kauno m.,21.0,1979.0,1,ambiguous,citywide,15889,28359.0,7954F990-38CB-4317-9E88-38DC85F535ED,21.000499999102203,Vilijampolės sen.,492868.10720000026,6086517.1454,2.3809197616131428e-05
74255641191331004,Vilijampolės sen.,16.0,1924.0,1,ambiguous,district,1447,15537.0,23DACAD4-D679-4AFE-8F42-D7DCC09F7CB1,16.00640000079423,Vilijampolės sen.,493966.12000000017,6087761.839999999,0.00039992007094635795
75410263539195985,Kauno m.,63.0,1982.0,1,ambiguous,citywide,35632,66119.0,f09ffdff-214b-4829-8cd2-c151a289cb32,63.00000373683122,Šilainių sen.,493820.5972292782,6089326.045856123,5.931477975451571e-08
74320351842667026,Kauno m.,20.0,1962.0,1,ambiguous,citywide,15162,42659.0,62E3BCEC-CF1A-411E-BD41-7C2CD1C41A70,20.000999999978582,Aleksoto sen.,493055.17640744965,6080852.427823423,4.9998748970825346e-05
74453528442070163,Kauno m.,24.0,1964.0,1,ambiguous,citywide,17670,12815.0,E8EABD14-F888-422C-ABA7-C5C8CCEC5C25,24.000599999125676,Šančių sen.,496818.5500000001,6081148.900000001,2.4999651075940932e-05
64781192353496886,Kauno m.,138.0,1991.0,2,ambiguous,citywide,38414,30606.0,FE8E5597-C399-4227-963B-C765E631247A,137.99989187637405,Žaliakalnio sen.,494873.5292669438,6086490.138844004,7.835048432269787e-07
74882253248055045,Kauno m.,26.0,1968.0,1,ambiguous,citywide,18729,30248.0,0E85D2CF-C288-45B7-B007-683BF429F192,25.999763854411132,Vilijampolės sen.,492539.84290740883,6085427.240912551,9.0825638952019e-06
64862758341550517,Kauno m.,168.0,2021.0,1,ambiguous,citywide,34505,28627.0,12863140-1929-40AB-BF11-8F4266B236FC,168.00000000324567,Šilainių sen.,492124.72583082394,6086548.739690439,1.9319656985317124e-11
74575175603678115,Kauno m.,528.0,1984.0,1,ambiguous,citywide,6788,10742.0,000E4443-DACE-4F5C-9E53-22496BE3FF22,527.9482923735543,Centro sen.,495121.57197764126,6084014.0203828,9.793590625672977e-05
7499701868459685,Kauno m.,20.0,1931.0,1,ambiguous,citywide,15162,42659.0,62E3BCEC-CF1A-411E-BD41-7C2CD1C41A70,20.000999999978582,Aleksoto sen.,493055.17640744965,6080852.427823423,4.9998748970825346e-05
7476621707133943,Kauno m.,31.0,1973.0,1,ambiguous,citywide,21068,37956.0,D74F9B33-AA42-4A40-9357-73300279589E,31.000705796529928,Vilijampolės sen.,491720.46673969046,6086516.7864471385,2.2767370819298804e-05
74951527550131472,Kauno m.,24.0,1956.0,1,ambiguous,citywide,17670,12815.0,E8EABD14-F888-422C-ABA7-C5C8CCEC5C25,24.000599999125676,Šančių sen.,496818.5500000001,6081148.900000001,2.4999651075940932e-05
87378056285696892,Šilainių sen.,224.0,2007.0,1,ambiguous,district,4992,2040.0,742B641F-6D20-49D7-A2C9-5D7D2C57DC63,223.9997783113541,Šilainių sen.,493270.25575787487,6087961.285927679,9.896819443966365e-07
75635696788368748,Aleksoto sen.,324.0,1949.0,1,ambiguous,district,2544,53420.0,32fd9ab4-479a-469c-8e26-442aa6d966ee,323.5384213688254,Aleksoto sen.,494754.2761728058,6079960.943133843,0.0014256411484492304
74285204159249857,Kauno m.,10.0,1937.0,1,ambiguous,citywide,6494,3192.0,1E9685FE-87AF-4400-866F-38F9F4075B25,12.001999996529893,Šilainių sen.,492618.23000000004,6090486.250000001,0.182488209284148
75028607185247065,Kauno m.,27.0,1977.0,1,ambiguous,citywide,19219,8089.0,00F782A1-B0D3-4C33-BBDC-F90B7180B226,26.998350001438148,Panemunės sen.,496870.9255026141,6077850.352718684,6.111292520305511e-05
74217859784489248,Petrašiūnų sen.,98.0,2001.0,2,ambiguous,district,3505,8298.0,5936AC59-29CE-43DF-A1D0-B6B7CDF52B28,97.9781500014238,Petrašiūnų sen.,501478.8624632161,6082233.776220437,0.00022298402823572872
75602998551637782,Žaliakalnio sen.,96.0,1960.0,2,ambiguous,district,4699,2265.0,18F44E0A-DBEA-476D-8F08-C6E82718B8A7,95.9992499995539,Žaliakalnio sen.,494485.3152499646,6085539.121074682,7.812535164575252e-06
74524832832716742,Kauno m.,42.0,1958.0,1,ambiguous,citywide,26550,6596.0,DBE3FC5B-9F53-4252-8AFB-10AB81624EF3,42.000799998725576,Aleksoto sen.,490622.12500000006,6080355.694999998,1.9047407301187036e-05
75602840884786332,Žaliakalnio sen.,82.0,1960.0,1,ambiguous,district,4602,12197.0,3BD00194-1743-4E0A-BF60-8963806C4F5B,81.97630000471958,Žaliakalnio sen.,494401.7050000002,6086334.680000002,0.00028906610827039714
64816686925593864,Kauno m.,43.0,2026.0,2,ambiguous,citywide,27002,35176.0,D2DFDF38-46A4-464C-9014-D1132BA28EBA,43.00166006778807,Petrašiūnų sen.,501204.9332000003,6084448.050349999,3.860548242862194e-05
75542830824492146,Šilainių sen.,95.0,1968.0,2,ambiguous,district,7356,48531.0,139A8A6B-2DA8-4F0E-A663-EF46A4DD80E4,94.97910681352121,Šilainių sen.,492412.0470237624,6090148.5533655705,0.00021995246649453293
75632463012156315,Kauno m.,23.0,1986.0,1,ambiguous,citywide,17115,23510.0,B614982E-50C9-49D2-BD1F-20276B84190F,23.003700001622736,Vilijampolės sen.,493912.0850999998,6087234.5699,0.0001608566976387671
74553237038418943,Kauno m.,20.0,1984.0,1,ambiguous,citywide,15162,42659.0,62E3BCEC-CF1A-411E-BD41-7C2CD1C41A70,20.000999999978582,Aleksoto sen.,493055.17640744965,6080852.427823423,4.9998748970825346e-05
64778212255077877,Kauno m.,229.0,2023.0,1,ambiguous,citywide,25850,12236.0,1AAB98A6-B9E3-4AD4-9269-DB486A5B5E2A,228.99675000926294,Eigulių sen.,494930.39410908753,6090054.826480964,1.4192199997431487e-05
7455228589667362,Petrašiūnų sen.,23.92,1988.0,1,ambiguous,district,2938,23600.0,0E6B8F76-30B9-43D0-B472-E2C617FADDC5,23.919678687971384,Petrašiūnų sen.,502899.9069501697,6085469.828386811,1.3432867336682364e-05
7522898627661824,Panemunės sen.,104.0,1956.0,1,ambiguous,district,5336,30715.0,EE919BC9-F4DE-4874-B743-426192BD69F4,104.00179999678097,Panemunės sen.,501170.6449,6079365.0031,1.7307511579467416e-05
74449342714475036,Kauno m.,24.0,1920.0,1,ambiguous,citywide,17670,12815.0,E8EABD14-F888-422C-ABA7-C5C8CCEC5C25,24.000599999125676,Šančių sen.,496818.5500000001,6081148.900000001,2.4999651075940932e-05
74412238085967974,Kauno m.,24.0,1980.0,1,ambiguous,citywide,17670,12815.0,E8EABD14-F888-422C-ABA7-C5C8CCEC5C25,24.000599999125676,Šančių sen.,496818.5500000001,6081148.900000001,2.4999651075940932e-05
75625245829346668,Žaliakalnio sen.,132.0,1979.0,2,ambiguous,district,4495,21077.0,4BFFEDBD-8F71-4F84-A2FA-4726B0386EAA,132.00600940880824,Žaliakalnio sen.,495860.2625732275,6085652.307997712,4.552478803621085e-05
75609696781719068,Vilijampolės sen.,12156.0,1970.0,1,ambiguous,district,9,2490.0,504A4690-B9A6-4B3A-9E23-C7D98D9095C1,12238.494800061588,Vilijampolės sen.,490450.37999999995,6086227.670000001,0.006763420616550775
65210963837080457,Šilainių sen.,214.0,2016.0,1,ambiguous,district,5264,52830.0,d20d7631-6b10-4950-b575-bf30c6b7c4e9,214.00253472135577,Šilainių sen.,490597.8663715525,6088346.767754277,1.1844422171947144e-05
65315039269516234,Panemunės sen.,192.0,2018.0,2,ambiguous,district,4355,9811.0,8D269CE9-B154-477B-9134-879F216FEB2B,191.9802000059422,Panemunės sen.,499840.52593984094,6081033.768049244,0.00010313028679576064
65098496249139659,Petrašiūnų sen.,41.0,1917.0,1,ambiguous,district,3428,20050.0,0BC426CB-9074-4FC7-9C22-D4E4E30241EC,41.0112540864619,Petrašiūnų sen.,500546.5311967136,6084397.565267948,0.0002744522482407419
75579973289202559,Kauno m.,43.43,1964.0,1,ambiguous,citywide,27227,57164.0,0fd1e700-6a97-445a-8e8b-8fe47fd1e76d,43.42969036189056,Dainavos sen.,497986.24060000025,6087445.4202,7.129615778200815e-06
64915149941088823,Šilainių sen.,199.0,2017.0,1,ambiguous,district,5617,21155.0,430A2AC9-6E7B-4746-AE4B-475EF7E9C374,198.96325001222732,Šilainių sen.,493196.9675359349,6089736.775253683,0.0001846903596049998
74886428669910673,Kauno m.,20.0,1988.0,0,ambiguous,citywide,15162,42659.0,62E3BCEC-CF1A-411E-BD41-7C2CD1C41A70,20.000999999978582,Aleksoto sen.,493055.17640744965,6080852.427823423,4.9998748970825346e-05
74731726700364834,Kauno m.,35.0,1927.0,1,ambiguous,citywide,23010,43237.0,03C2C4FA-968F-486F-AF14-6AFEC83AE024,35.00125000765081,Žaliakalnio sen.,494072.2256530612,6085760.255303067,3.57138665614265e-05
75682292562019679,Šančių sen.,130.0,1928.0,1,ambiguous,district,3233,5393.0,46A9DD9D-8D24-4404-96A1-D5D13FCBBE9B,129.98719999524502,Šančių sen.,495631.3900000002,6082043.440000001,9.846642269728534e-05
74447799422456412,Kauno m.,27.0,1978.0,1,ambiguous,citywide,19219,8089.0,00F782A1-B0D3-4C33-BBDC-F90B7180B226,26.998350001438148,Panemunės sen.,496870.9255026141,6077850.352718684,6.111292520305511e-05
7458960280856157,Kauno m.,109.0,1993.0,2,ambiguous,citywide,40707,64096.0,e924747f-7cb6-4933-a15a-7dc2c2e86eda,108.9995183724897,Šilainių sen.,488299.61125677143,6088537.493568262,4.418610773271325e-06
75337018388399707,Aleksoto sen.,318.0,2006.0,1,ambiguous,district,2657,42585.0,B19B9CF4-EC4C-4D45-A558-FC227E69C9A3,317.50340236267346,Aleksoto sen.,492902.27448896726,6080985.3330908455,0.0015628484019387656
74449545508247061,Kauno m.,20.0,1968.0,1,ambiguous,citywide,15162,42659.0,62E3BCEC-CF1A-411E-BD41-7C2CD1C41A70,20.000999999978582,Aleksoto sen.,493055.17640744965,6080852.427823423,4.9998748970825346e-05
7568051530079116,Vilijampolės sen.,41.08,1930.0,1,ambiguous,district,3287,23900.0,4541F637-7B46-46FA-BE17-E95E61BCC605,41.051560292716445,Vilijampolės sen.,493593.4776000004,6087081.749850001,0.0006925403174822264
7459087086823675,Kauno m.,22.75,1983.0,1,ambiguous,citywide,16970,11690.0,F41DF16B-4F8A-4D41-BA6E-237DE98CF68F,22.749473272980318,Šančių sen.,495691.4156,6081531.114700001,2.3153104061091057e-05
75404623378608981,Eigulių sen.,905.0,1983.0,9,ambiguous,district,515,15666.0,BBAA4214-A22B-4B82-89EB-1E20F8B3B831,896.7552723918814,Eigulių sen.,497744.27482911904,6088542.886573709,0.009151947860289056
65230308800084638,Šilainių sen.,160.0,2019.0,1,ambiguous,district,6605,1256.0,99649F90-1717-47E6-84BF-1A529C813E3A,160.01490001099873,Šilainių sen.,488032.60462489765,6088160.110148086,9.312073287226497e-05
75648844864503101,Vilijampolės sen.,90.0,1938.0,1,ambiguous,district,4538,3284.0,470C9599-12F0-4754-95DC-E52DCB0FEB11,90.00124999977648,Vilijampolės sen.,492912.0048790359,6085916.990122299,1.3888789955451841e-05
74454760289198618,Kauno m.,23.0,1992.0,1,ambiguous,citywide,17115,23510.0,B614982E-50C9-49D2-BD1F-20276B84190F,23.003700001622736,Vilijampolės sen.,493912.0850999998,6087234.5699,0.0001608566976387671
74434754063291475,Kauno m.,54.0,1978.0,1,ambiguous,citywide,32384,64832.0,4642f846-cacf-42bb-894d-9ce6b0d54941,54.00028103423108,Šilainių sen.,487337.325919872,6089093.208240566,5.204324069918442e-06
75011990370069476,Kauno m.,19.0,1948.0,1,ambiguous,citywide,14402,25601.0,06EC2A22-2355-40BE-BB99-EE0F7A2F6ECF,19.0,Petrašiūnų sen.,501135.92420000024,6084766.5735,0.0
75520787887964097,Dainavos sen.,1104.0,1970.0,5,ambiguous,district,439,2951.0,889B84DB-8678-4F0E-8B7B-133354EA7A3F,1104.019049985849,Dainavos sen.,498483.0392519104,6086532.702525658,1.72552730921538e-05
75712869790910478,Kauno m.,459.0,1991.0,1,ambiguous,citywide,8370,29295.0,937BBFD0-EBEF-4A69-B923-01521E96358E,458.98207329455266,Petrašiūnų sen.,499189.89776223653,6086284.784883105,3.905676585880258e-05
74545814660595483,Kauno m.,63.0,1993.0,1,ambiguous,citywide,35632,66119.0,f09ffdff-214b-4829-8cd2-c151a289cb32,63.00000373683122,Šilainių sen.,493820.5972292782,6089326.045856123,5.931477975451571e-08
64788442107586802,Kauno m.,61.0,1968.0,2,ambiguous,citywide,34912,33464.0,FE05B47A-57AB-4A9A-B385-3574C4CABA1E,61.000800010134284,Panemunės sen.,501418.4887999999,6078938.8431,1.3114834234606576e-05
75673087760565597,Žaliakalnio sen.,176.0,1937.0,2,ambiguous,district,3850,23008.0,EBA3B24F-1464-46A7-8573-CE3F3919BDEE,175.97799122067335,Žaliakalnio sen.,495558.6155972823,6086438.53383036,0.00012505770192561272
64931616941440909,Petrašiūnų sen.,200.0,2017.0,2,ambiguous,district,2281,20684.0,8B0CEFC0-ACAA-4BC4-B4BB-DD9E557E8B3F,199.98104999360146,Petrašiūnų sen.,500003.5391063431,6084265.680530803,9.475452106055826e-05
75336677755743806,Vilijampolės sen.,132.0,1994.0,2,ambiguous,district,4137,55931.0,3ae832a2-a49a-4a85-afdd-f067f758f732,131.99690565449498,Vilijampolės sen.,492488.8211493341,6085450.442328282,2.3442286170016757e-05
74884676863945912,Kauno m.,22.0,1964.0,1,ambiguous,citywide,16561,54794.0,602187e6-288e-4b60-a8c1-e118443d91d0,21.998916665486203,Vilijampolės sen.,491043.35404556396,6086148.481079037,4.9243690350753155e-05
74619733186988724,Kauno m.,70.0,1981.0,1,ambiguous,citywide,37634,38532.0,F1C8B1B8-FBF8-48C0-B665-8610526B2072,70.00159998517167,Aleksoto sen.,493028.32152390364,6081648.667151224,2.2856669807502783e-05
74622180430980831,Kauno m.,12.19,1956.0,1,ambiguous,citywide,8776,10775.0,821D327C-609D-4C54-85A6-3FF38299A9F5,12.189999997764826,Šilainių sen.,494586.8676999998,6090745.6355,1.833613261226219e-10
75619379710676629,Žaliakalnio sen.,102.0,1957.0,2,ambiguous,district,4682,45871.0,CC89E949-D546-475F-8245-072149BC2DB2,102.00858494667509,Žaliakalnio sen.,493770.6939566832,6085271.4937755065,8.416260210264426e-05
65120996666173062,Panemunės sen.,180.0,2015.0,2,ambiguous,district,4555,41118.0,34FF2789-24C3-40FB-A1C6-34135A03CF11,179.9288109196786,Panemunės sen.,496260.8037367916,6079368.072469684,0.0003955731194054124
64818828425447048,Kauno m.,68.0,2021.0,1,ambiguous,citywide,37079,63830.0,d7dc1133-9057-4518-8557-59aacb1dd84b,67.99994953840422,Žaliakalnio sen.,494518.17389460985,6086192.982883021,7.420825660631181e-07
64821613697367372,Kauno m.,164.0,2024.0,2,ambiguous,citywide,35120,50066.0,DD6973A7-979E-47BB-A770-612AAF490FBC,163.99815089737675,Aleksoto sen.,490520.18553945003,6084803.873631069,1.1275079558892287e-05
75445180548347784,Šančių sen.,623.0,1978.0,5,ambiguous,district,399,48699.0,FB092EA3-7102-4BDA-873B-920EF2B3080E,626.1083876055943,Šančių sen.,496393.7467229904,6081031.519467335,0.004976980465029257
74398484914862617,Kauno m.,15.0,1967.0,1,ambiguous,citywide,11269,32282.0,8B41C570-8FB4-453E-B4C6-A45E9968D4D0,15.000750000683592,Aleksoto sen.,491920.7975308333,6084434.660006409,4.999879561218279e-05
74980564310486483,Kauno m.,70.0,1966.0,1,ambiguous,citywide,37634,38532.0,F1C8B1B8-FBF8-48C0-B665-8610526B2072,70.00159998517167,Aleksoto sen.,493028.32152390364,6081648.667151224,2.2856669807502783e-05
75340265275530824,Šilainių sen.,106.0,1993.0,2,ambiguous,district,7436,66179.0,3d9e7c50-c8ae-45c4-9c0e-a965a6a8ae1d,105.98142020303392,Šilainių sen.,492490.30028145923,6090418.974365759,0.00017529646698122292
75662190525717279,Šilainių sen.,142.0,1934.0,1,ambiguous,district,6957,23877.0,81186557-6B25-46A0-B904-9CC8238D27E6,142.02255000183712,Šilainių sen.,491914.3807436603,6088140.196305324,0.00015879022200415704
74261383630822075,Kauno m.,20.0,1970.0,1,ambiguous,citywide,15162,42659.0,62E3BCEC-CF1A-411E-BD41-7C2CD1C41A70,20.000999999978582,Aleksoto sen.,493055.17640744965,6080852.427823423,4.9998748970825346e-05
74590094545306712,Kauno m.,29.03,1993.0,1,ambiguous,citywide,20133,61647.0,bc12409d-9231-43c5-81a1-419672da6974,29.034279352316695,Petrašiūnų sen.,499967.68153001386,6084740.560208639,0.000147400514470597
75602749338786301,Žaliakalnio sen.,62.0,1960.0,1,ambiguous,district,4019,55369.0,32c7f7aa-37e8-41ea-96cc-d680d2e67854,62.01146095425274,Žaliakalnio sen.,494236.5316479242,6085860.914894465,0.00018483701743665648
75689346311931097,Šančių sen.,202.0,1924.0,1,ambiguous,district,2271,42963.0,FEA6AE2E-7817-4F0E-B246-75E5D356D0CC,201.98869999862387,Šančių sen.,496607.57808694034,6081418.512431648,5.5942165605671335e-05
75695824395283259,Kauno m.,243.0,1967.0,1,ambiguous,citywide,23947,65457.0,ee84349b-831b-4a75-b75b-4878a6b1e3d1,242.9988202587306,Panemunės sen.,498437.04735000007,6078410.3513,4.854914128493704e-06
75024647053259674,Kauno m.,25.0,1925.0,1,ambiguous,citywide,18210,29207.0,0A56472F-66B2-41A7-B47B-01701314B5D5,25.00039999837093,Gričiupio sen.,497989.3960000001,6085158.809300002,1.5999806839861463e-05
74619309761745634,Kauno m.,25.0,1980.0,1,ambiguous,citywide,18210,29207.0,0A56472F-66B2-41A7-B47B-01701314B5D5,25.00039999837093,Gričiupio sen.,497989.3960000001,6085158.809300002,1.5999806839861463e-05
75359281962836658,Šilainių sen.,132.0,1991.0,2,ambiguous,district,7131,51781.0,6cb8967c-f8a3-47e2-863f-b858a5164878,131.97990748926404,Šilainių sen.,489397.16860896256,6088925.269946387,0.00015222757645361185
74442995815447457,Aleksoto sen.,931.0,1889.0,1,ambiguous,district,276,4082.0,ED5338A0-56D9-4786-A27F-D292A924C788,930.3479458621201,Aleksoto sen.,494556.0983410692,6082213.211320597,0.0007006257653250358
7422679132820198,Šilainių sen.,18.0,1973.0,1,ambiguous,district,1958,19966.0,2A2892E6-A003-446D-98FE-E8F69C7120BD,17.97605478625305,Šilainių sen.,494266.2495236736,6090375.280527156,0.0013311752733966564
74280370650025726,Kauno m.,18.0,1972.0,1,ambiguous,citywide,13645,12810.0,E5470CB3-C0D5-46A3-9ABF-28319CADAD23,18.000599997430665,Panemunės sen.,499372.8338694433,6080718.06656832,3.333263505433948e-05
74518927280327996,Kauno m.,2.0,1995.0,1,no_match,citywide,0,,,,,,,
74420451807873086,Kauno m.,23.0,1968.0,1,ambiguous,citywide,17115,23510.0,B614982E-50C9-49D2-BD1F-20276B84190F,23.003700001622736,Vilijampolės sen.,493912.0850999998,6087234.5699,0.0001608566976387671
74455416756818896,Kauno m.,54.0,1970.0,1,ambiguous,citywide,32384,64832.0,4642f846-cacf-42bb-894d-9ce6b0d54941,54.00028103423108,Šilainių sen.,487337.325919872,6089093.208240566,5.204324069918442e-06
74196231574609556,Žaliakalnio sen.,150.0,2001.0,1,ambiguous,district,4298,60398.0,ad5a7ae9-3d6f-48d7-a119-f3e7427a3892,150.0076631102808,Žaliakalnio sen.,495090.42123119126,6085175.745526345,5.1086096955366145e-05
75004945229650927,Kauno m.,7.64,1996.0,2,ambiguous,citywide,3404,3192.0,1E9685FE-87AF-4400-866F-38F9F4075B25,12.001999996529893,Šilainių sen.,492618.23000000004,6090486.250000001,0.451675699099765
74444429272308585,Kauno m.,28.0,1970.0,1,ambiguous,citywide,19655,64435.0,b8b3c45b-50c8-439c-a780-10936b21dc7b,27.999818957143066,Eigulių sen.,496841.2465692256,6087032.037176935,6.465837222524584e-06
81808068805283296,Aleksoto sen.,228.0,2015.0,1,ambiguous,district,4810,50661.0,06A09F45-C614-4E57-9B29-C3A261E5C693,227.97585767831387,Aleksoto sen.,490642.95175918983,6081175.511947158,0.00010589298228058652
74869280845548947,Aleksoto sen.,98.0,1960.0,1,ambiguous,district,8169,46635.0,884D9BC9-5734-4C93-9659-CB4F77250AB6,97.9866499953581,Aleksoto sen.,494464.0088896138,6080445.079939556,0.0001362338165673549
75460392809096638,Dainavos sen.,576.0,1976.0,9,ambiguous,district,596,13111.0,3504C82F-DC6A-45E9-A4EF-0708FFCA4CED,575.3986000004072,Dainavos sen.,498778.68999999994,6087677.955000001,0.0010446426707204637
74482574438610755,Kauno m.,22.0,1949.0,1,ambiguous,citywide,16561,54794.0,602187e6-288e-4b60-a8c1-e118443d91d0,21.998916665486203,Vilijampolės sen.,491043.35404556396,6086148.481079037,4.9243690350753155e-05
75006940755023413,Kauno m.,18.0,1965.0,1,ambiguous,citywide,13645,12810.0,E5470CB3-C0D5-46A3-9ABF-28319CADAD23,18.000599997430665,Panemunės sen.,499372.8338694433,6080718.06656832,3.333263505433948e-05
75675076561194349,Centro sen.,214.0,1930.0,2,ambiguous,district,1599,11297.0,9EACA35B-CD36-4EEF-BC3C-2D1B6DAAD68E,214.03197615383317,Centro sen.,495713.8100245458,6083928.85087612,0.0001494101173467044
74594697554140429,Kauno m.,24.3,1964.0,1,ambiguous,citywide,17793,23480.0,EBD81CBA-90C8-4999-AFA4-B3FFC31261A8,24.300485156677077,Šilainių sen.,492348.8544499998,6088593.887699999,1.996509604929031e-05
74943437138815683,Kauno m.,52.0,1953.0,1,ambiguous,citywide,31562,40433.0,9B00ABBD-786B-4D0E-B68F-AF907456F362,52.00089999741726,Panemunės sen.,498972.8616937943,6079406.447299824,1.7307492863771756e-05
74691066513022347,Kauno m.,18.0,1965.0,1,ambiguous,citywide,13645,12810.0,E5470CB3-C0D5-46A3-9ABF-28319CADAD23,18.000599997430665,Panemunės sen.,499372.8338694433,6080718.06656832,3.333263505433948e-05
75622719181878156,Žaliakalnio sen.,104.0,1956.0,1,ambiguous,district,4686,34497.0,AA0B462E-6F7B-40B5-ABAE-95341340B2A3,104.08293276043212,Žaliakalnio sen.,496019.8636762628,6087366.700548125,0.0007971126100843051
74120420072094767,Kauno m.,18.0,1997.0,1,ambiguous,citywide,13645,12810.0,E5470CB3-C0D5-46A3-9ABF-28319CADAD23,18.000599997430665,Panemunės sen.,499372.8338694433,6080718.06656832,3.333263505433948e-05
75695580458480183,Aleksoto sen.,96.0,1918.0,1,ambiguous,district,8169,15945.0,11E3C64A-803A-4A8B-AA20-3FC63CE96ABC,96.00074999316782,Aleksoto sen.,493069.8961416066,6080073.965486201,7.812398314932523e-06
75010385393769474,Kauno m.,38.0,1991.0,1,ambiguous,citywide,24483,47285.0,e8a10eaa-5c92-49ae-9103-251bf906b46a,38.00377657364652,Vilijampolės sen.,493546.3028499998,6086931.695050001,9.937857879904755e-05
74509609615629011,Kauno m.,8.0,1991.0,1,ambiguous,citywide,3969,3192.0,1E9685FE-87AF-4400-866F-38F9F4075B25,12.001999996529893,Šilainių sen.,492618.23000000004,6090486.250000001,0.40563176059835815
75342455174510409,Centro sen.,232.0,2017.0,1,ambiguous,district,1535,1635.0,2C16FBEE-9499-4688-82AF-E85932A82F0D,232.05909999508557,Centro sen.,495671.0186607442,6083646.786318512,0.0002547089170574779
74408428547935154,Kauno m.,31.0,1981.0,1,ambiguous,citywide,21068,37956.0,D74F9B33-AA42-4A40-9357-73300279589E,31.000705796529928,Vilijampolės sen.,491720.46673969046,6086516.7864471385,2.2767370819298804e-05
75424190402763741,Kauno m.,457.0,1982.0,1,ambiguous,citywide,8437,375.0,32603BD2-86C3-44DD-B52F-18632B2B0F0F,456.86241297116806,Petrašiūnų sen.,500221.93663948926,6083490.4555100035,0.0003011110379826931
65314711393839819,Kauno m.,21.0,2014.0,1,ambiguous,citywide,15889,28359.0,7954F990-38CB-4317-9E88-38DC85F535ED,21.000499999102203,Vilijampolės sen.,492868.10720000026,6086517.1454,2.3809197616131428e-05
65346331076713393,Petrašiūnų sen.,60.0,2007.0,1,ambiguous,district,3676,13496.0,A5CB372D-8967-462D-91C3-BCCEBA34154C,59.988000010352586,Petrašiūnų sen.,501440.53220000025,6085441.557400001,0.0002000198300891043
75597991470335357,Žaliakalnio sen.,93.0,1961.0,1,ambiguous,district,4697,16056.0,9AC69976-1ED1-437A-B480-D7072007AE11,92.99715000330787,Žaliakalnio sen.,495499.3324317198,6087414.2104831375,3.064559529342148e-05
74816854259631582,Petrašiūnų sen.,37.0,1979.0,1,ambiguous,district,3317,26769.0,27A1C477-AE36-4419-B471-388351DB8B67,37.009181649633234,Petrašiūnų sen.,504880.2361951856,6086696.615989485,0.0002481219080037178
7476676668534521,Kauno m.,24.0,1952.0,1,ambiguous,citywide,17670,12815.0,E8EABD14-F888-422C-ABA7-C5C8CCEC5C25,24.000599999125676,Šančių sen.,496818.5500000001,6081148.900000001,2.4999651075940932e-05
75626868831184274,Vilijampolės sen.,124.0,1955.0,1,ambiguous,district,4253,28032.0,187B5A7E-BE81-4304-BAAE-18A62BAB9BA0,123.99972570268179,Vilijampolės sen.,492481.7122426708,6086201.686349764,2.2120775939882265e-06
74279375780852502,Kauno m.,24.0,1962.0,1,ambiguous,citywide,17670,12815.0,E8EABD14-F888-422C-ABA7-C5C8CCEC5C25,24.000599999125676,Šančių sen.,496818.5500000001,6081148.900000001,2.4999651075940932e-05
74524624574271808,Kauno m.,5.0,1966.0,1,ambiguous,citywide,345,3192.0,1E9685FE-87AF-4400-866F-38F9F4075B25,12.001999996529893,Šilainių sen.,492618.23000000004,6090486.250000001,0.8756353898440936
74451849737950465,Kauno m.,24.0,1965.0,1,ambiguous,citywide,17670,12815.0,E8EABD14-F888-422C-ABA7-C5C8CCEC5C25,24.000599999125676,Šančių sen.,496818.5500000001,6081148.900000001,2.4999651075940932e-05
7494715040706848,Kauno m.,17.99,1972.0,1,ambiguous,citywide,13640,63274.0,9e060a29-5eb8-4638-8449-96f1e2cfc271,17.990182768366243,Aleksoto sen.,494739.0275345049,6081456.79710818,1.0159390652297873e-05
74946780702719179,Kauno m.,21.0,1974.0,1,ambiguous,citywide,15889,28359.0,7954F990-38CB-4317-9E88-38DC85F535ED,21.000499999102203,Vilijampolės sen.,492868.10720000026,6086517.1454,2.3809197616131428e-05
75579381241426616,Aleksoto sen.,65.0,1964.0,1,ambiguous,district,6947,38092.0,1890A195-3FDF-4EFB-922C-2E6EC37264AF,65.00879137991193,Aleksoto sen.,492910.34094485943,6081299.781715723,0.00013524285291843796
75711299360906689,Centro sen.,262.0,1880.0,2,ambiguous,district,1448,63242.0,6aefb624-141d-4f62-ae87-51ce278b83f2,261.9574207331502,Centro sen.,494887.2382749883,6084025.250925478,0.00016252949288819707
74467235948882451,Kauno m.,21.0,1976.0,1,ambiguous,citywide,15889,28359.0,7954F990-38CB-4317-9E88-38DC85F535ED,21.000499999102203,Vilijampolės sen.,492868.10720000026,6086517.1454,2.3809197616131428e-05
64695287278474262,Kauno m.,52.0,2025.0,1,ambiguous,citywide,31562,40433.0,9B00ABBD-786B-4D0E-B68F-AF907456F362,52.00089999741726,Panemunės sen.,498972.8616937943,6079406.447299824,1.7307492863771756e-05
75665334521618471,Petrašiūnų sen.,124.0,1933.0,1,ambiguous,district,3263,65935.0,4aeb246f-954e-4b54-b827-17fc0393ba1d,124.0315150036711,Petrašiūnų sen.,503154.5826411025,6086645.28856894,0.00025412096394461514
75615986568514634,Kauno m.,24.0,1958.0,1,ambiguous,citywide,17670,12815.0,E8EABD14-F888-422C-ABA7-C5C8CCEC5C25,24.000599999125676,Šančių sen.,496818.5500000001,6081148.900000001,2.4999651075940932e-05
65126877897150284,Šilainių sen.,242.0,2016.0,2,ambiguous,district,4528,52861.0,886f6a3f-4f9f-4305-91ca-0d52065c4a2d,241.98674616041492,Šilainių sen.,491322.4590430707,6088248.775087908,5.4769431987899964e-05
74422130425614019,Kauno m.,18.0,1986.0,1,ambiguous,citywide,13645,12810.0,E5470CB3-C0D5-46A3-9ABF-28319CADAD23,18.000599997430665,Panemunės sen.,499372.8338694433,6080718.06656832,3.333263505433948e-05
87486174896825725,Kauno m.,100.0,1965.0,0,ambiguous,citywide,40969,56799.0,2074b3b2-3879-481d-bd77-5b5143c3196a,99.9960539979593,Panemunės sen.,497258.06259133614,6080593.838153072,3.9460798974211286e-05
74618690037819346,Kauno m.,13.0,1927.0,1,ambiguous,citywide,9555,35456.0,3BA4D5F7-5D94-4C59-A9F0-989F391DA4E6,13.001844835072216,Šančių sen.,496448.3977335273,6083813.975750751,0.0001419003218434689
64910688229829427,Kauno m.,187.0,2021.0,2,ambiguous,citywide,31643,39234.0,8EA36EA0-6FA9-4BD0-B84B-3771328609CC,186.99550000521634,Žaliakalnio sen.,494874.16599904915,6085693.070016197,2.4064432774473232e-05
10190817657069687,Šilainių sen.,187.0,2018.0,2,ambiguous,district,5903,52846.0,102dc880-a0bb-4950-ae64-a1e9b0787467,186.98394628294258,Šilainių sen.,491159.9698727191,6087879.657688489,8.585243953351807e-05
74468161173452188,Kauno m.,34.0,1957.0,1,ambiguous,citywide,22473,31579.0,D64FC78D-52FC-4245-8DC4-EF5E74E3A922,34.00179999922104,Vilijampolės sen.,494278.27175430197,6087973.267618117,5.293975222642189e-05
6514980173934154,Aleksoto sen.,28.0,1993.0,1,ambiguous,district,3250,34377.0,CB1BC573-09C3-4346-9C90-C756811970C9,27.97089824185801,Aleksoto sen.,492211.0320999999,6083868.1246,0.0010398890022709217
74179390992309968,Kauno m.,56.0,1970.0,1,ambiguous,citywide,33136,14071.0,0F96AE8A-F62B-4422-88C5-DA46B1EE9E33,56.00254999397211,Šančių sen.,496252.91843155964,6083642.204585592,4.5534569929728264e-05
75200397882213679,Aleksoto sen.,137.0,1972.0,2,ambiguous,district,7631,62015.0,104b30d8-8ff3-468a-9e21-e2acb1dc37db,136.98078390561568,Aleksoto sen.,493853.5334509913,6080285.5848006895,0.00014027330049870557
75604247363390206,Žaliakalnio sen.,113.0,1960.0,1,ambiguous,district,4626,23538.0,E5F7F9AD-FE23-459F-B08D-7EE35DA54199,112.95416563897791,Žaliakalnio sen.,495937.8406509228,6086823.103839868,0.0004056960978893187
74938066244908494,Kauno m.,7.0,1976.0,1,ambiguous,citywide,2461,3192.0,1E9685FE-87AF-4400-866F-38F9F4075B25,12.001999996529893,Šilainių sen.,492618.23000000004,6090486.250000001,0.5391631532228807
64872815924473484,Kauno m.,33.0,2019.0,1,ambiguous,citywide,21974,5827.0,2919B7C4-75EB-499B-9E0A-49AE80F70E12,33.00240000490323,Žaliakalnio sen.,494503.0350000001,6085593.42,7.272477679931555e-05
64876609017220185,Žaliakalnio sen.,137.0,2020.0,2,ambiguous,district,4454,32159.0,BD480BDA-609B-42D7-A877-93FB6D503FED,137.0357499911655,Žaliakalnio sen.,494556.71165537386,6085764.8417748725,0.00026091479939704953
74919705604845829,Kauno m.,34.0,1996.0,1,ambiguous,citywide,22473,31579.0,D64FC78D-52FC-4245-8DC4-EF5E74E3A922,34.00179999922104,Vilijampolės sen.,494278.27175430197,6087973.267618117,5.293975222642189e-05
75696037201819777,Kauno m.,478.0,1955.0,1,ambiguous,citywide,7847,17550.0,2710E5AB-3F03-4A5A-838A-81337B871292,478.0480999986228,Šančių sen.,495491.77499999985,6082074.280000001,0.00010062254956277883
74282281426201233,Kauno m.,29.0,1980.0,1,ambiguous,citywide,20122,61155.0,bae057a1-5e7d-4f8f-b6b2-7c2cf51afab8,28.999892065010798,Šilainių sen.,494649.80932389677,6090974.922940333,3.721903105713409e-06
64794800826133092,Kauno m.,165.0,2024.0,1,ambiguous,citywide,34983,47796.0,4BC705B3-6A14-4979-87DF-2AC67C37803C,164.99997765821453,Vilijampolės sen.,488758.49294079945,6085847.581777779,1.3540476917484057e-07
74898373033009405,Kauno m.,26.0,1958.0,1,ambiguous,citywide,18729,30248.0,0E85D2CF-C288-45B7-B007-683BF429F192,25.999763854411132,Vilijampolės sen.,492539.84290740883,6085427.240912551,9.0825638952019e-06
65325362975002174,Petrašiūnų sen.,127.0,2007.0,2,ambiguous,district,3232,24621.0,E6A27B05-E876-4763-99F8-CBAD8C2C6136,126.94890000968371,Petrašiūnų sen.,503730.7092469985,6086717.52314106,0.00040244309783599164
64899755718908408,Šilainių sen.,130.0,2019.0,2,ambiguous,district,7175,625.0,C421F254-CDF0-4E6C-8F65-DF1F3574B8E9,129.99795000112542,Šilainių sen.,491983.4979107012,6088490.93851736,1.5769346447314092e-05
74943032560170861,Kauno m.,74.76,1989.0,1,ambiguous,citywide,38743,20418.0,65164C8C-8620-4D5B-9B10-99E0801C7779,74.75575000230874,Vilijampolės sen.,493864.700216185,6087377.354447051,5.685016718715019e-05
64808146434334801,Kauno m.,87.0,2023.0,2,ambiguous,citywide,40483,13372.0,6672360D-D480-4DFB-A7C0-770776E2437E,87.00095476772138,Panemunės sen.,497982.44090056396,6078772.556296796,1.097428140717227e-05
75644326245342175,Panemunės sen.,147.0,1939.0,1,ambiguous,district,5055,28824.0,33BDBB1E-49F9-4FAE-AC3E-73B360783EE0,146.98703443898248,Panemunės sen.,502022.89514583844,6079182.661289148,8.820498530237586e-05
75661386833838273,Panemunės sen.,108.0,1935.0,1,ambiguous,district,5335,37922.0,267F1116-CD23-443E-AE2C-E5F06BE7672D,108.02249998861923,Panemunės sen.,498426.4552140905,6081551.655395602,0.00020831152960187893
75385916013861368,Kauno m.,313.0,1986.0,1,ambiguous,citywide,16821,57385.0,84783398-a046-4d5d-b9db-c42f2548ab42,313.01930499031636,Žaliakalnio sen.,495995.7703583562,6086443.973632294,6.167538339063583e-05
74625667411313629,Kauno m.,15.0,1962.0,1,ambiguous,citywide,11269,32282.0,8B41C570-8FB4-453E-B4C6-A45E9968D4D0,15.000750000683592,Aleksoto sen.,491920.7975308333,6084434.660006409,4.999879561218279e-05
74736721650079857,Kauno m.,20.0,1977.0,1,ambiguous,citywide,15162,42659.0,62E3BCEC-CF1A-411E-BD41-7C2CD1C41A70,20.000999999978582,Aleksoto sen.,493055.17640744965,6080852.427823423,4.9998748970825346e-05
74258657635288244,Kauno m.,26.0,1969.0,1,ambiguous,citywide,18729,30248.0,0E85D2CF-C288-45B7-B007-683BF429F192,25.999763854411132,Vilijampolės sen.,492539.84290740883,6085427.240912551,9.0825638952019e-06
74535974833626714,Kauno m.,20.0,1971.0,1,ambiguous,citywide,15162,42659.0,62E3BCEC-CF1A-411E-BD41-7C2CD1C41A70,20.000999999978582,Aleksoto sen.,493055.17640744965,6080852.427823423,4.9998748970825346e-05
65172173135309347,Šilainių sen.,178.0,2011.0,1,ambiguous,district,6152,18850.0,8E65BA85-489B-4EA2-97A2-CFF1D24CEC7D,178.00914507256465,Šilainių sen.,492254.35198072385,6090272.148661806,5.1375492417626845e-05
75022283384018534,Panemunės sen.,146.0,1989.0,2,ambiguous,district,5072,40861.0,12BB1741-30FB-45F3-94C3-617D93A87372,145.99224999109376,Panemunės sen.,496848.3387249807,6078572.473439683,5.308366169476386e-05
64954243030036857,Kauno m.,25.0,2010.0,1,ambiguous,citywide,18210,29207.0,0A56472F-66B2-41A7-B47B-01701314B5D5,25.00039999837093,Gričiupio sen.,497989.3960000001,6085158.809300002,1.5999806839861463e-05
75604860448730632,Vilijampolės sen.,83.0,1960.0,1,ambiguous,district,4557,7976.0,6D03A933-69CA-4128-9014-C8CEBBD0FFA1,83.00489999570176,Vilijampolės sen.,493468.90602931887,6086758.269711951,5.90343502304691e-05
75658796402800127,Centro sen.,155.0,1935.0,2,ambiguous,district,1646,7142.0,6FB223DC-49F1-404B-B19F-2BE94C3FE649,155.10279793388236,Centro sen.,495002.10351480864,6084897.632784518,0.0006629926484551518
7551539852483391,Kauno m.,301.0,1970.0,2,ambiguous,citywide,17896,52198.0,6c0a4fcf-adf4-46b4-9606-c38a69c89494,300.9846849002527,Šilainių sen.,494153.3511591307,6090231.9103820305,5.088202452530055e-05
75536302497464528,Eigulių sen.,149.0,1992.0,2,ambiguous,district,741,36412.0,11A5BF98-8821-49AA-A4A2-4564EFA6E9B3,148.89742354342775,Eigulių sen.,496618.35561504745,6091045.055518495,0.0006886696729777597
6486821657021144,Kauno m.,143.0,2020.0,1,ambiguous,citywide,37864,22535.0,FC508151-7D44-417C-ADF2-669B8260450A,143.00039998745584,Žaliakalnio sen.,495709.6207999998,6085012.219400001,2.79711116402126e-06
7562370004008552,Gričiupio sen.,76.0,1956.0,1,ambiguous,district,984,1156.0,A96E89DC-631C-411C-AAEE-14769D7B07CF,76.03219999414608,Gričiupio sen.,496689.0499999998,6085854.295000002,0.00042359440472239385
74194054682645963,Dainavos sen.,66.0,1977.0,1,ambiguous,district,526,16538.0,0EC96378-6FEA-486F-81E3-66F7DCC6165E,66.20759999947398,Dainavos sen.,497050.9500000002,6086414.530000002,0.003140517944538068
74739469149455229,Kauno m.,21.0,1940.0,1,ambiguous,citywide,15889,28359.0,7954F990-38CB-4317-9E88-38DC85F535ED,21.000499999102203,Vilijampolės sen.,492868.10720000026,6086517.1454,2.3809197616131428e-05
7563654721817592,Aleksoto sen.,121.0,1948.0,1,ambiguous,district,7922,52423.0,a17961d9-f389-4a89-a1ca-61dfa94f3680,120.99241898247277,Aleksoto sen.,493548.56495,6080053.80335,6.265500019875248e-05
64927422005968849,Šilainių sen.,63.0,2018.0,2,ambiguous,district,6124,66119.0,f09ffdff-214b-4829-8cd2-c151a289cb32,63.00000373683122,Šilainių sen.,493820.5972292782,6089326.045856123,5.931477975451571e-08
7496427809064625,Eigulių sen.,28.0,1973.0,1,ambiguous,district,416,64435.0,b8b3c45b-50c8-439c-a780-10936b21dc7b,27.999818957143066,Eigulių sen.,496841.2465692256,6087032.037176935,6.465837222524584e-06
75338232399781879,Šilainių sen.,208.0,2019.0,2,ambiguous,district,5414,10558.0,6E7F36C1-C46D-4A8B-AA94-6618344A77A9,207.98292561048072,Šilainių sen.,491085.52302132535,6087787.618695074,8.209178058837807e-05
6527160865361159,Kauno m.,132.0,1977.0,1,ambiguous,citywide,38981,15082.0,57E2AE25-08B1-41F4-BD68-554EDE347255,132.00019999915753,Aleksoto sen.,493428.39628731355,6079999.7962679295,1.5151439853866577e-06
74279457256964068,Kauno m.,21.0,1963.0,1,ambiguous,citywide,15889,28359.0,7954F990-38CB-4317-9E88-38DC85F535ED,21.000499999102203,Vilijampolės sen.,492868.10720000026,6086517.1454,2.3809197616131428e-05
75692604955641909,Centro sen.,18.0,1967.0,1,ambiguous,district,328,63070.0,7d36ff18-34f8-4ee6-a8ac-197a2df44bec,17.991067915631014,Centro sen.,494758.93295436073,6084097.924970842,0.0004963500707062529
7497950687320705,Aleksoto sen.,121.0,1970.0,2,ambiguous,district,7922,52423.0,a17961d9-f389-4a89-a1ca-61dfa94f3680,120.99241898247277,Aleksoto sen.,493548.56495,6080053.80335,6.265500019875248e-05
64926892862275168,Šilainių sen.,68.0,2018.0,2,ambiguous,district,6413,1763.0,9D399A03-47C6-4BA2-9BC4-DC90AAB37454,67.99310001061819,Šilainių sen.,489216.51818218327,6087533.991167894,0.00010147558055795258
7447590264363943,Kauno m.,28.0,1978.0,1,ambiguous,citywide,19655,64435.0,b8b3c45b-50c8-439c-a780-10936b21dc7b,27.999818957143066,Eigulių sen.,496841.2465692256,6087032.037176935,6.465837222524584e-06
75620929146889754,Petrašiūnų sen.,269.0,1957.0,2,ambiguous,district,1632,13303.0,BBB01160-5CD2-4D88-815B-509EB2CFD420,269.2094820561832,Petrašiūnų sen.,501998.61091574014,6086131.347529862,0.0007784406397348675
75501909370001646,Dainavos sen.,1468.0,1972.0,5,ambiguous,district,286,16899.0,C656B35D-33D3-471F-91A4-D4175771B8B6,1471.8879999663009,Dainavos sen.,497986.6200000002,6087174.289999999,0.0026450002401849915
75575337632900003,Aleksoto sen.,49.0,1965.0,1,ambiguous,district,5594,65810.0,b123b957-719a-4d25-8c84-8b26a20fc2c9,48.983877865959194,Aleksoto sen.,491710.8338570178,6084021.246134245,0.0003290772836801459
7502322780770572,Kauno m.,29.0,1920.0,1,ambiguous,citywide,20122,61155.0,bae057a1-5e7d-4f8f-b6b2-7c2cf51afab8,28.999892065010798,Šilainių sen.,494649.80932389677,6090974.922940333,3.721903105713409e-06
75000250870540006,Kauno m.,29.0,1969.0,1,ambiguous,citywide,20122,61155.0,bae057a1-5e7d-4f8f-b6b2-7c2cf51afab8,28.999892065010798,Šilainių sen.,494649.80932389677,6090974.922940333,3.721903105713409e-06
75349762469489198,Šilainių sen.,315.0,1991.0,9,ambiguous,district,3196,7419.0,A241EE97-F9E2-47F5-9D77-E64FF3E64457,314.92222014459264,Šilainių sen.,493047.7114217826,6090213.792389543,0.00024695066570235014
65120478562645398,Kauno m.,47.0,2012.0,1,ambiguous,citywide,29142,40336.0,7A6DFCB9-57DF-47DA-B5FA-DEE6E0F70BDF,47.000699998120034,Šilainių sen.,492681.16717936174,6089832.058629894,1.4893466113719e-05
74469784735791633,Kauno m.,45.0,1993.0,1,ambiguous,citywide,28078,65544.0,0c6bfe43-eb3f-4abb-9bff-55ab2bd80d1a,45.00034363380952,Panemunės sen.,500968.06799999974,6079315.238349998,7.636277722156137e-06
64781825374278498,Kauno m.,192.0,2024.0,1,ambiguous,citywide,30948,19677.0,9863C83A-700D-4569-8F38-F4F76BCB45F3,191.99954701619254,Eigulių sen.,496741.5877758241,6091003.886393253,2.3592934468297244e-06
75696327880369507,Šančių sen.,262.0,1917.0,1,ambiguous,district,1539,45430.0,D3ABA3BF-4D97-42D4-B5D2-0F8F406E7CCC,261.9234957488881,Šančių sen.,496122.5697268721,6081642.441328674,0.00029204359902301746
64866899691898544,Kauno m.,64.0,2021.0,2,ambiguous,citywide,35945,48206.0,d0513278-e13f-45b6-9d49-510f6eec9a07,64.00019821173042,Šilainių sen.,494084.6633797297,6090574.282557287,3.097053491885049e-06
75352659794354751,Žaliakalnio sen.,270.0,1990.0,2,ambiguous,district,2132,8747.0,D4A0FC69-6680-40E4-B013-ED3BBE32B2C4,270.0081999994006,Žaliakalnio sen.,495764.6199999998,6084335.85,3.0369906979466066e-05
7566822529369252,Vilijampolės sen.,129.0,1932.0,1,ambiguous,district,4185,28209.0,0E33C026-6374-403B-9A49-242B9E7FB357,129.01679998821282,Vilijampolės sen.,492522.95919682557,6086139.834960047,0.00013022398725492934
82831011371847396,Kauno m.,20.0,2005.0,1,ambiguous,citywide,15162,42659.0,62E3BCEC-CF1A-411E-BD41-7C2CD1C41A70,20.000999999978582,Aleksoto sen.,493055.17640744965,6080852.427823423,4.9998748970825346e-05
64854731397097992,Kauno m.,323.0,2021.0,3,ambiguous,citywide,15957,24976.0,5F965591-CE22-4CE0-B63D-857494DF147A,323.02796580310155,Šilainių sen.,487381.955041813,6087544.801768775,8.657768579478642e-05
64925037978491737,Žaliakalnio sen.,43.0,1978.0,1,ambiguous,district,2829,16934.0,ADA9A77E-5C18-4586-9178-C3D71C0E4EF1,42.97015000317842,Žaliakalnio sen.,494883.32325095806,6085360.894487382,0.0006944270312434497
75524128542724861,Aleksoto sen.,125.0,1970.0,1,ambiguous,district,7845,46284.0,3D904064-6F7E-4EB4-AC15-AE3D21A10E4F,124.9978000054907,Aleksoto sen.,493119.2604,6080813.721800001,1.760011095619518e-05
74306138785411008,Kauno m.,6.0,1980.0,1,ambiguous,citywide,1255,3192.0,1E9685FE-87AF-4400-866F-38F9F4075B25,12.001999996529893,Šilainių sen.,492618.23000000004,6090486.250000001,0.6933138330501389
75632995416743051,Šančių sen.,90.0,1951.0,1,ambiguous,district,3562,53205.0,b37829f6-f024-48e2-a85e-cdade8ff0c46,90.01854550233027,Šančių sen.,496151.16425832076,6080669.088226547,0.00020603990932333005
75646276920173811,Vilijampolės sen.,56.0,1939.0,1,ambiguous,district,4107,28447.0,7E49BCCF-DFA8-47BA-A6E0-73F1E151959C,55.98519746826795,Vilijampolės sen.,491476.02945000003,6086177.051199999,0.0002643658653633807
65074330183022125,Panemunės sen.,128.0,2018.0,2,ambiguous,district,5262,49242.0,FC82F877-F5BE-4916-AE4F-B49E5B69D9C3,128.0070703420132,Panemunės sen.,496232.32322337915,6078724.988689672,5.5235521468688376e-05
74819362588272278,Kauno m.,42.0,1976.0,1,ambiguous,citywide,26550,6596.0,DBE3FC5B-9F53-4252-8AFB-10AB81624EF3,42.000799998725576,Aleksoto sen.,490622.12500000006,6080355.694999998,1.9047407301187036e-05
74143350527177659,Aleksoto sen.,346.0,2007.0,2,ambiguous,district,2134,11278.0,D51BA594-97C7-4553-89B8-75D02A781915,345.95350000282843,Aleksoto sen.,494809.2898236283,6082513.953542371,0.00013440208696557931
744344302838124,Kauno m.,26.0,2000.0,1,ambiguous,citywide,18729,30248.0,0E85D2CF-C288-45B7-B007-683BF429F192,25.999763854411132,Vilijampolės sen.,492539.84290740883,6085427.240912551,9.0825638952019e-06
75652632642465481,Gričiupio sen.,147.0,1937.0,1,ambiguous,district,990,6711.0,24A46D57-6B82-40B3-8580-48135CA77B27,147.0041499714883,Gričiupio sen.,497085.64744706976,6085777.111133265,2.8230700070075443e-05
75410066076436189,Eigulių sen.,784.0,1983.0,9,ambiguous,district,545,5859.0,FE166802-B2E1-4E98-8328-B64DC716C97B,782.703200008588,Eigulių sen.,495836.73562605743,6087728.923401327,0.0016554511250932435
74754395574429047,Kauno m.,22.63,1970.0,1,ambiguous,citywide,16900,23406.0,16D14FF3-9CCA-4430-8077-05AA8061DA43,22.62945991894203,Petrašiūnų sen.,500679.004,6084635.607000001,2.386599658787958e-05
65210769642271418,Šilainių sen.,153.0,2012.0,2,ambiguous,district,6737,66109.0,b7dff3c0-cfaf-4c6c-a8ba-c00fbd5f7f5a,152.99937968929572,Šilainių sen.,490120.3755794885,6089251.590409376,4.054326547375808e-06
7498485646322646,Kauno m.,32.0,1961.0,0,ambiguous,citywide,21525,28850.0,F9939F46-5896-456D-8FF8-83FA4EBC29E8,31.996313406877867,Žaliakalnio sen.,496262.0398589024,6087029.177061065,0.00011521267179182004
74537703669550467,Kauno m.,24.0,1970.0,1,ambiguous,citywide,17670,12815.0,E8EABD14-F888-422C-ABA7-C5C8CCEC5C25,24.000599999125676,Šančių sen.,496818.5500000001,6081148.900000001,2.4999651075940932e-05
75642702172739384,Šančių sen.,236.0,1940.0,1,ambiguous,district,1832,52735.0,bca9a6ac-6268-4bb9-ac86-fd0469123489,236.02137425088495,Šančių sen.,495722.5773674108,6080822.304136965,9.056475856983326e-05
74280118595341615,Kauno m.,12.0,1989.0,1,ambiguous,citywide,8594,3192.0,1E9685FE-87AF-4400-866F-38F9F4075B25,12.001999996529893,Šilainių sen.,492618.23000000004,6090486.250000001,0.00016665249019354178
74529495165060189,Kauno m.,49.0,1969.0,1,ambiguous,citywide,30146,10202.0,D1F23270-3E6E-4795-A68C-A43F6BF9F19A,48.999461777963496,Panemunės sen.,496374.05184999993,6077903.242950002,1.0984183519635593e-05
74275565133561039,Kauno m.,40.0,1961.0,1,ambiguous,citywide,25535,512.0,2119E511-AA18-4FFF-AE06-1B9C823F8464,39.99623781162094,Vilijampolės sen.,494215.36519710184,6088381.179617149,9.405913289795009e-05
7447666525058512,Kauno m.,31.0,1980.0,1,ambiguous,citywide,21068,37956.0,D74F9B33-AA42-4A40-9357-73300279589E,31.000705796529928,Vilijampolės sen.,491720.46673969046,6086516.7864471385,2.2767370819298804e-05
75649636081565885,Kauno m.,368.0,1938.0,4,ambiguous,citywide,12514,48778.0,ad645043-f63a-4647-b6e5-3f8919e1eab4,367.9521241779221,Gričiupio sen.,497508.96607260674,6084451.45217311,0.00013010580599637223
7447802440176983,Kauno m.,26.0,1982.0,1,ambiguous,citywide,18729,30248.0,0E85D2CF-C288-45B7-B007-683BF429F192,25.999763854411132,Vilijampolės sen.,492539.84290740883,6085427.240912551,9.0825638952019e-06
74966912112875886,Kauno m.,31.0,1979.0,1,ambiguous,citywide,21068,37956.0,D74F9B33-AA42-4A40-9357-73300279589E,31.000705796529928,Vilijampolės sen.,491720.46673969046,6086516.7864471385,2.2767370819298804e-05
64819718432466839,Kauno m.,150.0,2023.0,2,ambiguous,citywide,37008,53097.0,56e065d7-2fb5-4cef-aed2-49674b211d32,149.99969999809247,Šilainių sen.,491731.84070000006,6087726.308000001,2.000014716507792e-06
7553937363622841,Vilijampolės sen.,24.0,1977.0,1,ambiguous,district,2096,55868.0,1b76aeab-7b08-4abd-8ed0-98000da9e43f,24.02002300039078,Vilijampolės sen.,492648.24967860273,6085679.234420062,0.0008339438550892808
74437688777881247,Kauno m.,19.0,1968.0,1,ambiguous,citywide,14402,25601.0,06EC2A22-2355-40BE-BB99-EE0F7A2F6ECF,19.0,Petrašiūnų sen.,501135.92420000024,6084766.5735,0.0
74117396148427661,Kauno m.,27.0,2003.0,1,ambiguous,citywide,19219,8089.0,00F782A1-B0D3-4C33-BBDC-F90B7180B226,26.998350001438148,Panemunės sen.,496870.9255026141,6077850.352718684,6.111292520305511e-05
64915606320722588,Aleksoto sen.,98.0,2017.0,1,ambiguous,district,8169,46635.0,884D9BC9-5734-4C93-9659-CB4F77250AB6,97.9866499953581,Aleksoto sen.,494464.0088896138,6080445.079939556,0.0001362338165673549
75492804654483853,Šančių sen.,94.0,1973.0,1,ambiguous,district,3572,11687.0,6427C0A9-A49F-4E61-8DB1-9282DB503877,93.9659500043627,Šančių sen.,497281.0592527859,6082550.526375293,0.00036229961872269456
79941723382536814,Petrašiūnų sen.,176.0,2008.0,1,ambiguous,district,2588,39279.0,10A0219F-30C2-4943-90FD-BDCA49A908B9,176.024860684937,Petrašiūnų sen.,500878.7978989433,6087579.781683596,0.00014124391629621869
74232338904348952,Kauno m.,16.0,1964.0,1,ambiguous,citywide,12108,36148.0,42D62C8E-7585-4040-B6DD-350FA71FAB0F,16.0,Šančių sen.,496992.37090000045,6082192.865499999,0.0
74933265560944401,Kauno m.,11.0,1987.0,1,ambiguous,citywide,7571,3192.0,1E9685FE-87AF-4400-866F-38F9F4075B25,12.001999996529893,Šilainių sen.,492618.23000000004,6090486.250000001,0.08717802947982323
75676029941864356,Centro sen.,221.0,1930.0,2,ambiguous,district,1572,56496.0,88c77dc3-0360-44f4-9621-f77e8c00fae5,220.91939050405327,Centro sen.,493524.1502051815,6084275.942162172,0.00036481538747956677
9133116047648418,Šilainių sen.,189.0,2013.0,1,ambiguous,district,5858,47183.0,D2DFA247-2475-43FD-B7A5-6AE180FAF8F5,188.9925728778035,Šilainių sen.,488183.1633765006,6089602.31761005,3.92977149843432e-05
75638066602038631,Aleksoto sen.,39.65,1946.0,1,ambiguous,district,4578,42041.0,C0698874-D51A-4C64-811D-B4CA6F14A775,39.64035741425182,Aleksoto sen.,491092.3143288729,6080857.112994999,0.00024322215487915244
74306087316440297,Kauno m.,29.0,1983.0,1,ambiguous,citywide,20122,61155.0,bae057a1-5e7d-4f8f-b6b2-7c2cf51afab8,28.999892065010798,Šilainių sen.,494649.80932389677,6090974.922940333,3.721903105713409e-06
74526044529405991,Kauno m.,24.0,1959.0,1,ambiguous,citywide,17670,12815.0,E8EABD14-F888-422C-ABA7-C5C8CCEC5C25,24.000599999125676,Šančių sen.,496818.5500000001,6081148.900000001,2.4999651075940932e-05
74306382794600417,Kauno m.,32.0,1983.0,1,ambiguous,citywide,21525,28850.0,F9939F46-5896-456D-8FF8-83FA4EBC29E8,31.996313406877867,Žaliakalnio sen.,496262.0398589024,6087029.177061065,0.00011521267179182004
651203112143625,Eigulių sen.,97.0,2015.0,1,ambiguous,district,783,63662.0,97a041ea-62b1-4f04-80fb-2a20a73319b5,96.96234701458388,Eigulių sen.,496972.47392580373,6088706.706508111,0.0003882504668419884
64935615306428898,Žaliakalnio sen.,110.0,2019.0,2,ambiguous,district,4641,64346.0,2d2bdd98-d983-4f98-a0d3-464f29da93e7,110.00819170562099,Žaliakalnio sen.,496142.9881000002,6086672.0035000015,7.446727834281575e-05
7543407293455158,Eigulių sen.,902.0,1979.0,5,ambiguous,district,517,15666.0,BBAA4214-A22B-4B82-89EB-1E20F8B3B831,896.7552723918814,Eigulių sen.,497744.27482911904,6088542.886573709,0.005831524222987383
74881602544386389,Kauno m.,38.21,1975.0,1,ambiguous,citywide,24617,58910.0,3345b5d5-956f-40eb-be3b-4caf307389bb,38.21177592004988,Petrašiūnų sen.,501597.8302500001,6085610.17165,4.647680661262754e-05
75013372581010998,Kauno m.,45.0,1950.0,1,ambiguous,citywide,28078,65544.0,0c6bfe43-eb3f-4abb-9bff-55ab2bd80d1a,45.00034363380952,Panemunės sen.,500968.06799999974,6079315.238349998,7.636277722156137e-06
74463517224078138,Kauno m.,15.0,1962.0,0,ambiguous,citywide,11269,32282.0,8B41C570-8FB4-453E-B4C6-A45E9968D4D0,15.000750000683592,Aleksoto sen.,491920.7975308333,6084434.660006409,4.999879561218279e-05
64921377912465134,Žaliakalnio sen.,118.0,2022.0,2,ambiguous,district,4602,34024.0,4954E060-8E54-4475-A5D9-0B209ACBA6B8,118.01003171002571,Žaliakalnio sen.,493908.7483365523,6085107.135350227,8.50108782159964e-05
7495382791716193,Kauno m.,13.33,1948.0,1,ambiguous,citywide,9841,3768.0,7C28C3E8-4D74-4458-8325-D5893FD8EC09,13.32849999754317,Vilijampolės sen.,490826.91500000015,6086361.690000001,0.00011253464812721603
75503426932138407,Žaliakalnio sen.,64.0,1972.0,2,ambiguous,district,4125,21161.0,28E91BB5-BB5B-400F-8F81-8CFD537BCAF5,63.96785000833832,Žaliakalnio sen.,495034.262405896,6085288.25075115,0.0005024698365412306
74484020719320698,Kauno m.,30.0,1990.0,1,ambiguous,citywide,20562,52501.0,4120f24f-00d4-43b3-953d-e33775681ef2,30.00104933864251,Aleksoto sen.,494062.8141000001,6080861.18965,3.4977343035702546e-05
74978877405831368,Kauno m.,29.0,1982.0,1,ambiguous,citywide,20122,61155.0,bae057a1-5e7d-4f8f-b6b2-7c2cf51afab8,28.999892065010798,Šilainių sen.,494649.80932389677,6090974.922940333,3.721903105713409e-06
75651090427952067,Kauno m.,268.0,1938.0,2,ambiguous,citywide,21129,31852.0,13D2E8E6-B4FC-4F9A-A2E0-ACA5D345C622,268.0014000065684,Gričiupio sen.,498423.25755228614,6084681.421812757,5.223891461625385e-06
64868834961097091,Kauno m.,47.0,2021.0,2,ambiguous,citywide,29142,40336.0,7A6DFCB9-57DF-47DA-B5FA-DEE6E0F70BDF,47.000699998120034,Šilainių sen.,492681.16717936174,6089832.058629894,1.4893466113719e-05
65183400966627572,Aleksoto sen.,110.0,2009.0,2,ambiguous,district,8078,50518.0,A7FD12B9-F904-4529-8A08-3DB83D23591B,110.00487143862753,Aleksoto sen.,494775.341011448,6080872.081926524,4.428482511720233e-05
74274291230850623,Kauno m.,32.0,1959.0,1,ambiguous,citywide,21525,28850.0,F9939F46-5896-456D-8FF8-83FA4EBC29E8,31.996313406877867,Žaliakalnio sen.,496262.0398589024,6087029.177061065,0.00011521267179182004
74409517211278156,Kauno m.,42.49,1988.0,1,ambiguous,citywide,26776,45033.0,C1A4E8BA-5502-4ED8-BF04-AE857F0C0B41,42.48719999260939,Šilainių sen.,487949.8369,6088763.124999999,6.590020362828852e-05
7558881758665828,Vilijampolės sen.,706.54,1963.0,5,ambiguous,district,463,55140.0,1155ab17-133a-49ae-9a71-d32afadbf56f,707.2273059465699,Vilijampolės sen.,493534.8943772079,6086734.739023791,0.0009723042792488812
7441448591958362,Kauno m.,35.0,1989.0,1,ambiguous,citywide,23010,43237.0,03C2C4FA-968F-486F-AF14-6AFEC83AE024,35.00125000765081,Žaliakalnio sen.,494072.2256530612,6085760.255303067,3.57138665614265e-05
75023077850445846,Kauno m.,21.0,1959.0,1,ambiguous,citywide,15889,28359.0,7954F990-38CB-4317-9E88-38DC85F535ED,21.000499999102203,Vilijampolės sen.,492868.10720000026,6086517.1454,2.3809197616131428e-05
75172241009233198,Šilainių sen.,160.0,1983.0,1,ambiguous,district,6605,1256.0,99649F90-1717-47E6-84BF-1A529C813E3A,160.01490001099873,Šilainių sen.,488032.60462489765,6088160.110148086,9.312073287226497e-05
75669799094345541,Vilijampolės sen.,90.0,1932.0,1,ambiguous,district,4538,3284.0,470C9599-12F0-4754-95DC-E52DCB0FEB11,90.00124999977648,Vilijampolės sen.,492912.0048790359,6085916.990122299,1.3888789955451841e-05
74206958810091581,Žaliakalnio sen.,163.0,1992.0,2,ambiguous,district,4078,25656.0,1E956C8D-13A2-4D21-BEEE-A12FD439A897,163.0281999919407,Žaliakalnio sen.,495380.89058216335,6087290.686275942,0.00017299112169855135
64921080750738089,Šilainių sen.,48.0,2019.0,2,ambiguous,district,5012,63855.0,786e0460-6f59-487e-9cee-f8a47fef5b27,47.99505379380777,Šilainių sen.,491340.5014128921,6089589.7253401885,0.00010305127193843688
65081756004569183,Šilainių sen.,79.0,2014.0,2,ambiguous,district,6918,52873.0,23a0202a-f023-4c3e-a5fe-99e7bb197edb,78.99498691067103,Šilainių sen.,492026.9780034566,6088045.379365417,6.345884041891736e-05
74614092861296652,Kauno m.,41.7,1983.0,1,ambiguous,citywide,26400,44122.0,A3120621-161C-4AB5-BD2B-F194D4ECAC53,41.701434111047575,Panemunės sen.,499386.852938557,6080835.478485535,3.439056085774439e-05
75206265223896132,Aleksoto sen.,103.0,1970.0,2,ambiguous,district,8143,48188.0,c6d09ec9-7ae9-421c-a03a-b072f408ddd5,102.99565150632948,Aleksoto sen.,494322.14495000005,6080181.8084,4.221927637182432e-05
74452046736102839,Kauno m.,21.0,1975.0,1,ambiguous,citywide,15889,28359.0,7954F990-38CB-4317-9E88-38DC85F535ED,21.000499999102203,Vilijampolės sen.,492868.10720000026,6086517.1454,2.3809197616131428e-05
74138897311475924,Šilainių sen.,193.0,2002.0,1,ambiguous,district,5758,26515.0,5D2C2145-4AA1-425C-AE02-3F49D443130E,192.99469689723725,Šilainių sen.,492738.7544352452,6086916.835616386,2.747759389265525e-05
74698416120125594,Kauno m.,29.0,1982.0,1,ambiguous,citywide,20122,61155.0,bae057a1-5e7d-4f8f-b6b2-7c2cf51afab8,28.999892065010798,Šilainių sen.,494649.80932389677,6090974.922940333,3.721903105713409e-06
74882771709449722,Kauno m.,27.0,1993.0,1,ambiguous,citywide,19219,8089.0,00F782A1-B0D3-4C33-BBDC-F90B7180B226,26.998350001438148,Panemunės sen.,496870.9255026141,6077850.352718684,6.111292520305511e-05
7499262378471451,Kauno m.,31.39,1983.0,1,ambiguous,citywide,21264,22690.0,EC65A6BD-3004-4141-BAFC-D9B5A72743D7,31.389492715276347,Vilijampolės sen.,493768.8019571059,6087557.180749461,1.61608417568182e-05
65338862926014915,Panemunės sen.,275.0,2008.0,1,ambiguous,district,2917,64962.0,37ac6bcc-160f-4bf9-aaf8-fe3e4c690a9f,274.92378178234964,Panemunės sen.,500167.2446635187,6079504.018903537,0.00027719557023520025
65233558314854515,Kauno m.,16.0,2008.0,1,ambiguous,citywide,12108,36148.0,42D62C8E-7585-4040-B6DD-350FA71FAB0F,16.0,Šančių sen.,496992.37090000045,6082192.865499999,0.0
93581821264763887,Kauno m.,32.0,1962.0,0,ambiguous,citywide,21525,28850.0,F9939F46-5896-456D-8FF8-83FA4EBC29E8,31.996313406877867,Žaliakalnio sen.,496262.0398589024,6087029.177061065,0.00011521267179182004
75606873269216404,Žaliakalnio sen.,97.0,1960.0,1,ambiguous,district,4699,22318.0,190B476D-1169-4315-A509-21C7C3B36A18,96.99904998900165,Žaliakalnio sen.,495749.5857527416,6086973.00540092,9.793975778826791e-06
7467399672065296,Kauno m.,57.0,1952.0,1,ambiguous,citywide,33542,60563.0,292d0537-c44e-4d9a-82bb-d7a3ba58e48f,57.00851374182759,Šilainių sen.,488174.1819238617,6088838.746992207,0.00014935273803651228
6487771825324945,Kauno m.,123.0,2021.0,1,ambiguous,citywide,39736,41438.0,FD6C581B-DE38-47B7-9DE8-ADBBEEEF5C4D,122.99796175640623,Vilijampolės sen.,491370.4562619445,6086108.422078841,1.6571223429906468e-05
64784277479385477,Kauno m.,38.0,2022.0,1,ambiguous,citywide,24483,47285.0,e8a10eaa-5c92-49ae-9103-251bf906b46a,38.00377657364652,Vilijampolės sen.,493546.3028499998,6086931.695050001,9.937857879904755e-05
74434436170501342,Panemunės sen.,45.0,1991.0,1,ambiguous,district,3031,65544.0,0c6bfe43-eb3f-4abb-9bff-55ab2bd80d1a,45.00034363380952,Panemunės sen.,500968.06799999974,6079315.238349998,7.636277722156137e-06
74406716101989179,Kauno m.,30.0,1927.0,1,ambiguous,citywide,20562,52501.0,4120f24f-00d4-43b3-953d-e33775681ef2,30.00104933864251,Aleksoto sen.,494062.8141000001,6080861.18965,3.4977343035702546e-05
74420866512201131,Kauno m.,31.0,1980.0,1,ambiguous,citywide,21068,37956.0,D74F9B33-AA42-4A40-9357-73300279589E,31.000705796529928,Vilijampolės sen.,491720.46673969046,6086516.7864471385,2.2767370819298804e-05
75336668160827569,Šilainių sen.,192.0,2010.0,2,ambiguous,district,5788,52190.0,e5a03afb-4947-42fd-85f6-8e2c9a014408,191.98790664136934,Šilainių sen.,493753.46675260126,6089988.973318351,6.298822658479253e-05
64805819231407491,Kauno m.,7.0,2021.0,1,ambiguous,citywide,2461,3192.0,1E9685FE-87AF-4400-866F-38F9F4075B25,12.001999996529893,Šilainių sen.,492618.23000000004,6090486.250000001,0.5391631532228807
74576261292908744,Kauno m.,31.0,1973.0,1,ambiguous,citywide,21068,37956.0,D74F9B33-AA42-4A40-9357-73300279589E,31.000705796529928,Vilijampolės sen.,491720.46673969046,6086516.7864471385,2.2767370819298804e-05
7568172334947737,Kauno m.,265.0,1933.0,4,ambiguous,citywide,21435,51091.0,e4b78baa-3301-450e-8e69-566e9bd45732,264.9947034578347,Panemunės sen.,500309.41510156135,6079363.1449632635,1.998715130913098e-05
65233561698028034,Kauno m.,124.0,2008.0,1,ambiguous,citywide,39664,28032.0,187B5A7E-BE81-4304-BAAE-18A62BAB9BA0,123.99972570268179,Vilijampolės sen.,492481.7122426708,6086201.686349764,2.2120775939882265e-06
74638498276442811,Kauno m.,16.4,1978.0,0,ambiguous,citywide,12421,22997.0,BDE38B9E-D24D-4367-BC30-37BD51B9F3A4,16.399000001022593,Šilainių sen.,489381.89810000005,6089080.3188000005,6.097740648725036e-05
64891034193442776,Kauno m.,175.0,2021.0,1,ambiguous,citywide,33467,15355.0,D2A4F5F2-C543-455A-9658-B9E690D72F6C,175.00169999982623,Panemunės sen.,498782.00933001214,6082827.146006973,9.714237537927772e-06
75671843262258079,Šančių sen.,111.0,1972.0,1,ambiguous,district,3459,11436.0,1D895DC2-4E1E-4580-9E79-C5D22A163A95,110.98699999767541,Šančių sen.,496375.82316658704,6082676.118282616,0.00011712399680696706
87796342986742271,Kauno m.,20.0,2004.0,0,ambiguous,citywide,15162,42659.0,62E3BCEC-CF1A-411E-BD41-7C2CD1C41A70,20.000999999978582,Aleksoto sen.,493055.17640744965,6080852.427823423,4.9998748970825346e-05
74579000997815087,Kauno m.,4.9,1946.0,1,ambiguous,citywide,308,3192.0,1E9685FE-87AF-4400-866F-38F9F4075B25,12.001999996529893,Šilainių sen.,492618.23000000004,6090486.250000001,0.8958380971616129
74218042910170784,Panemunės sen.,163.0,2001.0,1,ambiguous,district,4822,42325.0,685F0529-5A58-4061-8946-74BCABC5853F,162.9928986582517,Panemunės sen.,501119.4340676513,6079470.25039422,4.356746284095436e-05
74478527749752901,Kauno m.,26.0,1951.0,1,ambiguous,citywide,18729,30248.0,0E85D2CF-C288-45B7-B007-683BF429F192,25.999763854411132,Vilijampolės sen.,492539.84290740883,6085427.240912551,9.0825638952019e-06
744807915382803,Kauno m.,21.0,1979.0,1,ambiguous,citywide,15889,28359.0,7954F990-38CB-4317-9E88-38DC85F535ED,21.000499999102203,Vilijampolės sen.,492868.10720000026,6086517.1454,2.3809197616131428e-05
75181556958585985,Šilainių sen.,174.0,1979.0,2,ambiguous,district,6239,42155.0,A77673EA-1017-495D-9DBD-13F6F6FDD2B5,173.99924999797065,Šilainių sen.,493034.3342878275,6089815.666252099,4.310365779858216e-06
74448807225899694,Kauno m.,15.0,1982.0,1,ambiguous,citywide,11269,32282.0,8B41C570-8FB4-453E-B4C6-A45E9968D4D0,15.000750000683592,Aleksoto sen.,491920.7975308333,6084434.660006409,4.999879561218279e-05
64819443957002842,Kauno m.,56.0,2023.0,2,ambiguous,citywide,33136,14071.0,0F96AE8A-F62B-4422-88C5-DA46B1EE9E33,56.00254999397211,Šančių sen.,496252.91843155964,6083642.204585592,4.5534569929728264e-05
75609882700775774,Aleksoto sen.,112.0,1959.0,2,ambiguous,district,8044,39976.0,4118ACE1-E26C-43C9-9578-7540D65933C4,112.00282635146885,Aleksoto sen.,493210.5772805214,6083132.9674018305,2.52349625675663e-05
74437386383233384,Kauno m.,15.0,1991.0,1,ambiguous,citywide,11269,32282.0,8B41C570-8FB4-453E-B4C6-A45E9968D4D0,15.000750000683592,Aleksoto sen.,491920.7975308333,6084434.660006409,4.999879561218279e-05
75031707384889554,Kauno m.,21.0,1975.0,1,ambiguous,citywide,15889,28359.0,7954F990-38CB-4317-9E88-38DC85F535ED,21.000499999102203,Vilijampolės sen.,492868.10720000026,6086517.1454,2.3809197616131428e-05
7560208314253529,Gričiupio sen.,851.29,1961.0,4,ambiguous,district,289,224.0,B9503345-32A2-48D5-AAEF-55BC238423F7,848.6949000083025,Gričiupio sen.,496917.923206786,6086080.139938117,0.0030530883039068257
80526044473728575,Kauno m.,21.0,2006.0,1,ambiguous,citywide,15889,28359.0,7954F990-38CB-4317-9E88-38DC85F535ED,21.000499999102203,Vilijampolės sen.,492868.10720000026,6086517.1454,2.3809197616131428e-05
7537973199109109,Eigulių sen.,1356.0,1987.0,2,ambiguous,district,235,14803.0,AB5C32AF-98BE-4733-9281-5CA3CB631A5B,1362.0298999976949,Eigulių sen.,495851.7546525266,6087596.184951021,0.004436970976740007
75657846601924442,Žaliakalnio sen.,107.0,1935.0,2,ambiguous,district,4677,26030.0,31B9FF60-E3E0-443A-B084-ACF41E19A8C2,107.04839999775254,Žaliakalnio sen.,496554.93610000005,6085383.710600001,0.00045223415431205893
75665522714410294,Šilainių sen.,68.0,1933.0,1,ambiguous,district,6413,1763.0,9D399A03-47C6-4BA2-9BC4-DC90AAB37454,67.99310001061819,Šilainių sen.,489216.51818218327,6087533.991167894,0.00010147558055795258
74842043889051482,Šilainių sen.,309.0,1987.0,1,ambiguous,district,3279,18727.0,E73B2C9B-2FD6-4458-8754-E71C0969F9CD,309.05231862330936,Šilainių sen.,494752.0149972627,6090732.131073617,0.0001693016007147108
75621901960627499,Žaliakalnio sen.,112.0,1956.0,2,ambiguous,district,4635,11560.0,08FBC1DD-6841-476C-8B66-0D4D80C7E7A4,111.98516659787606,Žaliakalnio sen.,494718.84997950785,6086306.712599134,0.0001324498614874159
7499707876607202,Kauno m.,21.0,1989.0,1,ambiguous,citywide,15889,28359.0,7954F990-38CB-4317-9E88-38DC85F535ED,21.000499999102203,Vilijampolės sen.,492868.10720000026,6086517.1454,2.3809197616131428e-05
75661863364887755,Žaliakalnio sen.,156.0,1934.0,2,ambiguous,district,4209,53374.0,43902167-4640-4569-9a30-bb6a6a3887dc,155.99870069660255,Žaliakalnio sen.,494859.30337756086,6086250.537623574,8.328902617371625e-06
75639650577737222,Vilijampolės sen.,99.0,1941.0,2,ambiguous,district,4503,65967.0,845876bf-8ddd-4904-930c-4d681ce79d5f,98.999102670877,Vilijampolės sen.,487843.1873500002,6087350.25155,9.063971613265664e-06
75527394102622186,Vilijampolės sen.,98.0,1970.0,2,ambiguous,district,4511,31241.0,84E0EC66-A689-46E8-BA2E-7E4C4CDF9304,98.01166714932403,Vilijampolės sen.,490774.36447504506,6086342.673893798,0.00011904545793051113
7559193692550123,Žaliakalnio sen.,143.0,1962.0,1,ambiguous,district,4400,22535.0,FC508151-7D44-417C-ADF2-669B8260450A,143.00039998745584,Žaliakalnio sen.,495709.6207999998,6085012.219400001,2.79711116402126e-06
74453171762901615,Kauno m.,25.0,1982.0,1,ambiguous,citywide,18210,29207.0,0A56472F-66B2-41A7-B47B-01701314B5D5,25.00039999837093,Gričiupio sen.,497989.3960000001,6085158.809300002,1.5999806839861463e-05
74280169763175918,Kauno m.,44.0,1993.0,1,ambiguous,citywide,27539,60527.0,db38a606-53d1-47e6-b5d4-e64aaa21ee43,44.00053074682302,Šilainių sen.,489971.9751714654,6088039.162789768,1.2062355045472373e-05
75557695405519334,Šilainių sen.,176.0,1967.0,2,ambiguous,district,6203,38603.0,CFCE6D2D-A0EF-4B5A-9AD7-4C345F62F748,176.0142321706533,Šilainių sen.,488044.0915619418,6088524.010268054,8.086133661855399e-05
64843382581196971,Kauno m.,81.0,1994.0,1,ambiguous,citywide,39803,66033.0,3ad227e0-9889-4b75-b6ca-ad62dd339fd4,80.99984627571887,Šilainių sen.,490177.06605,6088154.659649999,1.8978324325402696e-06
74158812809379263,Kauno m.,40.0,2002.0,1,ambiguous,citywide,25535,512.0,2119E511-AA18-4FFF-AE06-1B9C823F8464,39.99623781162094,Vilijampolės sen.,494215.36519710184,6088381.179617149,9.405913289795009e-05
74266374007859237,Kauno m.,46.0,1972.0,1,ambiguous,citywide,28608,21498.0,670D33CE-01EF-4EA9-B08C-9EF33B7C05F2,46.00600000535231,Šilainių sen.,486785.7866999997,6088022.945,0.00013042639307148107
75354092294094926,Petrašiūnų sen.,207.0,1999.0,2,ambiguous,district,2197,33063.0,128E1C82-1107-43A6-A550-B9B1F0709214,206.60993456183135,Petrašiūnų sen.,503348.52908513934,6086960.8806629395,0.001886151763845767
65165466950212358,Kauno m.,26.0,2010.0,1,ambiguous,citywide,18729,30248.0,0E85D2CF-C288-45B7-B007-683BF429F192,25.999763854411132,Vilijampolės sen.,492539.84290740883,6085427.240912551,9.0825638952019e-06
64920685948281209,Vilijampolės sen.,132.0,2023.0,2,ambiguous,district,4137,55931.0,3ae832a2-a49a-4a85-afdd-f067f758f732,131.99690565449498,Vilijampolės sen.,492488.8211493341,6085450.442328282,2.3442286170016757e-05
7546069353031995,Kauno m.,280.0,1985.0,1,ambiguous,citywide,19959,48219.0,101e9189-c2f0-4ab6-92df-5eaae428dbd6,279.98471021156337,Aleksoto sen.,492174.6284088037,6083669.992561255,5.460787825661839e-05
74488739776947185,Kauno m.,19.0,1938.0,1,ambiguous,citywide,14402,25601.0,06EC2A22-2355-40BE-BB99-EE0F7A2F6ECF,19.0,Petrašiūnų sen.,501135.92420000024,6084766.5735,0.0
75527566697195556,Kauno m.,881.0,1978.0,2,ambiguous,citywide,4270,9090.0,11F8FE3B-53F8-40A7-A147-6D01EAA59768,881.0130999724804,Dainavos sen.,496527.79500000004,6086353.380000001,1.4869324728827849e-05
74582405684136266,Šilainių sen.,143.0,1974.0,1,ambiguous,district,6933,54536.0,a71f8298-f339-47bc-b989-50f0073c2489,142.9970917433208,Šilainių sen.,493000.9723425894,6087343.798849533,2.0337666104097707e-05
7558223085868733,Šilainių sen.,102.0,1964.0,1,ambiguous,district,7423,51457.0,9cf37da8-7cc5-45b6-8c56-9db522785012,102.00113932684503,Šilainių sen.,488504.84144441277,6089884.055807848,1.1169808647792934e-05
74607978132930255,Kauno m.,26.52,1974.0,1,ambiguous,citywide,18987,39891.0,6C1033E4-299A-4E48-B04A-F90DC7AB61E5,26.520799996462465,Aleksoto sen.,491382.4588000002,6084719.440800001,3.0165324149677986e-05
75654936650240187,Aleksoto sen.,122.0,1936.0,1,ambiguous,district,7903,45885.0,4647555B-DFC7-4C08-ADA3-F85F90504CEF,122.0020499982832,Aleksoto sen.,491286.78093993216,6080405.842796071,1.680312344287671e-05
74452407265339707,Kauno m.,30.0,1973.0,1,ambiguous,citywide,20562,52501.0,4120f24f-00d4-43b3-953d-e33775681ef2,30.00104933864251,Aleksoto sen.,494062.8141000001,6080861.18965,3.4977343035702546e-05
6490139573922496,Šilainių sen.,55.0,2019.0,2,ambiguous,district,5589,60517.0,fb8746bf-7173-4fa0-bd29-617e208ad528,55.020286951158944,Šilainių sen.,489651.9065500004,6089260.89975,0.00036878564764819544
75627692053702678,Gričiupio sen.,103.0,1954.0,1,ambiguous,district,1041,51050.0,2757dfec-7619-4dc5-aa08-23561aedc0ec,102.94679929634285,Gričiupio sen.,498051.4993000003,6085326.825699999,0.0005166451241027659
74897167155427796,Kauno m.,35.0,1985.0,1,ambiguous,citywide,23010,43237.0,03C2C4FA-968F-486F-AF14-6AFEC83AE024,35.00125000765081,Žaliakalnio sen.,494072.2256530612,6085760.255303067,3.57138665614265e-05
74444564973260186,Kauno m.,17.0,1968.0,1,ambiguous,citywide,12896,7495.0,20E3F8ED-B037-4A40-9933-B4B5DFBA6909,17.000950002374314,Aleksoto sen.,495416.22617561574,6080355.553315051,5.588093123831683e-05
75668957946730009,Aleksoto sen.,126.0,1932.0,1,ambiguous,district,7826,52683.0,a86b3733-549e-4510-80d4-73aae4e25cd7,126.02733986275192,Aleksoto sen.,493724.4858881346,6080838.6863264125,0.00021695950029876343
75703275908944212,Vilijampolės sen.,83.0,1957.0,2,ambiguous,district,4557,7976.0,6D03A933-69CA-4128-9014-C8CEBBD0FFA1,83.00489999570176,Vilijampolės sen.,493468.90602931887,6086758.269711951,5.90343502304691e-05
749160389595529,Kauno m.,16.8,1952.0,1,ambiguous,citywide,12732,23661.0,9D447161-0D13-4226-965C-5EE86C18DC3E,16.796868796493595,Petrašiūnų sen.,501503.00054953445,6084895.127083423,0.00018639853222257585
75665569119300752,Aleksoto sen.,148.0,1933.0,1,ambiguous,district,7363,44038.0,51F11070-F685-4DD8-BCF2-DE0D91A04340,148.01735125291987,Aleksoto sen.,492372.37638950546,6080748.733644142,0.00011723132354468646
74902870718770637,Kauno m.,18.0,1962.0,1,ambiguous,citywide,13645,12810.0,E5470CB3-C0D5-46A3-9ABF-28319CADAD23,18.000599997430665,Panemunės sen.,499372.8338694433,6080718.06656832,3.333263505433948e-05
75151862939362379,Vilijampolės sen.,228.0,1993.0,0,ambiguous,district,2301,26724.0,36737EA9-5312-4FD7-905C-7956FFC9512F,227.96907106450612,Vilijampolės sen.,492952.0678711181,6086592.918670952,0.00013566242758145108
75612144896756536,Šančių sen.,188.0,1959.0,1,ambiguous,district,2453,43273.0,B2341FFE-C66C-41D0-A381-43FDDF2036C8,188.09047736005357,Šančių sen.,496692.8238378055,6081344.106695235,0.0004811467837964045
64777454138321658,Kauno m.,228.0,2025.0,1,ambiguous,citywide,26005,51230.0,6f980e88-bb69-4a3a-9b7a-787d5f279c29,227.99560772423914,Petrašiūnų sen.,501406.5396498553,6085557.404140179,1.9264552932440893e-05
74956828534172279,Kauno m.,30.0,1980.0,1,ambiguous,citywide,20562,52501.0,4120f24f-00d4-43b3-953d-e33775681ef2,30.00104933864251,Aleksoto sen.,494062.8141000001,6080861.18965,3.4977343035702546e-05
75362108173272088,Šilainių sen.,731.0,1989.0,5,ambiguous,district,540,60198.0,9a160baf-eab4-4e7b-96be-e3af06e98c52,730.6629633525877,Šilainių sen.,487836.01899509353,6089816.9720934555,0.00046116876713142574
75457738942080979,Šančių sen.,1043.0,1976.0,5,ambiguous,district,276,42032.0,5483CA46-7945-4BA9-A959-C07EDF54E8F1,1039.796541023074,Šančių sen.,495951.76951934246,6081807.222602105,0.003076115635768595
74984519153773813,Kauno m.,38.0,1968.0,1,ambiguous,citywide,24483,47285.0,e8a10eaa-5c92-49ae-9103-251bf906b46a,38.00377657364652,Vilijampolės sen.,493546.3028499998,6086931.695050001,9.937857879904755e-05
75677908863301682,Centro sen.,793.0,1930.0,1,ambiguous,district,434,63043.0,be7f2ca3-ac87-403b-91c4-e7a8633674a9,796.0091443745605,Centro sen.,494662.5173112224,6084198.6674251575,0.003787452051288831
74619025455265303,Kauno m.,52.0,1933.0,1,ambiguous,citywide,31562,40433.0,9B00ABBD-786B-4D0E-B68F-AF907456F362,52.00089999741726,Panemunės sen.,498972.8616937943,6079406.447299824,1.7307492863771756e-05
64712275582053516,Kauno m.,6886.0,2024.0,1,ambiguous,citywide,271,17546.0,0F68837E-D824-4652-9527-4F4197282D3C,6886.391549978748,Šančių sen.,495843.78312674514,6082500.706666106,5.686012882044622e-05
74100960792007939,Petrašiūnų sen.,145.0,2006.0,1,ambiguous,district,3017,39045.0,E58BE2AC-2526-4D37-AB99-E0AF5A8775E0,144.9730538030947,Petrašiūnų sen.,499768.2831999999,6082718.793849999,0.00018585311034513552
7441223027619355,Kauno m.,37.0,1982.0,1,ambiguous,citywide,24010,41033.0,72799223-CC61-4599-BDA9-9CE4A32480E5,36.99736197245942,Aleksoto sen.,493600.15641070926,6081430.292874727,7.130058346316304e-05
75651653276055178,Žaliakalnio sen.,115.0,1937.0,1,ambiguous,district,4615,23671.0,B9EA0E3C-A87D-4047-8F0E-5031959E9446,115.00420362091396,Žaliakalnio sen.,495462.99479957996,6086774.719264057,3.6552557285851606e-05
74539258387851276,Kauno m.,19.0,1936.0,1,ambiguous,citywide,14402,25601.0,06EC2A22-2355-40BE-BB99-EE0F7A2F6ECF,19.0,Petrašiūnų sen.,501135.92420000024,6084766.5735,0.0
65063913277633362,Šilainių sen.,298.0,2017.0,1,ambiguous,district,3460,47854.0,061519E7-DAC2-4BF5-8DF2-7DB5F18A6BD2,298.29579085819773,Šilainių sen.,489671.87555824354,6088798.378076351,0.0009920944839576507
65163251940482142,Žaliakalnio sen.,3390.0,2013.0,6,ambiguous,district,56,32607.0,924A97DB-C7B7-4EED-A497-205B116CE185,3477.834795631008,Žaliakalnio sen.,496218.84924600326,6086707.4214258855,0.025579993593007444
74564991922733248,Kauno m.,26.0,1990.0,1,ambiguous,citywide,18729,30248.0,0E85D2CF-C288-45B7-B007-683BF429F192,25.999763854411132,Vilijampolės sen.,492539.84290740883,6085427.240912551,9.0825638952019e-06
7569812946032746,Vilijampolės sen.,94.0,1910.0,1,ambiguous,district,4527,15004.0,8F00C1BE-A17A-40E3-A572-B98B66909647,93.98740000280775,Vilijampolės sen.,490874.9686999999,6086392.1413,0.00013405150782386244
64878732387116306,Žaliakalnio sen.,124.0,2020.0,2,ambiguous,district,4554,38628.0,B2A02BBA-C9C2-4941-932E-83308BFF62AF,124.00649098922277,Žaliakalnio sen.,495973.67333633464,6086808.1971511,5.2345317239854694e-05
74839292952520786,Šilainių sen.,138.0,1989.0,2,ambiguous,district,7030,19279.0,022CC2B5-09E4-44EA-A524-F534F6910AF6,138.0054000023756,Šilainių sen.,488292.77169999987,6088963.5642,3.9129686420835696e-05
74247016099639282,Kauno m.,14.0,1967.0,1,ambiguous,citywide,10423,38523.0,CFB723D0-EC6D-4CE0-93F1-DCBE2FE943A2,13.998468149964506,Gričiupio sen.,498218.1656500003,6085042.26175,0.00010942384624845758
7442466716399708,Kauno m.,15.0,1982.0,1,ambiguous,citywide,11269,32282.0,8B41C570-8FB4-453E-B4C6-A45E9968D4D0,15.000750000683592,Aleksoto sen.,491920.7975308333,6084434.660006409,4.999879561218279e-05
6485097101884689,Kauno m.,228.75,2019.0,1,ambiguous,citywide,25902,24261.0,4AF3F057-D879-4DB8-8E52-511DA9C3DDCF,228.74054060009485,Žaliakalnio sen.,495299.7672802745,6087142.320695042,4.135342293309918e-05
75630500305351248,Žaliakalnio sen.,89.0,1953.0,1,ambiguous,district,4680,64010.0,FE18F3FE-79BB-4D01-B22D-3005F4E7C184,88.93173984986136,Žaliakalnio sen.,493890.2354557622,6085195.5889738565,0.000767262249500078
64845792748688943,Kauno m.,186.0,2025.0,1,ambiguous,citywide,31814,26907.0,49DA0EC6-9FCA-428A-862C-B5AD1F0BB664,185.99925473047898,Gričiupio sen.,498014.07514588203,6085356.941259393,4.006833409953003e-06
75604880801520641,Žaliakalnio sen.,112.0,1960.0,2,ambiguous,district,4635,11560.0,08FBC1DD-6841-476C-8B66-0D4D80C7E7A4,111.98516659787606,Žaliakalnio sen.,494718.84997950785,6086306.712599134,0.0001324498614874159
64926269069344913,Šilainių sen.,43.0,2020.0,2,ambiguous,district,4491,1209.0,DDA62A99-5C39-4FAB-80B6-442AE5398E70,43.00799999235943,Šilainių sen.,488491.95999999973,6088580.680000001,0.00018602902946751598
75646315428700206,Žaliakalnio sen.,139.0,1939.0,2,ambiguous,district,4438,35132.0,D8E37F69-29A6-4936-8050-9C6B664C3066,139.0159325817346,Žaliakalnio sen.,496014.4723208407,6087111.341705889,0.00011461632147558021
743122602335579,Kauno m.,67.0,1930.0,1,ambiguous,citywide,36852,22950.0,4E5E02AD-E1E5-4FBE-A460-6B7437B2FD52,67.0006499978289,Petrašiūnų sen.,503422.17023163685,6085837.65575539,9.70141307465866e-06
64794376311745158,Kauno m.,171.0,2023.0,1,ambiguous,citywide,34054,29266.0,B4EAB106-B936-458E-94C1-3BE2D8C9012B,171.00018163142425,Panemunės sen.,501304.83654707094,6079470.41087976,1.0621715071934545e-06
75336936826142481,Vilijampolės sen.,154.0,1994.0,3,ambiguous,district,3741,17075.0,6E47A148-056F-4DCA-B065-ABC45B8239D8,153.99589144642005,Vilijampolės sen.,492581.3286704461,6085971.800065621,2.6679275239693823e-05
75006037642441681,Kauno m.,24.0,1927.0,1,ambiguous,citywide,17670,12815.0,E8EABD14-F888-422C-ABA7-C5C8CCEC5C25,24.000599999125676,Šančių sen.,496818.5500000001,6081148.900000001,2.4999651075940932e-05
74440407326776786,Kauno m.,41.0,1965.0,1,ambiguous,citywide,26058,61044.0,9f1bcbe7-7777-4a80-b47c-63f8305ae147,40.99718746622927,Šilainių sen.,489915.4371500001,6087957.446799999,6.86007376287101e-05
74499445190794281,Kauno m.,12.0,1930.0,1,ambiguous,citywide,8594,3192.0,1E9685FE-87AF-4400-866F-38F9F4075B25,12.001999996529893,Šilainių sen.,492618.23000000004,6090486.250000001,0.00016665249019354178
75711117090434807,Centro sen.,330.0,1880.0,2,ambiguous,district,1208,62925.0,416182bf-dc0f-487c-9617-d62719785e53,330.5118798609941,Centro sen.,494225.51186654787,6084653.175152158,0.0015499493016770671
74571531566475224,Kauno m.,26.0,1986.0,1,ambiguous,citywide,18729,30248.0,0E85D2CF-C288-45B7-B007-683BF429F192,25.999763854411132,Vilijampolės sen.,492539.84290740883,6085427.240912551,9.0825638952019e-06
74397696691154036,Kauno m.,17.0,1951.0,1,ambiguous,citywide,12896,7495.0,20E3F8ED-B037-4A40-9933-B4B5DFBA6909,17.000950002374314,Aleksoto sen.,495416.22617561574,6080355.553315051,5.588093123831683e-05
65057307777707546,Aleksoto sen.,20.0,2012.0,1,ambiguous,district,2443,42659.0,62E3BCEC-CF1A-411E-BD41-7C2CD1C41A70,20.000999999978582,Aleksoto sen.,493055.17640744965,6080852.427823423,4.9998748970825346e-05
74299093105490766,Kauno m.,16.0,1987.0,1,ambiguous,citywide,12108,36148.0,42D62C8E-7585-4040-B6DD-350FA71FAB0F,16.0,Šančių sen.,496992.37090000045,6082192.865499999,0.0
85505100538701362,Vilijampolės sen.,159.0,2005.0,1,ambiguous,district,3636,57871.0,c8a36eb7-d3f2-4703-b8ab-75395e54278b,159.00146706298003,Vilijampolės sen.,487887.4668794796,6087104.40989297,9.226768628245452e-06
64850784335997183,Kauno m.,50.0,2021.0,1,ambiguous,citywide,30622,53247.0,a27e4b68-3b55-4f18-b271-1f343af0ce60,50.00029855039059,Šilainių sen.,491810.95530000003,6086831.844749999,5.9709899855597826e-06
74457299957263856,Kauno m.,28.0,1982.0,1,ambiguous,citywide,19655,64435.0,b8b3c45b-50c8-439c-a780-10936b21dc7b,27.999818957143066,Eigulių sen.,496841.2465692256,6087032.037176935,6.465837222524584e-06
75018091815580695,Kauno m.,11.0,1989.0,0,ambiguous,citywide,7571,3192.0,1E9685FE-87AF-4400-866F-38F9F4075B25,12.001999996529893,Šilainių sen.,492618.23000000004,6090486.250000001,0.08717802947982323
7498928821470377,Panemunės sen.,104.99,1958.0,1,ambiguous,district,5338,56542.0,b7c9108b-deaa-48e2-a600-b923274311e7,104.99826592645981,Panemunės sen.,498023.9767320326,6081170.754781372,7.872750820236973e-05
74492195387768176,Kauno m.,6.0,1947.0,1,ambiguous,citywide,1255,3192.0,1E9685FE-87AF-4400-866F-38F9F4075B25,12.001999996529893,Šilainių sen.,492618.23000000004,6090486.250000001,0.6933138330501389
65189654690970142,Šilainių sen.,200.0,2018.0,2,ambiguous,district,5592,48833.0,00DC4AE3-1180-4456-AF28-FB6065648918,200.01057905281704,Šilainių sen.,494950.24967250804,6091409.606977024,5.289386518025907e-05
74919414700279865,Kauno m.,11.0,1985.0,1,ambiguous,citywide,7571,3192.0,1E9685FE-87AF-4400-866F-38F9F4075B25,12.001999996529893,Šilainių sen.,492618.23000000004,6090486.250000001,0.08717802947982323
75373650679169624,Petrašiūnų sen.,1224.0,1988.0,1,ambiguous,district,535,26934.0,9F66F50F-07D0-4617-A8D3-7CF12CE1C47C,1223.0482397483488,Petrašiūnų sen.,501263.2739879597,6086847.0888785785,0.000777884378561744
75587481740474291,Gričiupio sen.,19.0,1963.0,1,ambiguous,district,419,57464.0,841ab5e1-67c2-404e-af19-838442e01ce0,18.986193523152647,Gričiupio sen.,496806.8305536603,6086048.544679043,0.0007269208191074128
74923740838981165,Kauno m.,305.0,1998.0,1,ambiguous,citywide,17506,65356.0,5b0817dd-37ba-49b1-ae86-26dca2d4b03f,305.016083514362,Panemunės sen.,500129.81465761835,6078711.494580877,5.2731443646258924e-05
75482702420090683,Aleksoto sen.,82.0,1974.0,1,ambiguous,district,7911,50261.0,CD038C9D-76A9-44A9-B5F9-89B2E0B2289A,82.02774608040252,Aleksoto sen.,493587.4749799763,6083507.500347137,0.00033830960102942953
75654535422672087,Žaliakalnio sen.,118.0,1937.0,2,ambiguous,district,4602,34024.0,4954E060-8E54-4475-A5D9-0B209ACBA6B8,118.01003171002571,Žaliakalnio sen.,493908.7483365523,6085107.135350227,8.50108782159964e-05
65110434772927356,Aleksoto sen.,228.0,2015.0,1,ambiguous,district,4810,50661.0,06A09F45-C614-4E57-9B29-C3A261E5C693,227.97585767831387,Aleksoto sen.,490642.95175918983,6081175.511947158,0.00010589298228058652
75404409117260027,Šilainių sen.,471.0,1984.0,1,ambiguous,district,1223,47750.0,b8cf856a-f047-4bcb-be17-1bddbf03b239,472.54322529191444,Šilainių sen.,487151.52898743906,6087889.095157433,0.00327113083243713
74267889417453645,Aleksoto sen.,20.0,1972.0,1,ambiguous,district,2443,42659.0,62E3BCEC-CF1A-411E-BD41-7C2CD1C41A70,20.000999999978582,Aleksoto sen.,493055.17640744965,6080852.427823423,4.9998748970825346e-05
74976940794090743,Kauno m.,20.0,1982.0,1,ambiguous,citywide,15162,42659.0,62E3BCEC-CF1A-411E-BD41-7C2CD1C41A70,20.000999999978582,Aleksoto sen.,493055.17640744965,6080852.427823423,4.9998748970825346e-05
7417787230235931,Kauno m.,20.0,1984.0,1,ambiguous,citywide,15162,42659.0,62E3BCEC-CF1A-411E-BD41-7C2CD1C41A70,20.000999999978582,Aleksoto sen.,493055.17640744965,6080852.427823423,4.9998748970825346e-05
65329230483761908,Panemunės sen.,135.0,2018.0,1,ambiguous,district,5189,31708.0,1AC6156B-2097-451E-9C7D-77AF12F1A725,134.9934999982044,Panemunės sen.,501115.6959116514,6078760.037531971,4.8149320608814605e-05
74203241726586947,Šilainių sen.,183.51,2001.0,2,ambiguous,district,5983,22862.0,945BF402-AF01-4E14-9142-4EF8EB7EE118,183.5142854107276,Šilainių sen.,493936.06338769424,6089754.418838393,2.3352191656833554e-05
74631796189144034,Kauno m.,45.5,1968.0,1,ambiguous,citywide,28347,15586.0,B4B12D6A-FB1A-42AD-9DE4-613AC67B7D02,45.500950008739906,Šančių sen.,495836.9663689477,6080940.854602337,2.087909499515206e-05
75536690976398341,Petrašiūnų sen.,121.0,1969.0,1,ambiguous,district,3300,20246.0,012D5603-078E-4855-82AF-F43D9E14405E,120.99784999968632,Petrašiūnų sen.,502676.9017404749,6085666.82473754,1.7768755497193922e-05
74138354051635005,Kauno m.,20.0,1920.0,1,ambiguous,citywide,15162,42659.0,62E3BCEC-CF1A-411E-BD41-7C2CD1C41A70,20.000999999978582,Aleksoto sen.,493055.17640744965,6080852.427823423,4.9998748970825346e-05
74252165407282356,Kauno m.,11.0,1990.0,1,ambiguous,citywide,7571,3192.0,1E9685FE-87AF-4400-866F-38F9F4075B25,12.001999996529893,Šilainių sen.,492618.23000000004,6090486.250000001,0.08717802947982323
65188830795378752,Aleksoto sen.,131.0,2018.0,1,ambiguous,district,7744,61879.0,18a87098-ec47-4b31-9e55-516e2d18010f,131.00583056621872,Aleksoto sen.,493071.50389723224,6081045.671032865,4.45071486163684e-05
74237797723944829,Kauno m.,33.0,1988.0,1,ambiguous,citywide,21974,5827.0,2919B7C4-75EB-499B-9E0A-49AE80F70E12,33.00240000490323,Žaliakalnio sen.,494503.0350000001,6085593.42,7.272477679931555e-05
75184281496093006,Aleksoto sen.,91.0,1978.0,1,ambiguous,district,8116,62725.0,9806e061-abce-456e-9720-20e1f3754cb0,91.0041477688837,Aleksoto sen.,493430.8417809502,6083816.005764676,4.557883911182614e-05
75616241604507181,Šilainių sen.,126.0,1958.0,1,ambiguous,district,7221,66006.0,e366d1d0-22ec-490e-a336-7cdfe58b654b,126.00020868227458,Šilainių sen.,491815.50025000004,6087644.85475,1.6562071571968318e-06
87471339649399099,Kauno m.,59.0,1990.0,1,ambiguous,citywide,34206,40092.0,E4EBD6F3-53AF-4C9A-BC37-E4AA227E04BB,58.99969999083057,Panemunės sen.,497845.07500000024,6081615.741199999,5.084914104891425e-06
7566018928549581,Vilijampolės sen.,393.0,1997.0,2,ambiguous,district,924,7040.0,293E9205-2966-4929-A5F1-8BA5DCD451CF,393.67102276772954,Vilijampolės sen.,494123.1515147858,6088488.066446226,0.0017059810544752807
75343180571108267,Aleksoto sen.,128.0,1992.0,2,ambiguous,district,7788,53310.0,6e5ada3b-994a-4d72-a00d-b23b78018244,127.95949262147435,Aleksoto sen.,492177.5836142572,6079021.186820299,0.0003165139799969907
74227036615802516,Šilainių sen.,83.0,1969.0,2,ambiguous,district,7052,47259.0,91FC6046-5816-4D43-BA0A-75C1F05E738E,82.9852724523677,Šilainių sen.,488629.02793368493,6089002.177363988,0.0001774560773180056
74412062369366622,Kauno m.,18.0,1988.0,1,ambiguous,citywide,13645,12810.0,E5470CB3-C0D5-46A3-9ABF-28319CADAD23,18.000599997430665,Panemunės sen.,499372.8338694433,6080718.06656832,3.333263505433948e-05
74438525379424303,Kauno m.,38.0,1983.0,1,ambiguous,citywide,24483,47285.0,e8a10eaa-5c92-49ae-9103-251bf906b46a,38.00377657364652,Vilijampolės sen.,493546.3028499998,6086931.695050001,9.937857879904755e-05
74307092022659199,Kauno m.,24.0,1955.0,1,ambiguous,citywide,17670,12815.0,E8EABD14-F888-422C-ABA7-C5C8CCEC5C25,24.000599999125676,Šančių sen.,496818.5500000001,6081148.900000001,2.4999651075940932e-05
75647504217873085,Žaliakalnio sen.,114.0,1938.0,1,ambiguous,district,4617,60347.0,2a2d2b1d-da30-4403-b974-5b340d2abfef,113.99665118665989,Žaliakalnio sen.,495880.45619999996,6085380.20885,2.937598708552258e-05
74930646772271972,Kauno m.,20.0,1960.0,1,ambiguous,citywide,15162,42659.0,62E3BCEC-CF1A-411E-BD41-7C2CD1C41A70,20.000999999978582,Aleksoto sen.,493055.17640744965,6080852.427823423,4.9998748970825346e-05
75638081977808788,Vilijampolės sen.,174.0,2016.0,3,ambiguous,district,3319,22144.0,EB6B564C-0A86-40A9-ADA1-F4240546348D,173.96452939281608,Vilijampolės sen.,493813.4754842209,6087288.985590611,0.00020387484533923583
65118993084676668,Panemunės sen.,146.0,2015.0,2,ambiguous,district,5072,40861.0,12BB1741-30FB-45F3-94C3-617D93A87372,145.99224999109376,Panemunės sen.,496848.3387249807,6078572.473439683,5.308366169476386e-05
75484533246063149,Žaliakalnio sen.,118.0,1973.0,2,ambiguous,district,4602,34024.0,4954E060-8E54-4475-A5D9-0B209ACBA6B8,118.01003171002571,Žaliakalnio sen.,493908.7483365523,6085107.135350227,8.50108782159964e-05
64887345965401924,Šilainių sen.,144.0,2020.0,1,ambiguous,district,6913,46894.0,1eae71a0-50d7-4b19-9c7e-1c0c22fad596,143.97897602562608,Šilainių sen.,492331.2725667306,6088745.288048691,0.00014601048105244985
75605710254768518,Petrašiūnų sen.,61.0,1960.0,1,ambiguous,district,3686,22381.0,1A3E60CF-8F8B-4F20-A075-3E0E4BB95E16,60.94519999471046,Petrašiūnų sen.,500688.1077923827,6083756.503599259,0.0008987645103006869
64867862795338738,Kauno m.,203.0,2020.0,1,ambiguous,citywide,29523,22339.0,A0101824-ADCB-480B-A67A-A15356E4D868,203.00080000149626,Petrašiūnų sen.,503487.46713235,6085865.029920441,3.940886305286995e-06
7426057791948236,Kauno m.,35.0,1980.0,1,ambiguous,citywide,23010,43237.0,03C2C4FA-968F-486F-AF14-6AFEC83AE024,35.00125000765081,Žaliakalnio sen.,494072.2256530612,6085760.255303067,3.57138665614265e-05
64853061552703817,Kauno m.,75.0,2021.0,1,ambiguous,citywide,38786,59538.0,367cac22-e786-4f3d-bd68-f85ca1fa4a1b,74.99931672876731,Panemunės sen.,498036.76514870714,6078976.264416925,9.110324601380171e-06
74433090284019648,Kauno m.,29.0,1980.0,1,ambiguous,citywide,20122,61155.0,bae057a1-5e7d-4f8f-b6b2-7c2cf51afab8,28.999892065010798,Šilainių sen.,494649.80932389677,6090974.922940333,3.721903105713409e-06
74443902241259283,Kauno m.,16.0,1970.0,1,ambiguous,citywide,12108,36148.0,42D62C8E-7585-4040-B6DD-350FA71FAB0F,16.0,Šančių sen.,496992.37090000045,6082192.865499999,0.0
75343089289670331,Aleksoto sen.,165.0,2008.0,1,ambiguous,district,6813,4417.0,2BDF3855-45C2-45A8-A69B-134BB6E33F1A,165.00585001114254,Aleksoto sen.,493027.35145013046,6081475.297431823,3.545398448512316e-05
75340651792829658,Petrašiūnų sen.,247.0,2005.0,1,ambiguous,district,1797,25294.0,3DE92F35-DEEB-4FDA-8D8B-71129F5BF1C6,246.7728330035563,Petrašiūnų sen.,501866.3597883382,6084881.360506326,0.0009201276266628255
64872101199401844,Kauno m.,28.0,2011.0,1,ambiguous,citywide,19655,64435.0,b8b3c45b-50c8-439c-a780-10936b21dc7b,27.999818957143066,Eigulių sen.,496841.2465692256,6087032.037176935,6.465837222524584e-06
74881407351666443,Kauno m.,61.0,1966.0,1,ambiguous,citywide,34912,33464.0,FE05B47A-57AB-4A9A-B385-3574C4CABA1E,61.000800010134284,Panemunės sen.,501418.4887999999,6078938.8431,1.3114834234606576e-05
74770273118863084,Kauno m.,32.0,1993.0,1,ambiguous,citywide,21525,28850.0,F9939F46-5896-456D-8FF8-83FA4EBC29E8,31.996313406877867,Žaliakalnio sen.,496262.0398589024,6087029.177061065,0.00011521267179182004
75351090581833438,Žaliakalnio sen.,73.0,1990.0,1,ambiguous,district,4427,16091.0,7596DFA7-C5D7-43F4-813A-6EE45F00F7B3,73.00107483784477,Žaliakalnio sen.,494365.1647507486,6085863.839435653,1.4723697698393323e-05
65115165216686935,Aleksoto sen.,183.0,2017.0,3,ambiguous,district,6199,43689.0,C522C336-CF59-40E9-AB27-DA6FD616A099,182.98029999395627,Aleksoto sen.,494656.5259694344,6080655.223824227,0.00010765610096008515
75587177617528048,Aleksoto sen.,78.0,1963.0,1,ambiguous,district,7740,48342.0,b87ab062-e713-4099-b4e1-ebd23aca1834,77.98059467480472,Aleksoto sen.,492918.94070000027,6080039.1292,0.00024881717287783545
75620296035417464,Aleksoto sen.,147.0,1957.0,1,ambiguous,district,7393,38161.0,CC9E9716-2768-419F-965F-C9B20B4D651B,147.00429999730252,Aleksoto sen.,492397.5113318179,6081030.827735336,2.9251254508366742e-05
74414995795208411,Kauno m.,21.0,1989.0,1,ambiguous,citywide,15889,28359.0,7954F990-38CB-4317-9E88-38DC85F535ED,21.000499999102203,Vilijampolės sen.,492868.10720000026,6086517.1454,2.3809197616131428e-05
74571565968449133,Šančių sen.,126.0,1935.0,1,ambiguous,district,3274,3691.0,FF2A1F97-4C50-49A4-9D4F-3EC4C84DC027,126.00539999584704,Šančių sen.,495845.8615492352,6082098.801444862,4.285619155730558e-05
74208390582029785,Kauno m.,56.0,2001.0,1,ambiguous,citywide,33136,14071.0,0F96AE8A-F62B-4422-88C5-DA46B1EE9E33,56.00254999397211,Šančių sen.,496252.91843155964,6083642.204585592,4.5534569929728264e-05
74453512676640257,Kauno m.,34.0,1964.0,0,ambiguous,citywide,22473,31579.0,D64FC78D-52FC-4245-8DC4-EF5E74E3A922,34.00179999922104,Vilijampolės sen.,494278.27175430197,6087973.267618117,5.293975222642189e-05
64898390003759535,Šilainių sen.,50.0,2019.0,2,ambiguous,district,5194,53247.0,a27e4b68-3b55-4f18-b271-1f343af0ce60,50.00029855039059,Šilainių sen.,491810.95530000003,6086831.844749999,5.9709899855597826e-06
74170563976407505,Aleksoto sen.,25.0,1972.0,2,ambiguous,district,2986,34098.0,3D638E97-3D78-490A-B1AE-15C486C1227C,25.00780000036843,Aleksoto sen.,491738.494,6084224.3726,0.0003119513528542228
74594693485780628,Kauno m.,16.0,1990.0,1,ambiguous,citywide,12108,36148.0,42D62C8E-7585-4040-B6DD-350FA71FAB0F,16.0,Šančių sen.,496992.37090000045,6082192.865499999,0.0
74251832101689036,Kauno m.,30.0,1975.0,1,ambiguous,citywide,20562,52501.0,4120f24f-00d4-43b3-953d-e33775681ef2,30.00104933864251,Aleksoto sen.,494062.8141000001,6080861.18965,3.4977343035702546e-05
74395922240632906,Kauno m.,34.0,1969.0,1,ambiguous,citywide,22473,31579.0,D64FC78D-52FC-4245-8DC4-EF5E74E3A922,34.00179999922104,Vilijampolės sen.,494278.27175430197,6087973.267618117,5.293975222642189e-05
74220377493510348,Kauno m.,1722.0,2001.0,1,ambiguous,citywide,1802,26962.0,CD4DDE1E-E670-49A4-AD4B-50EA6CEBA297,1721.7126500422846,Petrašiūnų sen.,500357.072017407,6085883.332309018,0.00016688381847362876
74481190100226496,Kauno m.,17.0,1970.0,1,ambiguous,citywide,12896,7495.0,20E3F8ED-B037-4A40-9933-B4B5DFBA6909,17.000950002374314,Aleksoto sen.,495416.22617561574,6080355.553315051,5.588093123831683e-05
65258765559551277,Petrašiūnų sen.,108.0,2017.0,1,ambiguous,district,3418,25063.0,5A9642C6-5EA6-4A71-A903-4BC67FB88AA5,107.95946398675976,Petrašiūnų sen.,503313.88593673764,6086268.224366005,0.0003754039111596441
74116630904123099,Kauno m.,104.0,1993.0,2,ambiguous,citywide,40910,53760.0,78281872-9aa8-4227-9d0a-d19158726ee5,103.99919881171498,Šilainių sen.,490411.85054999986,6089278.4392,7.70376318381949e-06
75514842227754037,Žaliakalnio sen.,127.0,1970.0,1,ambiguous,district,4535,8464.0,8E2E42B7-7D16-477E-ABE5-DD32B4731357,126.99879998900816,Žaliakalnio sen.,494597.6000000001,6086018.890000001,9.448950089030461e-06
74463677211408508,Kauno m.,12.0,1969.0,1,ambiguous,citywide,8594,3192.0,1E9685FE-87AF-4400-866F-38F9F4075B25,12.001999996529893,Šilainių sen.,492618.23000000004,6090486.250000001,0.00016665249019354178
10048327066329162,Vilijampolės sen.,261.0,2008.0,1,ambiguous,district,1826,20128.0,FDD47C7E-1281-4F16-837C-F086611FD87F,260.8188999999374,Vilijampolės sen.,488290.14180722047,6087607.113446826,0.0006941105710573936
75559264374229732,Dainavos sen.,692.0,1966.0,5,ambiguous,district,571,57277.0,f658ce09-86cd-4bbe-aba1-1bc2eac5f53c,691.7735744064883,Dainavos sen.,497130.61811589974,6086535.18941438,0.0003272581580109346
74179433597247768,Žaliakalnio sen.,67.0,1985.0,1,ambiguous,district,4257,63262.0,dae9fd93-d9dc-4164-9eb5-b43d8be21918,66.92451708185328,Žaliakalnio sen.,495978.61786120187,6084052.855138324,0.001127245821517242
74420880205929213,Kauno m.,31.0,1980.0,1,ambiguous,citywide,21068,37956.0,D74F9B33-AA42-4A40-9357-73300279589E,31.000705796529928,Vilijampolės sen.,491720.46673969046,6086516.7864471385,2.2767370819298804e-05
64902033291051889,Vilijampolės sen.,107.0,2018.0,1,ambiguous,district,4449,10240.0,C6176BFE-F473-4177-9CBC-000AE89EBF01,107.02450000016205,Vilijampolės sen.,492601.49992202147,6085907.570528132,0.0002289457540527451
75549348390827581,Šilainių sen.,89.0,1967.0,1,ambiguous,district,7237,27705.0,4D5BB476-3688-49F5-9F0F-7756EC76C2E6,88.98744999654237,Šilainių sen.,491885.071281992,6088468.660980048,0.0001410212178294401
74867933553119312,Kauno m.,23.0,1946.0,1,ambiguous,citywide,17115,23510.0,B614982E-50C9-49D2-BD1F-20276B84190F,23.003700001622736,Vilijampolės sen.,493912.0850999998,6087234.5699,0.0001608566976387671
74317961989876544,Kauno m.,29.0,1930.0,2,ambiguous,citywide,20122,61155.0,bae057a1-5e7d-4f8f-b6b2-7c2cf51afab8,28.999892065010798,Šilainių sen.,494649.80932389677,6090974.922940333,3.721903105713409e-06
74390743037635834,Kauno m.,12.0,1979.0,1,ambiguous,citywide,8594,3192.0,1E9685FE-87AF-4400-866F-38F9F4075B25,12.001999996529893,Šilainių sen.,492618.23000000004,6090486.250000001,0.00016665249019354178
7440159635944657,Kauno m.,22.0,1975.0,1,ambiguous,citywide,16561,54794.0,602187e6-288e-4b60-a8c1-e118443d91d0,21.998916665486203,Vilijampolės sen.,491043.35404556396,6086148.481079037,4.9243690350753155e-05
74853127028870717,Kauno m.,21.0,1976.0,1,ambiguous,citywide,15889,28359.0,7954F990-38CB-4317-9E88-38DC85F535ED,21.000499999102203,Vilijampolės sen.,492868.10720000026,6086517.1454,2.3809197616131428e-05
75029185368784876,Panemunės sen.,285.0,1917.0,1,ambiguous,district,2743,35808.0,5F30F06D-56C2-4A68-85BD-1F5D5EC658EC,285.04228173968556,Panemunės sen.,496297.09626508754,6077462.687511952,0.00014834597754376233
64898796403655423,Šilainių sen.,69.0,2003.0,1,ambiguous,district,6462,51845.0,e26af6bf-bc2a-40b4-bf3b-d00e807ab691,68.99075392115834,Šilainių sen.,494484.5000077892,6091314.143405217,0.00013401012158809067
65192295262686745,Kauno m.,59.0,2009.0,1,ambiguous,citywide,34206,40092.0,E4EBD6F3-53AF-4C9A-BC37-E4AA227E04BB,58.99969999083057,Panemunės sen.,497845.07500000024,6081615.741199999,5.084914104891425e-06
74288500951372627,Kauno m.,27.0,1957.0,1,ambiguous,citywide,19219,8089.0,00F782A1-B0D3-4C33-BBDC-F90B7180B226,26.998350001438148,Panemunės sen.,496870.9255026141,6077850.352718684,6.111292520305511e-05
74294778666389713,Kauno m.,44.0,1936.0,1,ambiguous,citywide,27539,60527.0,db38a606-53d1-47e6-b5d4-e64aaa21ee43,44.00053074682302,Šilainių sen.,489971.9751714654,6088039.162789768,1.2062355045472373e-05
74481826683695351,Kauno m.,30.0,1950.0,1,ambiguous,citywide,20562,52501.0,4120f24f-00d4-43b3-953d-e33775681ef2,30.00104933864251,Aleksoto sen.,494062.8141000001,6080861.18965,3.4977343035702546e-05
6491598751194462,Kauno m.,108.0,2022.0,2,ambiguous,citywide,40750,66154.0,d2a8b79e-1107-40d6-b97c-2e1835a22a6d,107.9997808870303,Šilainių sen.,491205.1918572315,6089558.296033209,2.0288258522072056e-06
75636946872296593,Šančių sen.,169.0,1948.0,1,ambiguous,district,2723,42658.0,42E0F8E6-3C7A-446F-9796-1C5B7EE82529,168.97570667289324,Šančių sen.,496579.67210138467,6081536.724655636,0.00014375783033493406
744017872449627,Kauno m.,40.0,1960.0,1,ambiguous,citywide,25535,512.0,2119E511-AA18-4FFF-AE06-1B9C823F8464,39.99623781162094,Vilijampolės sen.,494215.36519710184,6088381.179617149,9.405913289795009e-05
65211392598062537,Petrašiūnų sen.,100.0,2016.0,1,ambiguous,district,3493,22347.0,3C97A7D3-4FCD-42A3-9DC5-F19CA31EEE93,100.02294353024831,Petrašiūnų sen.,503294.63338741567,6086495.433013588,0.00022940898622891837
64916281490039654,Petrašiūnų sen.,196.0,2017.0,1,ambiguous,district,2318,58936.0,cb87d980-f309-4b6c-87ee-53850298d2e6,195.97281904736164,Petrašiūnų sen.,502365.09969851375,6086079.385114294,0.0001386879465155033
74250657258657898,Kauno m.,23.0,1975.0,1,ambiguous,citywide,17115,23510.0,B614982E-50C9-49D2-BD1F-20276B84190F,23.003700001622736,Vilijampolės sen.,493912.0850999998,6087234.5699,0.0001608566976387671
74895572150332657,Kauno m.,32.0,1960.0,1,ambiguous,citywide,21525,28850.0,F9939F46-5896-456D-8FF8-83FA4EBC29E8,31.996313406877867,Žaliakalnio sen.,496262.0398589024,6087029.177061065,0.00011521267179182004
75618170136781016,Aleksoto sen.,89.0,1980.0,1,ambiguous,district,8090,16956.0,3FFED1AC-B36F-4DAB-A267-573A3D36D0DC,88.9888120389575,Aleksoto sen.,491155.5952667008,6080488.8229924,0.00012571532928440377
75493060352246774,Kauno m.,29.0,1973.0,1,ambiguous,citywide,20122,61155.0,bae057a1-5e7d-4f8f-b6b2-7c2cf51afab8,28.999892065010798,Šilainių sen.,494649.80932389677,6090974.922940333,3.721903105713409e-06
75699295413167653,Šančių sen.,246.0,1910.0,1,ambiguous,district,1715,43993.0,37B54025-54E0-41BC-84EC-8262A7E53AC1,245.93298616606558,Šančių sen.,496189.8000387258,6080894.974106036,0.00027245107050521966
74294042892296797,Kauno m.,26.0,1956.0,1,ambiguous,citywide,18729,30248.0,0E85D2CF-C288-45B7-B007-683BF429F192,25.999763854411132,Vilijampolės sen.,492539.84290740883,6085427.240912551,9.0825638952019e-06
748299502208217,Kauno m.,71.0,1980.0,1,ambiguous,citywide,37861,50861.0,699a1b12-498f-4ef3-b5e5-6fe91657e3e6,70.99959846924031,Petrašiūnų sen.,499474.1582541752,6085005.326255539,5.655378804370059e-06
74448311169073786,Kauno m.,24.0,1946.0,1,ambiguous,citywide,17670,12815.0,E8EABD14-F888-422C-ABA7-C5C8CCEC5C25,24.000599999125676,Šančių sen.,496818.5500000001,6081148.900000001,2.4999651075940932e-05
75199960290872628,Panemunės sen.,75.0,1972.0,2,ambiguous,district,4691,59538.0,367cac22-e786-4f3d-bd68-f85ca1fa4a1b,74.99931672876731,Panemunės sen.,498036.76514870714,6078976.264416925,9.110324601380171e-06
75358934836316463,Šančių sen.,106.0,1990.0,2,ambiguous,district,3493,45626.0,ECC45458-09DD-4159-952C-430DB26DD2DC,106.00500000811648,Šančių sen.,495906.14888813894,6081280.90470913,4.7168775427763876e-05
64817082911247825,Kauno m.,64.0,2015.0,1,ambiguous,citywide,35945,48206.0,d0513278-e13f-45b6-9d49-510f6eec9a07,64.00019821173042,Šilainių sen.,494084.6633797297,6090574.282557287,3.097053491885049e-06
74568125062813906,Kauno m.,7.0,1961.0,1,ambiguous,citywide,2461,3192.0,1E9685FE-87AF-4400-866F-38F9F4075B25,12.001999996529893,Šilainių sen.,492618.23000000004,6090486.250000001,0.5391631532228807
75423508205563969,Eigulių sen.,623.0,1981.0,5,ambiguous,district,606,8246.0,B091BAB2-5DE8-4087-8708-05F21D09C6A1,622.5949949928711,Eigulių sen.,497639.7656999998,6088488.504550001,0.0006502996929658167
75687833139668745,Aleksoto sen.,34.0,1930.0,1,ambiguous,district,3855,40155.0,A6841622-92EE-4452-9BF8-D7638E097412,33.98790000497401,Aleksoto sen.,491832.62931084307,6082009.436363066,0.00035594554774798226
64861759216470791,Kauno m.,106.0,2020.0,1,ambiguous,citywide,40844,42615.0,67AB060E-3899-494F-9134-63FE49357357,105.99840000594352,Aleksoto sen.,491073.17500000016,6080039.324999999,1.5094397471493437e-05
74927249445439714,Kauno m.,25.0,1988.0,1,ambiguous,citywide,18210,29207.0,0A56472F-66B2-41A7-B47B-01701314B5D5,25.00039999837093,Gričiupio sen.,497989.3960000001,6085158.809300002,1.5999806839861463e-05
74445886799341596,Kauno m.,16.0,1987.0,1,ambiguous,citywide,12108,36148.0,42D62C8E-7585-4040-B6DD-350FA71FAB0F,16.0,Šančių sen.,496992.37090000045,6082192.865499999,0.0
75706984099910127,Panemunės sen.,47.0,1895.0,1,ambiguous,district,3171,44046.0,E9563EE8-03B2-4509-95BD-8D34EA2E8BEB,46.97609999890774,Panemunės sen.,497303.7164868192,6080962.435474618,0.0005086399969309596
75687454924653466,Vilijampolės sen.,342.0,1925.0,2,ambiguous,district,1180,32698.0,C7F06763-ED86-4403-90C2-488CE7778238,341.9330733103117,Vilijampolės sen.,494053.24018235,6087369.081301325,0.00019571122530415153
74467514682168917,Kauno m.,182.0,2003.0,1,ambiguous,citywide,32412,180.0,2808F4AB-F512-49B5-BF5C-D8EEA84F7DBB,182.0008500079807,Šančių sen.,496533.55773472425,6082404.514544542,4.670362613978796e-06
7556631753400872,Žaliakalnio sen.,78.0,1966.0,2,ambiguous,district,4537,24127.0,5D92641F-FB69-48F2-9C20-AF259709CB3A,78.01845000318923,Žaliakalnio sen.,495453.71866552165,6087313.54142008,0.00023651053160556046
64890669377634838,Aleksoto sen.,200.0,2019.0,1,ambiguous,district,5678,52463.0,36231168-f37c-499d-8b7c-73bc50e517cd,199.97963089584945,Aleksoto sen.,494000.3819962381,6080404.936203576,0.00010185070735957424
74881116747110371,Kauno m.,32.0,1975.0,1,ambiguous,citywide,21525,28850.0,F9939F46-5896-456D-8FF8-83FA4EBC29E8,31.996313406877867,Žaliakalnio sen.,496262.0398589024,6087029.177061065,0.00011521267179182004
75705967039408892,Kauno m.,295.0,1900.0,1,ambiguous,citywide,18462,3592.0,85C456C4-122E-4E7D-812F-872490A4C7FF,294.9985999820135,Petrašiūnų sen.,500092.1150000003,6083629.169999999,4.745834944586136e-06
75643977264872667,Žaliakalnio sen.,142.0,1939.0,1,ambiguous,district,4405,30430.0,9A93FD90-3D90-42C3-9201-8FF694D5CD9E,142.00750000884756,Žaliakalnio sen.,496396.20380000025,6085383.939600002,5.281556894853878e-05
6491976915192299,Šilainių sen.,72.0,2020.0,2,ambiguous,district,6612,47490.0,411DBDE1-1A7B-4DE4-8FD2-FD8F85FF13FD,71.9917585776824,Šilainių sen.,492780.0295939082,6086963.805052392,0.00011447075038173438
75015188633222346,Kauno m.,27.0,1990.0,1,ambiguous,citywide,19219,8089.0,00F782A1-B0D3-4C33-BBDC-F90B7180B226,26.998350001438148,Panemunės sen.,496870.9255026141,6077850.352718684,6.111292520305511e-05
74309355830236998,Kauno m.,17.0,1980.0,0,ambiguous,citywide,12896,7495.0,20E3F8ED-B037-4A40-9933-B4B5DFBA6909,17.000950002374314,Aleksoto sen.,495416.22617561574,6080355.553315051,5.588093123831683e-05
74434171277222919,Kauno m.,35.0,1986.0,1,ambiguous,citywide,23010,43237.0,03C2C4FA-968F-486F-AF14-6AFEC83AE024,35.00125000765081,Žaliakalnio sen.,494072.2256530612,6085760.255303067,3.57138665614265e-05
74262108330351198,Kauno m.,70.0,1989.0,1,ambiguous,citywide,37634,38532.0,F1C8B1B8-FBF8-48C0-B665-8610526B2072,70.00159998517167,Aleksoto sen.,493028.32152390364,6081648.667151224,2.2856669807502783e-05
75537944359583192,Panemunės sen.,111.0,1968.0,1,ambiguous,district,5335,27570.0,30655832-D5D7-4AD3-8F4E-04A0C05B4EF1,110.98070001363587,Panemunės sen.,502159.61099375517,6079316.928225948,0.00017388886882141463
75682217525411211,Aleksoto sen.,81.0,1928.0,1,ambiguous,district,7868,15013.0,C2B9746F-5822-41C4-904C-8C6468AC983F,80.97910000838023,Aleksoto sen.,492477.25728768687,6080803.081631676,0.00025805788196997526
7563368917141422,Aleksoto sen.,1515.0,1971.0,1,ambiguous,district,190,16713.0,D8131EDB-8CB6-440C-98E5-9D5D313A4964,1505.778549034535,Aleksoto sen.,493617.4664826422,6082215.784492232,0.00610536618972457
74614932631954872,Kauno m.,30.75,1992.0,1,ambiguous,citywide,20927,16721.0,43BD9813-F1F0-473C-BC9C-5E736CBA377E,30.748999996915458,Gričiupio sen.,498217.8499999996,6084714.434999999,3.252095431394153e-05
7569507186604485,Žaliakalnio sen.,134.0,1920.0,1,ambiguous,district,4484,5535.0,13E2E1CC-8C6A-4EA7-A4B0-3A8057AA2558,133.99796999718876,Žaliakalnio sen.,493747.3860117911,6085139.079887845,1.5149389462010276e-05
74883695977344053,Kauno m.,22.0,1959.0,1,ambiguous,citywide,16561,54794.0,602187e6-288e-4b60-a8c1-e118443d91d0,21.998916665486203,Vilijampolės sen.,491043.35404556396,6086148.481079037,4.9243690350753155e-05
74492833548611789,Kauno m.,18.0,1981.0,1,ambiguous,citywide,13645,12810.0,E5470CB3-C0D5-46A3-9ABF-28319CADAD23,18.000599997430665,Panemunės sen.,499372.8338694433,6080718.06656832,3.333263505433948e-05
74495977976540728,Kauno m.,20.0,1936.0,1,ambiguous,citywide,15162,42659.0,62E3BCEC-CF1A-411E-BD41-7C2CD1C41A70,20.000999999978582,Aleksoto sen.,493055.17640744965,6080852.427823423,4.9998748970825346e-05
74843482354592608,Kauno m.,23.14,1960.0,1,ambiguous,citywide,17186,51875.0,56478991-c0a7-4add-bc2f-60fac2888715,23.141680829955458,Aleksoto sen.,495722.37903314934,6079456.339349759,7.263478447860905e-05
75401627070600163,Dainavos sen.,393.0,1984.0,10,ambiguous,district,530,4141.0,E90C7656-0014-4DD5-A187-FC8B0F993E73,391.42779999615885,Dainavos sen.,498807.09836959507,6086199.095282641,0.0040085323571332765
74430072351248433,Kauno m.,24.0,1950.0,1,ambiguous,citywide,17670,12815.0,E8EABD14-F888-422C-ABA7-C5C8CCEC5C25,24.000599999125676,Šančių sen.,496818.5500000001,6081148.900000001,2.4999651075940932e-05
74635362540746777,Kauno m.,15.91,1932.0,1,ambiguous,citywide,12035,46476.0,3D7B6747-E514-4CA4-A010-2B11A3E7F3E9,15.910263581417855,Panemunės sen.,496366.5561965389,6077415.277152123,1.656689091777963e-05
74947548753492715,Kauno m.,10.4,1955.0,1,ambiguous,citywide,6926,3192.0,1E9685FE-87AF-4400-866F-38F9F4075B25,12.001999996529893,Šilainių sen.,492618.23000000004,6090486.250000001,0.14326749613086687
74630411866493565,Kauno m.,26.0,1994.0,1,ambiguous,citywide,18729,30248.0,0E85D2CF-C288-45B7-B007-683BF429F192,25.999763854411132,Vilijampolės sen.,492539.84290740883,6085427.240912551,9.0825638952019e-06
6475370356451364,Kauno m.,289.0,2023.0,1,ambiguous,citywide,19068,18434.0,AA58E44D-DCA3-4BC1-9225-05137101C8EF,288.97627344679734,Šilainių sen.,490128.0443067584,6088551.334287076,8.210217030057976e-05
75015027772491513,Kauno m.,26.0,1900.0,2,ambiguous,citywide,18729,30248.0,0E85D2CF-C288-45B7-B007-683BF429F192,25.999763854411132,Vilijampolės sen.,492539.84290740883,6085427.240912551,9.0825638952019e-06
75644105563423547,Vilijampolės sen.,125.0,1939.0,1,ambiguous,district,4241,8409.0,6DA0C356-3EBD-4207-A24D-11F08F04A4B9,124.98276717802591,Vilijampolės sen.,491691.588684008,6086026.293563607,0.00013787207971116544
75640473538737249,Vilijampolės sen.,234.0,1940.0,1,ambiguous,district,2211,22581.0,DF1E59BD-627D-465A-AAD3-DD7599583A41,234.12412340201993,Vilijampolės sen.,487389.13501634635,6087335.772786014,0.0005303012544048968
75026727480733579,Kauno m.,259.0,1970.0,1,ambiguous,citywide,22051,34547.0,8578399B-AC4F-4703-B8CC-B507E461FECB,259.0223136282919,Vilijampolės sen.,492796.52245459403,6085389.962808921,8.614929403183424e-05
75611105370484752,Petrašiūnų sen.,129.0,1959.0,2,ambiguous,district,3194,22931.0,EE95A39E-886B-45A7-90D6-F68B8D73EAA1,128.97274548132833,Petrašiūnų sen.,503459.1272663644,6085835.513757863,0.00021129766031791064
74194253551359682,Šilainių sen.,124.0,1987.0,1,ambiguous,district,7235,25237.0,851C37F9-0FD8-4460-8AD0-09ECADAEC229,123.98582564915289,Šilainių sen.,488041.9694178518,6088721.78665526,0.00011431581482934661
74266846336694628,Kauno m.,11.0,1966.0,1,ambiguous,citywide,7571,3192.0,1E9685FE-87AF-4400-866F-38F9F4075B25,12.001999996529893,Šilainių sen.,492618.23000000004,6090486.250000001,0.08717802947982323
75149533013153913,Šilainių sen.,302.05,1995.0,2,ambiguous,district,3392,54302.0,1d3eef1a-3073-4ae1-83b1-50e66b8943d7,302.00867545350496,Šilainių sen.,490104.66629713046,6088723.127040758,0.0001368229552483058
74203962540310142,Panemunės sen.,272.0,2001.0,1,ambiguous,district,2964,3210.0,A7AE61E8-02AD-4F46-86F4-4E735D40C0EB,271.9673500050405,Panemunės sen.,498733.9281898469,6083250.468910969,0.00012004395116171906
64934434453856341,Panemunės sen.,197.0,2018.0,1,ambiguous,district,4275,17373.0,BAA4D28E-4F8B-4305-A5CC-2BA8A654D114,196.9817499985015,Panemunės sen.,499237.89451151475,6080558.553985471,9.264389282837016e-05
8127426126197855,Šilainių sen.,1196.0,2006.0,1,ambiguous,district,319,30870.0,9CB6A96F-CA39-4E62-87EB-6BE9071F74DB,1205.6936000177857,Šilainių sen.,492690.6870778326,6089525.299002892,0.008072347493587095
75613582278053343,Gričiupio sen.,160.0,1958.0,1,ambiguous,district,972,60414.0,f3e06f68-535e-4987-904a-c77b50977a64,159.89557267992873,Gričiupio sen.,498181.08534833265,6085108.343749163,0.000652883832719553
74296589153364664,Kauno m.,25.0,1994.0,1,ambiguous,citywide,18210,29207.0,0A56472F-66B2-41A7-B47B-01701314B5D5,25.00039999837093,Gričiupio sen.,497989.3960000001,6085158.809300002,1.5999806839861463e-05
75337135936581534,Centro sen.,509.0,2014.0,5,ambiguous,district,756,32410.0,C0A7599A-F5A0-41FE-B28B-9E2E27B9991E,509.2083501270498,Centro sen.,492596.2430142614,6084496.962945652,0.00040924851958212827
74830340453238373,Kauno m.,17.0,1995.0,0,ambiguous,citywide,12896,7495.0,20E3F8ED-B037-4A40-9933-B4B5DFBA6909,17.000950002374314,Aleksoto sen.,495416.22617561574,6080355.553315051,5.588093123831683e-05
74826643185055289,Kauno m.,6.0,1978.0,0,ambiguous,citywide,1255,3192.0,1E9685FE-87AF-4400-866F-38F9F4075B25,12.001999996529893,Šilainių sen.,492618.23000000004,6090486.250000001,0.6933138330501389
74550762880798455,Kauno m.,22.0,1930.0,1,ambiguous,citywide,16561,54794.0,602187e6-288e-4b60-a8c1-e118443d91d0,21.998916665486203,Vilijampolės sen.,491043.35404556396,6086148.481079037,4.9243690350753155e-05
75633159245999865,Centro sen.,191.0,2006.0,2,ambiguous,district,1647,62982.0,7c38185e-e993-4aa1-97f4-dfa289bdfcf7,190.96177852527936,Centro sen.,494256.7994785366,6084578.133721169,0.00020013245825722947
74937675325482206,Kauno m.,30.0,1979.0,1,ambiguous,citywide,20562,52501.0,4120f24f-00d4-43b3-953d-e33775681ef2,30.00104933864251,Aleksoto sen.,494062.8141000001,6080861.18965,3.4977343035702546e-05
74621439568325801,Kauno m.,40.25,1953.0,1,ambiguous,citywide,25671,37665.0,1F193596-FD64-4E10-ABFD-B103741CC9B2,40.252749998619784,Šilainių sen.,492175.96967278275,6086657.335762888,6.832061316908167e-05
75673710136517677,Gričiupio sen.,130.0,1997.0,1,ambiguous,district,1018,27798.0,5F3BA2F4-34FC-4496-A3FB-59A28857BFAE,129.93501873277293,Gričiupio sen.,498263.4817724034,6085299.922511068,0.0004999808713543885
75696584834793176,Kauno m.,379.0,1944.0,1,ambiguous,citywide,11851,15508.0,0802EDFC-6D1C-47DF-92D6-6A2B12BFCD08,378.924699999287,Aleksoto sen.,494592.3320233509,6083247.901574133,0.0001987004803005732
64695287117779721,Kauno m.,52.0,2025.0,1,ambiguous,citywide,31562,40433.0,9B00ABBD-786B-4D0E-B68F-AF907456F362,52.00089999741726,Panemunės sen.,498972.8616937943,6079406.447299824,1.7307492863771756e-05
75099470674290014,Kauno m.,977.0,1990.0,1,ambiguous,citywide,3795,17514.0,DA133121-6378-4233-A9A0-FAAFAB2F24D0,976.9108017024937,Dainavos sen.,499917.97424427426,6088277.608674724,9.130232300247343e-05
7502106845690748,Aleksoto sen.,92.7,1997.0,1,ambiguous,district,8123,62228.0,211a57aa-837a-48ba-b21b-1116f26b9eb4,92.69968003360128,Aleksoto sen.,494146.67879382195,6081969.166733864,3.451639168261522e-06
7569330779906179,Centro sen.,469.0,1920.0,3,ambiguous,district,836,63015.0,dff18144-ba73-4d03-8b55-725372b5594b,469.17833239285505,Centro sen.,494352.01814283605,6084429.561120503,0.00038016737084145547
74267192113382535,Kauno m.,36.0,1957.0,1,ambiguous,citywide,23510,66201.0,2e2adc05-3da4-462e-a037-ff96eb198e87,36.00059857991784,Eigulių sen.,496593.7489499999,6091057.821900001,1.6627081709241764e-05
74143762102800256,Šilainių sen.,166.0,2007.0,1,ambiguous,district,6454,51448.0,ab74c050-7ac5-40cd-afb4-10251174c7f1,166.02064644943556,Šilainių sen.,488691.82200792636,6089216.51276476,0.0001243684673397638
75643053621433601,Aleksoto sen.,57.0,1937.0,1,ambiguous,district,6387,37174.0,82F2B3B3-47AF-4AA0-93FA-88E6A79620E8,57.040999996751545,Aleksoto sen.,492289.85511317634,6082368.109383495,0.000719039617666617
74420301193720437,Kauno m.,18.0,1935.0,1,ambiguous,citywide,13645,12810.0,E5470CB3-C0D5-46A3-9ABF-28319CADAD23,18.000599997430665,Panemunės sen.,499372.8338694433,6080718.06656832,3.333263505433948e-05
74289666899232873,Kauno m.,1.0,1918.0,1,no_match,citywide,0,,,,,,,
653091773958345,Aleksoto sen.,125.0,2007.0,1,ambiguous,district,7845,46284.0,3D904064-6F7E-4EB4-AC15-AE3D21A10E4F,124.9978000054907,Aleksoto sen.,493119.2604,6080813.721800001,1.760011095619518e-05
65112918341101472,Kauno m.,36.0,1994.0,1,ambiguous,citywide,23510,66201.0,2e2adc05-3da4-462e-a037-ff96eb198e87,36.00059857991784,Eigulių sen.,496593.7489499999,6091057.821900001,1.6627081709241764e-05
74449974752779563,Kauno m.,43.0,1968.0,1,ambiguous,citywide,27002,35176.0,D2DFDF38-46A4-464C-9014-D1132BA28EBA,43.00166006778807,Petrašiūnų sen.,501204.9332000003,6084448.050349999,3.860548242862194e-05
65079335932180571,Vilijampolės sen.,26.0,2012.0,1,ambiguous,district,2241,30248.0,0E85D2CF-C288-45B7-B007-683BF429F192,25.999763854411132,Vilijampolės sen.,492539.84290740883,6085427.240912551,9.0825638952019e-06
65125008415084076,Žaliakalnio sen.,38.0,2012.0,1,ambiguous,district,2449,27935.0,BAA152BC-41F7-4480-A4A7-D34DFDA73164,38.01219999871887,Žaliakalnio sen.,496037.97630000015,6087205.8562,0.0003210010715077871
74882031998230833,Kauno m.,5.0,1981.0,1,ambiguous,citywide,345,3192.0,1E9685FE-87AF-4400-866F-38F9F4075B25,12.001999996529893,Šilainių sen.,492618.23000000004,6090486.250000001,0.8756353898440936
74275152447339357,Kauno m.,23.0,1987.0,1,ambiguous,citywide,17115,23510.0,B614982E-50C9-49D2-BD1F-20276B84190F,23.003700001622736,Vilijampolės sen.,493912.0850999998,6087234.5699,0.0001608566976387671
75336365931338328,Šančių sen.,194.0,1994.0,2,ambiguous,district,2381,45539.0,605F14DD-DA18-475A-A780-9385E0BF1662,194.02520546475267,Šančių sen.,495737.42206353246,6081905.1596760545,0.0001299166365127391
74102340352052015,Dainavos sen.,71.0,2008.0,2,ambiguous,district,534,4892.0,550D1F32-E587-4FCB-A747-DE488FD0E928,71.06605000232793,Dainavos sen.,496499.085615628,6086272.358470737,0.0009298492790623669
74986980761782659,Dainavos sen.,926.0,1970.0,2,ambiguous,district,515,17130.0,B6EBB979-5611-43BD-B219-235962A4A573,926.9262370016252,Dainavos sen.,498822.02949391765,6086712.7737523625,0.0009997560186452148
74993066194369573,Kauno m.,32.11,1974.0,1,ambiguous,citywide,21573,56967.0,00d54db4-13e5-4a06-b715-10afec19e570,32.11181997711422,Centro sen.,493743.3342752001,6084464.667339007,5.6677842993568817e-05
74454519805813843,Kauno m.,25.0,1963.0,1,ambiguous,citywide,18210,29207.0,0A56472F-66B2-41A7-B47B-01701314B5D5,25.00039999837093,Gričiupio sen.,497989.3960000001,6085158.809300002,1.5999806839861463e-05
7541774661810062,Žaliakalnio sen.,121.0,1981.0,2,ambiguous,district,4574,26554.0,37DB5378-D344-4978-837C-727BFBEAFDFA,120.99775001030788,Žaliakalnio sen.,495652.19284598547,6086661.863179673,1.8595129021470314e-05
74468997599847431,Kauno m.,52.0,1983.0,1,ambiguous,citywide,31562,40433.0,9B00ABBD-786B-4D0E-B68F-AF907456F362,52.00089999741726,Panemunės sen.,498972.8616937943,6079406.447299824,1.7307492863771756e-05
74462999773631036,Kauno m.,21.0,1973.0,1,ambiguous,citywide,15889,28359.0,7954F990-38CB-4317-9E88-38DC85F535ED,21.000499999102203,Vilijampolės sen.,492868.10720000026,6086517.1454,2.3809197616131428e-05
64805162169690386,Kauno m.,132.0,2025.0,2,ambiguous,citywide,38981,15082.0,57E2AE25-08B1-41F4-BD68-554EDE347255,132.00019999915753,Aleksoto sen.,493428.39628731355,6079999.7962679295,1.5151439853866577e-06
74602201854965591,Kauno m.,7.32,1975.0,1,ambiguous,citywide,2899,3192.0,1E9685FE-87AF-4400-866F-38F9F4075B25,12.001999996529893,Šilainių sen.,492618.23000000004,6090486.250000001,0.49446297430497377
75629431022788005,Vilijampolės sen.,117.0,1953.0,1,ambiguous,district,4342,21845.0,8882F7B4-E580-4D5D-8E9B-7EA767ABE9E1,117.02032580136408,Vilijampolės sen.,493840.8927893919,6087391.09931326,0.00017370970957841791
75344987360035989,Šilainių sen.,129.0,1995.0,2,ambiguous,district,7175,22617.0,D728CC7E-1CB2-4E4C-B5B3-0EBBB1C0F5E9,129.01114480675338,Šilainių sen.,492426.3299924014,6088469.5224882215,8.63901190681915e-05
74252208720023555,Kauno m.,35.0,1954.0,1,ambiguous,citywide,23010,43237.0,03C2C4FA-968F-486F-AF14-6AFEC83AE024,35.00125000765081,Žaliakalnio sen.,494072.2256530612,6085760.255303067,3.57138665614265e-05
74939647838765305,Kauno m.,22.1,1960.0,1,ambiguous,citywide,16622,31447.0,25908B6B-04C4-4C41-A96B-4C522F1A683C,22.10391817797929,Vilijampolės sen.,487688.35136906453,6087051.313797693,0.00017727740666684255
74996315568379282,Kauno m.,14.0,1992.0,1,ambiguous,citywide,10423,38523.0,CFB723D0-EC6D-4CE0-93F1-DCBE2FE943A2,13.998468149964506,Gričiupio sen.,498218.1656500003,6085042.26175,0.00010942384624845758
75646138292160672,Vilijampolės sen.,119.0,1939.0,1,ambiguous,district,4314,10326.0,E8F857AF-A242-42DC-825D-E9DBACE4C514,119.00004999825153,Vilijampolės sen.,491489.1155019404,6086042.115058474,4.20153285496383e-07
74456455869266927,Kauno m.,7.0,1955.0,1,ambiguous,citywide,2461,3192.0,1E9685FE-87AF-4400-866F-38F9F4075B25,12.001999996529893,Šilainių sen.,492618.23000000004,6090486.250000001,0.5391631532228807
74478204728551933,Kauno m.,26.0,1905.0,1,ambiguous,citywide,18729,30248.0,0E85D2CF-C288-45B7-B007-683BF429F192,25.999763854411132,Vilijampolės sen.,492539.84290740883,6085427.240912551,9.0825638952019e-06
64971004794417975,Vilijampolės sen.,75.0,2018.0,2,ambiguous,district,4514,26668.0,E6C5D9D7-738A-411E-8D4E-7B45C533CFCA,74.96874999165534,Vilijampolės sen.,493060.1106571179,6086649.513429358,0.0004167536076504774
65199395978383215,Šilainių sen.,225.0,2012.0,2,ambiguous,district,4971,66070.0,4b243d80-76ca-416b-bdfd-12130f76b221,224.9999764599819,Šilainių sen.,489044.48829999985,6088806.398000001,1.0462230815022622e-07
7430590050816667,Kauno m.,36.0,1982.0,1,ambiguous,citywide,23510,66201.0,2e2adc05-3da4-462e-a037-ff96eb198e87,36.00059857991784,Eigulių sen.,496593.7489499999,6091057.821900001,1.6627081709241764e-05
6490554425347464,Šilainių sen.,85.0,2019.0,2,ambiguous,district,7121,31085.0,45467F62-64C7-476F-8AC2-A1BE671A22AA,84.9781977945557,Šilainių sen.,488006.74905087234,6088307.883345486,0.00025652943550102947
74184907120266957,Aleksoto sen.,171.0,2001.0,1,ambiguous,district,6601,48628.0,ab28733c-3133-445d-8f00-81948046cb74,171.03085899757662,Aleksoto sen.,495132.0972,6080388.6738,0.00018044569282871237
74598932694846132,Kauno m.,23.0,1986.0,1,ambiguous,citywide,17115,23510.0,B614982E-50C9-49D2-BD1F-20276B84190F,23.003700001622736,Vilijampolės sen.,493912.0850999998,6087234.5699,0.0001608566976387671
74448539505812525,Kauno m.,84.0,2007.0,2,ambiguous,citywide,40191,21847.0,4B6E9AF2-DE68-4C5F-B2A5-514F3513B1A7,83.99804999840613,Panemunės sen.,500004.7546785543,6080871.009910013,2.3214574144780897e-05
75461539106983666,Panemunės sen.,200.0,1976.0,1,ambiguous,district,4245,32962.0,0015E33F-E890-4FFE-9CA7-F35CF1F7436E,199.9714000004124,Panemunės sen.,502291.76750000025,6078660.317199999,0.00014301022341189906
74294734934794562,Kauno m.,21.0,1986.0,1,ambiguous,citywide,15889,28359.0,7954F990-38CB-4317-9E88-38DC85F535ED,21.000499999102203,Vilijampolės sen.,492868.10720000026,6086517.1454,2.3809197616131428e-05
64912748393480726,Šilainių sen.,52.0,2020.0,2,ambiguous,district,5361,54262.0,bea9d1f4-db33-41a9-9e3c-e2fbf1732de0,51.9945992775241,Šilainių sen.,490292.4657156953,6088985.403419342,0.00010386544144180831
64903784223735023,Petrašiūnų sen.,88.0,2018.0,2,ambiguous,district,3613,41981.0,BD9D2BA6-3DCF-411F-9952-AB15D4857189,88.00916569839251,Petrašiūnų sen.,501405.0961821878,6085336.735143534,0.00010415023972676352
74453445674187185,Kauno m.,24.0,1954.0,1,ambiguous,citywide,17670,12815.0,E8EABD14-F888-422C-ABA7-C5C8CCEC5C25,24.000599999125676,Šančių sen.,496818.5500000001,6081148.900000001,2.4999651075940932e-05
75536310016097952,Aleksoto sen.,90.0,1969.0,1,ambiguous,district,8105,62291.0,a77ece8c-8430-4597-ab29-a7de4b015353,90.02470046880296,Aleksoto sen.,493990.9379683009,6081945.447450187,0.0002744119989497307
74461157586136209,Kauno m.,14.0,1972.0,1,ambiguous,citywide,10423,38523.0,CFB723D0-EC6D-4CE0-93F1-DCBE2FE943A2,13.998468149964506,Gričiupio sen.,498218.1656500003,6085042.26175,0.00010942384624845758
64824277744870776,Kauno m.,21.0,2017.0,1,ambiguous,citywide,15889,28359.0,7954F990-38CB-4317-9E88-38DC85F535ED,21.000499999102203,Vilijampolės sen.,492868.10720000026,6086517.1454,2.3809197616131428e-05
75595355425199226,Eigulių sen.,217.0,1962.0,1,ambiguous,district,771,19809.0,BFB10A9B-2EB8-4255-AB0D-33C4962AD4F1,217.3055051448294,Eigulių sen.,496271.92597720714,6091075.86545185,0.0014068677076402025
74452602317940555,Kauno m.,33.0,1958.0,1,ambiguous,citywide,21974,5827.0,2919B7C4-75EB-499B-9E0A-49AE80F70E12,33.00240000490323,Žaliakalnio sen.,494503.0350000001,6085593.42,7.272477679931555e-05
75595880989206166,Vilijampolės sen.,367.0,2006.0,1,ambiguous,district,1024,9095.0,FDA562E0-33D8-4DD0-88E0-DCE50997B172,367.4281877213222,Vilijampolės sen.,488107.0985,6087493.02595,0.0011660439427476632
75689506986270569,Šančių sen.,96.0,1924.0,1,ambiguous,district,3554,56827.0,1727b91f-8f58-4c58-a14e-e25d403e2080,96.14713800023411,Šančių sen.,496663.47066848667,6084195.472624535,0.0015315141357321593
74726184218833452,Kauno m.,2.8,1996.0,1,no_match,citywide,0,,,,,,,
75566738849829715,Kauno m.,322.0,1966.0,1,ambiguous,citywide,16041,44079.0,8DA80C70-7D80-4127-AD9E-E2A8B3D06B44,321.9811000045422,Panemunės sen.,497394.04422529554,6080796.574824803,5.8697360723947156e-05
74785249674885687,Kauno m.,20.0,1982.0,1,ambiguous,citywide,15162,42659.0,62E3BCEC-CF1A-411E-BD41-7C2CD1C41A70,20.000999999978582,Aleksoto sen.,493055.17640744965,6080852.427823423,4.9998748970825346e-05
74453179645004808,Kauno m.,22.0,1978.0,1,ambiguous,citywide,16561,54794.0,602187e6-288e-4b60-a8c1-e118443d91d0,21.998916665486203,Vilijampolės sen.,491043.35404556396,6086148.481079037,4.9243690350753155e-05
65204802161769354,Centro sen.,195.0,2018.0,3,ambiguous,district,1637,55131.0,cdc23f4a-72ad-4db8-9488-eee56bad3038,195.04120610806882,Centro sen.,492975.52029229864,6084648.745220922,0.00021129105118511404
75634421439860114,Panemunės sen.,58.0,1950.0,1,ambiguous,district,3779,31760.0,CE11F26F-9E5D-40B7-87B7-832AF9E54AEE,58.01905000484809,Panemunės sen.,501306.0276119396,6079050.557870041,0.00032839443209553565
74827607396035861,Kauno m.,5.0,1947.0,1,ambiguous,citywide,345,3192.0,1E9685FE-87AF-4400-866F-38F9F4075B25,12.001999996529893,Šilainių sen.,492618.23000000004,6090486.250000001,0.8756353898440936
74500478712474838,Kauno m.,9.0,1928.0,1,ambiguous,citywide,5299,3192.0,1E9685FE-87AF-4400-866F-38F9F4075B25,12.001999996529893,Šilainių sen.,492618.23000000004,6090486.250000001,0.28784872494197433
7551485719450074,Šilainių sen.,114.0,1970.0,2,ambiguous,district,7366,63953.0,7D2C9328-7AC8-4313-A2F1-91815BD92816,113.98896314998599,Šilainių sen.,488078.53114577977,6088666.584939059,9.681916063097873e-05
75527371590767639,Šančių sen.,2085.0,1970.0,1,ambiguous,district,103,2509.0,48EC2713-62F1-4B11-A24D-1E2934A72029,2129.947799999465,Šančių sen.,496416.46082465135,6080869.42445917,0.021328617127761795
75185485452541376,Panemunės sen.,188.0,2022.0,1,ambiguous,district,4425,38813.0,69BAE228-2CEE-4AB3-B352-8C55F245FF92,188.04470000416245,Panemunės sen.,496767.1030602169,6077600.253058686,0.00023773771773694108
75028712507732298,Kauno m.,17.0,1965.0,1,ambiguous,citywide,12896,7495.0,20E3F8ED-B037-4A40-9933-B4B5DFBA6909,17.000950002374314,Aleksoto sen.,495416.22617561574,6080355.553315051,5.588093123831683e-05
75495098999529234,Kauno m.,969.0,1988.0,2,ambiguous,citywide,3836,49196.0,360fa2cf-863b-4120-bd61-042e9abf3116,968.6808007103274,Petrašiūnų sen.,504651.76847438206,6087284.190088398,0.00032946529938548963
75223704755429749,Aleksoto sen.,83.0,1960.0,1,ambiguous,district,7932,46405.0,AE776D6F-FE2D-4BD9-A7A1-D230E17668B3,83.01845001568292,Aleksoto sen.,493486.1521182385,6080801.876703844,0.00022226464296082327
65309681886111998,Kauno m.,97.0,2007.0,1,ambiguous,citywide,40974,22318.0,190B476D-1169-4315-A509-21C7C3B36A18,96.99904998900165,Žaliakalnio sen.,495749.5857527416,6086973.00540092,9.793975778826791e-06
74621693330633773,Panemunės sen.,38.0,1971.0,1,ambiguous,district,2668,60093.0,9d4daebb-7c7f-4768-8d2c-19ee6bef3d82,37.97933409759099,Panemunės sen.,497986.68729999993,6082135.75045,0.0005439874714374682
75639517277106813,Vilijampolės sen.,83.74,1941.0,1,ambiguous,district,4562,719.0,079D5440-29A3-4035-AFF1-494DE0729A4F,83.7009000011053,Vilijampolės sen.,491426.3980423988,6086158.001129411,0.000467030452000472
75005154774023156,Petrašiūnų sen.,90.0,1972.0,2,ambiguous,district,3593,31460.0,CBE72263-9089-4AF3-AB22-F89DDF40E5AB,90.00410637185094,Petrašiūnų sen.,500276.5313000001,6086394.488999998,4.562531304852513e-05
74553960606380601,Kauno m.,45.0,1960.0,1,ambiguous,citywide,28078,65544.0,0c6bfe43-eb3f-4abb-9bff-55ab2bd80d1a,45.00034363380952,Panemunės sen.,500968.06799999974,6079315.238349998,7.636277722156137e-06
75033483730802805,Kauno m.,55.0,1961.0,1,ambiguous,citywide,32803,42978.0,8E451A99-CCA1-45C5-BBFF-88F530A553EC,54.9977500085244,Aleksoto sen.,494468.1422068505,6080810.780650901,4.090977271342666e-05
64973714321524323,Šilainių sen.,166.0,2017.0,1,ambiguous,district,6454,51448.0,ab74c050-7ac5-40cd-afb4-10251174c7f1,166.02064644943556,Šilainių sen.,488691.82200792636,6089216.51276476,0.0001243684673397638
74236189391550148,Kauno m.,34.0,1968.0,1,ambiguous,citywide,22473,31579.0,D64FC78D-52FC-4245-8DC4-EF5E74E3A922,34.00179999922104,Vilijampolės sen.,494278.27175430197,6087973.267618117,5.293975222642189e-05
65161462804491199,Aleksoto sen.,47.0,2010.0,1,ambiguous,district,5347,62785.0,7edaf295-4da3-4cb9-a959-8a7f07ac90bf,47.003863413391485,Aleksoto sen.,491934.79830817727,6083937.86382517,8.219690666688706e-05
64866896312472014,Kauno m.,71.0,2021.0,2,ambiguous,citywide,37861,50861.0,699a1b12-498f-4ef3-b5e5-6fe91657e3e6,70.99959846924031,Petrašiūnų sen.,499474.1582541752,6085005.326255539,5.655378804370059e-06
7440343153772104,Kauno m.,22.0,1958.0,1,ambiguous,citywide,16561,54794.0,602187e6-288e-4b60-a8c1-e118443d91d0,21.998916665486203,Vilijampolės sen.,491043.35404556396,6086148.481079037,4.9243690350753155e-05
84966346945757262,Šilainių sen.,254.0,2016.0,2,ambiguous,district,4285,21515.0,566E5300-F88D-4D80-B61A-10A32042B3C2,253.97869647406435,Šilainių sen.,489210.3791757019,6088784.32959371,8.387566681822278e-05
74251255937728133,Petrašiūnų sen.,17.0,1973.0,1,ambiguous,district,2354,10122.0,F72E99D3-A994-42FC-8A95-92A9FF72D4F2,17.00190000267178,Petrašiūnų sen.,503477.2550000004,6085421.255,0.00011175861781875795
65182204651548878,Kauno m.,65.0,2009.0,1,ambiguous,citywide,36225,9893.0,9C700EDC-BE42-462F-8261-C2C35E2390A4,65.00085000092126,Vilijampolės sen.,491195.41710918397,6085977.424533079,1.3076851748117235e-05
74276352751733193,Kauno m.,36.0,1989.0,1,ambiguous,citywide,23510,66201.0,2e2adc05-3da4-462e-a037-ff96eb198e87,36.00059857991784,Eigulių sen.,496593.7489499999,6091057.821900001,1.6627081709241764e-05
75575595467356302,Kauno m.,456.0,1966.0,4,ambiguous,citywide,8469,40169.0,40CBB172-9331-4560-8BF3-6C6D0437D7AA,455.90705755821915,Aleksoto sen.,491982.71728234016,6081790.182049198,0.0002038419186085605
75615586190687811,Gričiupio sen.,94.0,1958.0,2,ambiguous,district,1037,45039.0,8DF4C5CC-EBF6-4136-AB2C-6E6C56DF95F0,93.9084500116596,Gričiupio sen.,498130.01627483533,6085211.950424523,0.000974410630053768
74676567125155704,Petrašiūnų sen.,93.0,1995.0,1,ambiguous,district,3569,23806.0,FF18CB0F-A439-4CE1-826E-DE4C87285F1A,92.99730000677499,Petrašiūnų sen.,501046.44043119217,6083279.293171285,2.9032606657430904e-05
64921081094064331,Šilainių sen.,45.0,2019.0,2,ambiguous,district,4690,63663.0,f4b73a03-3794-4e3c-835f-f6848dea2f7a,45.01584702664308,Šilainių sen.,488097.8447499998,6088915.9452,0.00035209415520176535
7568453646553773,Centro sen.,67.57,1987.0,1,ambiguous,district,1162,16479.0,B20F7F39-E9A1-4FCD-85BD-29A3E155F2B2,67.46925000727921,Centro sen.,494771.0773584709,6084844.463463984,0.0014921589302216987
75640611995313994,Aleksoto sen.,267.0,1992.0,1,ambiguous,district,3729,49662.0,4D52A0E9-3DE9-429C-946C-D27B93B54C98,267.0502481552681,Aleksoto sen.,495659.2643316222,6079593.668879256,0.00018817763156153688
75520545616944768,Dainavos sen.,1104.0,1970.0,5,ambiguous,district,439,2951.0,889B84DB-8678-4F0E-8B7B-133354EA7A3F,1104.019049985849,Dainavos sen.,498483.0392519104,6086532.702525658,1.72552730921538e-05
75664215836407991,Šančių sen.,136.0,1933.0,2,ambiguous,district,3158,36228.0,4400ED60-6D3C-4241-9221-32D6C7FA6416,136.01045000752825,Šančių sen.,496207.5328825048,6083623.93823549,7.683533873859005e-05
74436485212200712,Kauno m.,24.0,1976.0,1,ambiguous,citywide,17670,12815.0,E8EABD14-F888-422C-ABA7-C5C8CCEC5C25,24.000599999125676,Šančių sen.,496818.5500000001,6081148.900000001,2.4999651075940932e-05
74245724068181196,Kauno m.,40.0,1974.0,1,ambiguous,citywide,25535,512.0,2119E511-AA18-4FFF-AE06-1B9C823F8464,39.99623781162094,Vilijampolės sen.,494215.36519710184,6088381.179617149,9.405913289795009e-05
75341192011847261,Šilainių sen.,113.0,2007.0,2,ambiguous,district,7379,3863.0,03D05460-0047-4F39-B7D1-640DB0CEF419,113.00595000421367,Šilainių sen.,489368.2953293723,6087603.342530985,5.265351832495213e-05
75637108280968479,Panemunės sen.,268.0,1948.0,2,ambiguous,district,3025,59320.0,78e54ccf-294a-4e1e-a6c8-efcc02468689,267.9504615613666,Panemunės sen.,498093.0169193412,6080240.700839677,0.00018486200620149162
75711216036363438,Šančių sen.,47.0,1931.0,1,ambiguous,district,2763,7411.0,FF6E6C69-420B-4690-9AC8-DD56484D5653,46.9987000023678,Šančių sen.,496538.65961935825,6081981.323178039,2.765990662112472e-05
7570977892626872,Centro sen.,747.0,1885.0,2,ambiguous,district,471,9978.0,350BCE1A-6DAC-43B2-A07C-E1FA33039C6E,746.4900912586974,Centro sen.,494577.21396091237,6084522.188751081,0.0006828418401969572
64745869267477441,Kauno m.,83.0,2024.0,1,ambiguous,citywide,40054,32610.0,9A464A72-9A2A-4174-B6AE-D603AF7D3E29,83.00050000228266,Žaliakalnio sen.,495495.637680156,6085140.448780734,6.024105742241659e-06
75591492987247821,Kauno m.,225.0,1990.0,1,ambiguous,citywide,26425,66070.0,4b243d80-76ca-416b-bdfd-12130f76b221,224.9999764599819,Šilainių sen.,489044.48829999985,6088806.398000001,1.0462230815022622e-07
75644562335451387,Panemunės sen.,186.0,1939.0,1,ambiguous,district,4451,49311.0,EB8E8DC2-1059-45CB-AD16-E12A0456D361,186.01516269565064,Panemunės sen.,496625.7176778619,6078487.145864888,8.151654652532869e-05
6506798166569204,Šančių sen.,23.0,2014.0,1,ambiguous,district,1626,15731.0,70A248AE-98E9-4040-A849-E3F30608A4AD,22.992800005779415,Šančių sen.,496119.0984534,6080704.610877318,0.00031309223524100815
74623513065378622,Kauno m.,6.0,1959.0,1,ambiguous,citywide,1255,3192.0,1E9685FE-87AF-4400-866F-38F9F4075B25,12.001999996529893,Šilainių sen.,492618.23000000004,6090486.250000001,0.6933138330501389
64784686059762578,Kauno m.,227.0,2022.0,1,ambiguous,citywide,26142,19183.0,BD2B5AAC-5D9E-4A6B-A71A-FFA85019847D,227.00463986984718,Šilainių sen.,488135.55494759494,6089627.2185937045,2.0439746380773727e-05
7446723990242389,Kauno m.,35.0,1976.0,2,ambiguous,citywide,23010,43237.0,03C2C4FA-968F-486F-AF14-6AFEC83AE024,35.00125000765081,Žaliakalnio sen.,494072.2256530612,6085760.255303067,3.57138665614265e-05
75695751731899311,Kauno m.,1037.0,1985.0,5,ambiguous,citywide,3543,25028.0,11DED299-EF98-4A83-B405-57897A0906B9,1036.9367477382414,Vilijampolės sen.,494109.63569524436,6088020.419848631,6.099729111586072e-05
64945859094095948,Šilainių sen.,174.0,2019.0,2,ambiguous,district,6239,42155.0,A77673EA-1017-495D-9DBD-13F6F6FDD2B5,173.99924999797065,Šilainių sen.,493034.3342878275,6089815.666252099,4.310365779858216e-06
74991430162396622,Kauno m.,18.0,1936.0,1,ambiguous,citywide,13645,12810.0,E5470CB3-C0D5-46A3-9ABF-28319CADAD23,18.000599997430665,Panemunės sen.,499372.8338694433,6080718.06656832,3.333263505433948e-05
75490724849953852,Šilainių sen.,83.0,1973.0,2,ambiguous,district,7052,47259.0,91FC6046-5816-4D43-BA0A-75C1F05E738E,82.9852724523677,Šilainių sen.,488629.02793368493,6089002.177363988,0.0001774560773180056
75400123575020864,Petrašiūnų sen.,1190.0,1984.0,2,ambiguous,district,554,32477.0,D9268AA2-F0DF-437A-8EB7-75B5A5DDE281,1191.1684724002773,Petrašiūnų sen.,502039.7421426706,6085380.780650851,0.0009814278221895734
75578030445169114,Vilijampolės sen.,359.0,1964.0,1,ambiguous,district,1061,47720.0,1C7BC724-32BD-4AED-9DC2-C237DD157774,359.43692499885503,Vilijampolės sen.,487889.1258736439,6087402.775023629,0.0012163212594415995
75015181930577254,Kauno m.,25.0,1997.0,1,ambiguous,citywide,18210,29207.0,0A56472F-66B2-41A7-B47B-01701314B5D5,25.00039999837093,Gričiupio sen.,497989.3960000001,6085158.809300002,1.5999806839861463e-05
75020621052449846,Kauno m.,58.0,1926.0,1,ambiguous,citywide,33853,41842.0,1523FB7E-71C7-44BF-8100-8D0DDEAD2F0B,58.00164999646638,Aleksoto sen.,491424.6507097699,6084562.346095046,2.8447810294984777e-05
75448800603644492,Žaliakalnio sen.,353.0,1978.0,1,ambiguous,district,1163,8903.0,83643B73-23DF-4833-A302-36E1AEE1EF07,353.0194499962993,Žaliakalnio sen.,494675.75167087,6085330.806419757,5.5097621756594606e-05
75592150031174962,Vilijampolės sen.,140.0,1962.0,1,ambiguous,district,4018,29888.0,F182674E-D01D-4048-A70E-FA2A7E1B7F51,139.97356201750594,Vilijampolės sen.,494169.6555029985,6088428.63370586,0.00018886056513345295
80927439489114267,Šančių sen.,143.0,2016.0,2,ambiguous,district,3074,43779.0,9E1DD015-ADDD-4455-A273-F9EFA58C85D8,143.04118931684508,Šančių sen.,496906.84854408115,6081982.735401592,0.0002879957059906957
74190090329912667,Petrašiūnų sen.,95.0,2001.0,2,ambiguous,district,3535,29048.0,4E444BE6-2D85-47EA-851E-6D176241D5B4,95.03903558436714,Petrašiūnų sen.,500812.71140721184,6085079.986323299,0.0004108164914233825
64904692314984191,Kauno m.,37.0,1980.0,1,ambiguous,citywide,24010,41033.0,72799223-CC61-4599-BDA9-9CE4A32480E5,36.99736197245942,Aleksoto sen.,493600.15641070926,6081430.292874727,7.130058346316304e-05
74910338316467276,Kauno m.,35.0,1938.0,1,ambiguous,citywide,23010,43237.0,03C2C4FA-968F-486F-AF14-6AFEC83AE024,35.00125000765081,Žaliakalnio sen.,494072.2256530612,6085760.255303067,3.57138665614265e-05
65198882731545019,Aleksoto sen.,236.0,2009.0,1,ambiguous,district,4566,62189.0,b23f7627-5767-4b2f-b314-a781af41ea1f,235.92758646282346,Aleksoto sen.,494473.17119805847,6081057.176863464,0.00030688410604540195
65063154276800012,Šilainių sen.,65.0,2016.0,2,ambiguous,district,6246,52161.0,04f8fe92-6b2a-481a-8d4b-f047295d1a9b,65.01007353579148,Šilainių sen.,489902.3096500001,6087845.5929000005,0.00015496546594739868
75710893168058527,Vilijampolės sen.,43.0,1880.0,1,ambiguous,district,3420,2137.0,7D2860BE-5315-4EC4-A06A-9DBE230E92D6,42.95540000426155,Vilijampolės sen.,492700.3686401861,6086285.132678484,0.001037747476919204
75030292640346219,Kauno m.,19.38,1995.0,1,ambiguous,citywide,14684,3558.0,298244D5-6696-4B5D-832C-B78C7A7E47F2,19.380600001197866,Vilijampolės sen.,492842.53,6085719.005,3.0959334886393464e-05
74264726919612847,Kauno m.,31.0,1967.0,1,ambiguous,citywide,21068,37956.0,D74F9B33-AA42-4A40-9357-73300279589E,31.000705796529928,Vilijampolės sen.,491720.46673969046,6086516.7864471385,2.2767370819298804e-05
97615116588661288,Kauno m.,7.71,1983.0,1,ambiguous,citywide,3507,3192.0,1E9685FE-87AF-4400-866F-38F9F4075B25,12.001999996529893,Šilainių sen.,492618.23000000004,6090486.250000001,0.4425551147029556
75020775401970025,Kauno m.,3.0,1958.0,1,no_match,citywide,0,,,,,,,
74468712841277138,Šilainių sen.,33.0,1977.0,1,ambiguous,district,3551,7316.0,C871FD57-D321-49CF-B258-FE884B2D509C,33.00384999929704,Šilainių sen.,488602.0846214001,6088523.592342798,0.00011665984034081589
65060023243224449,Kauno m.,46.0,1977.0,1,ambiguous,citywide,28608,21498.0,670D33CE-01EF-4EA9-B08C-9EF33B7C05F2,46.00600000535231,Šilainių sen.,486785.7866999997,6088022.945,0.00013042639307148107
74469755067336427,Kauno m.,33.0,1970.0,1,ambiguous,citywide,21974,5827.0,2919B7C4-75EB-499B-9E0A-49AE80F70E12,33.00240000490323,Žaliakalnio sen.,494503.0350000001,6085593.42,7.272477679931555e-05
74982338347880956,Kauno m.,5.0,1979.0,1,ambiguous,citywide,345,3192.0,1E9685FE-87AF-4400-866F-38F9F4075B25,12.001999996529893,Šilainių sen.,492618.23000000004,6090486.250000001,0.8756353898440936
74264704257539352,Kauno m.,18.0,1985.0,1,ambiguous,citywide,13645,12810.0,E5470CB3-C0D5-46A3-9ABF-28319CADAD23,18.000599997430665,Panemunės sen.,499372.8338694433,6080718.06656832,3.333263505433948e-05
74440438764818359,Kauno m.,20.0,1987.0,1,ambiguous,citywide,15162,42659.0,62E3BCEC-CF1A-411E-BD41-7C2CD1C41A70,20.000999999978582,Aleksoto sen.,493055.17640744965,6080852.427823423,4.9998748970825346e-05
75450106298742103,Aleksoto sen.,135.0,1977.0,1,ambiguous,district,7674,62124.0,14294a9c-3ced-42bd-a7a4-51092f89ddb3,135.00850690892733,Aleksoto sen.,494772.1437403923,6080891.782061589,6.301215489479262e-05
75638392066864332,Aleksoto sen.,124.0,1946.0,1,ambiguous,district,7867,41679.0,F2A1CF88-5183-48F2-8560-9FDA89B0A56D,124.01840000145918,Aleksoto sen.,491900.0887185654,6082151.134770819,0.00014837610026319226
7569470602577108,Centro sen.,667.0,1924.0,3,ambiguous,district,544,34687.0,06177254-2D70-4547-8723-2D989A7A0A47,667.2280414082388,Centro sen.,492984.20038544683,6084467.4093611445,0.00034183273530796754
74581221150454985,Kauno m.,25.0,1978.0,1,ambiguous,citywide,18210,29207.0,0A56472F-66B2-41A7-B47B-01701314B5D5,25.00039999837093,Gričiupio sen.,497989.3960000001,6085158.809300002,1.5999806839861463e-05
65149425307486825,Šilainių sen.,217.0,2018.0,1,ambiguous,district,5175,22562.0,66410989-6C30-4B70-AF7A-9191B52F38EB,216.96825685676828,Šilainių sen.,493627.6676000003,6089694.9525999995,0.00014629246626629566
75377047273868056,Žaliakalnio sen.,127.0,1987.0,2,ambiguous,district,4535,8464.0,8E2E42B7-7D16-477E-ABE5-DD32B4731357,126.99879998900816,Žaliakalnio sen.,494597.6000000001,6086018.890000001,9.448950089030461e-06
75337498196025726,Petrašiūnų sen.,86.0,1994.0,2,ambiguous,district,3628,24747.0,26943970-2C65-4E76-AC4B-1BFDA606AF62,86.00496512942259,Petrašiūnų sen.,503820.20102081023,6087171.644426128,5.773239650697093e-05
75591766955477424,Šilainių sen.,93.0,1995.0,1,ambiguous,district,7346,39851.0,DE0AAA76-AE5A-4363-8B8E-26850E363F8C,93.00370000759251,Šilainių sen.,493246.34184340696,6087971.049067241,3.978423647321705e-05
75600067345842875,Petrašiūnų sen.,99.0,1970.0,1,ambiguous,district,3500,61224.0,505ea81f-77f9-406a-8757-87dcc474764f,98.98534506196492,Petrašiūnų sen.,500704.91729999956,6084549.929400001,0.0001480406345955032
64914114186329946,Šilainių sen.,78.0,2020.0,2,ambiguous,district,6880,25686.0,503A67EB-2F35-4E1A-99E6-DE83D6B524D4,78.00424569332787,Šilainių sen.,487270.2912159338,6087595.874298538,5.4430484376588595e-05
74300773983315138,Kauno m.,16.0,1950.0,1,ambiguous,citywide,12108,36148.0,42D62C8E-7585-4040-B6DD-350FA71FAB0F,16.0,Šančių sen.,496992.37090000045,6082192.865499999,0.0
74453977780337841,Kauno m.,30.0,1935.0,1,ambiguous,citywide,20562,52501.0,4120f24f-00d4-43b3-953d-e33775681ef2,30.00104933864251,Aleksoto sen.,494062.8141000001,6080861.18965,3.4977343035702546e-05
74884683374970798,Kauno m.,15.21,1982.0,1,ambiguous,citywide,11447,63720.0,6f72ae0c-fb6c-49e1-a27e-dcfcd004f760,15.204852021685165,Šilainių sen.,487623.7557999999,6088463.724349999,0.00033851740329549074
74572075958267661,Kauno m.,23.0,1987.0,1,ambiguous,citywide,17115,23510.0,B614982E-50C9-49D2-BD1F-20276B84190F,23.003700001622736,Vilijampolės sen.,493912.0850999998,6087234.5699,0.0001608566976387671
75507148339355859,Dainavos sen.,135.0,1971.0,2,ambiguous,district,468,65415.0,ec13553a-e338-4fe3-a236-a695c060458b,135.33587809067325,Dainavos sen.,499206.49159999983,6087192.40435,0.002484895944071752
75642463613452005,Panemunės sen.,206.0,1962.0,1,ambiguous,district,4132,11010.0,5A178A65-3359-4815-894B-9ABE166713CF,205.96119030685847,Panemunės sen.,498478.28502748,6083680.134368276,0.00018841431751148718
74466192336928499,Kauno m.,27.0,1980.0,1,ambiguous,citywide,19219,8089.0,00F782A1-B0D3-4C33-BBDC-F90B7180B226,26.998350001438148,Panemunės sen.,496870.9255026141,6077850.352718684,6.111292520305511e-05
74571319089580299,Kauno m.,28.0,1968.0,1,ambiguous,citywide,19655,64435.0,b8b3c45b-50c8-439c-a780-10936b21dc7b,27.999818957143066,Eigulių sen.,496841.2465692256,6087032.037176935,6.465837222524584e-06
65324513696597072,Šilainių sen.,159.0,2009.0,2,ambiguous,district,6624,7986.0,BC4E729E-47D1-498E-89A4-C79E9950C8E0,159.02414999678302,Šilainių sen.,487477.0473294569,6088114.007210343,0.00015187523859250263
75479223647199917,Šilainių sen.,81.0,1974.0,2,ambiguous,district,6999,66033.0,3ad227e0-9889-4b75-b6ca-ad62dd339fd4,80.99984627571887,Šilainių sen.,490177.06605,6088154.659649999,1.8978324325402696e-06
74410192394736063,Kauno m.,26.0,1979.0,1,ambiguous,citywide,18729,30248.0,0E85D2CF-C288-45B7-B007-683BF429F192,25.999763854411132,Vilijampolės sen.,492539.84290740883,6085427.240912551,9.0825638952019e-06
74484883950463918,Panemunės sen.,23.0,1987.0,1,ambiguous,district,2023,16842.0,BBE1E1BE-FBA5-4AB1-BB95-7421098ADC68,22.988100002823025,Panemunės sen.,498830.5694638966,6080710.837252535,0.0005175250746103366
64819993929986927,Kauno m.,102.0,2023.0,1,ambiguous,citywide,40958,9870.0,9DE5A805-43CA-4FB0-8D00-55E89BE3D9C4,102.00095022016454,Vilijampolės sen.,492562.9676774037,6085898.443922536,9.315840573620449e-06
75678612041653742,Aleksoto sen.,115.0,1930.0,1,ambiguous,district,8010,4498.0,2923C442-1844-4C0E-90EC-D532F20C9DD6,114.99210000494924,Aleksoto sen.,493292.09499999986,6083666.904999999,6.869796878827827e-05
74485523047898392,Vilijampolės sen.,13.0,1960.0,1,ambiguous,district,1147,23464.0,39FCB0EC-4477-477B-BC8C-808E55A8B776,13.003238636243372,Vilijampolės sen.,489030.4885514555,6086866.6506674085,0.0002490948381792535
64704054951376044,Kauno m.,142.0,2025.0,1,ambiguous,citywide,37962,45997.0,2B980F49-AFEB-4931-BE16-A0FE20FE58DF,142.00064999388476,Aleksoto sen.,490489.4172194864,6080011.576631365,4.577411247375096e-06
75473163802380908,Gričiupio sen.,473.0,1975.0,12,ambiguous,district,447,33042.0,20558096-696E-49B4-8716-56CDDC85928A,473.6650999825705,Gričiupio sen.,498200.3800000005,6084689.7625,0.0014051433648827327
74417845143755226,Kauno m.,27.0,1981.0,1,ambiguous,citywide,19219,8089.0,00F782A1-B0D3-4C33-BBDC-F90B7180B226,26.998350001438148,Panemunės sen.,496870.9255026141,6077850.352718684,6.111292520305511e-05
75597722209149107,Gričiupio sen.,134.0,1962.0,1,ambiguous,district,1013,57411.0,f3424d54-95be-4647-ac2a-61e994cfbc08,133.8784376884568,Gričiupio sen.,497680.9936785005,6085761.922648895,0.0009075931675326387
64855036669391936,Kauno m.,117.0,2021.0,2,ambiguous,citywide,40245,65751.0,442d632b-8ae4-489a-b299-c2bf0fa1a5a9,117.00003783076143,Aleksoto sen.,492072.5945000002,6081384.5127,3.233397887214551e-07
75700581161513472,Šančių sen.,68.0,1907.0,1,ambiguous,district,3453,56522.0,199693f7-29dd-4b43-8af0-0c084a52e386,68.00528100513206,Šančių sen.,496464.00609360664,6082826.973751687,7.765882465271545e-05
64856329621598638,Kauno m.,7.0,2019.0,1,ambiguous,citywide,2461,3192.0,1E9685FE-87AF-4400-866F-38F9F4075B25,12.001999996529893,Šilainių sen.,492618.23000000004,6090486.250000001,0.5391631532228807
75336996798247929,Petrašiūnų sen.,868.0,1994.0,1,ambiguous,district,677,59349.0,60e82514-418d-4c64-bcdd-7a0aad72c577,868.3912467284987,Petrašiūnų sen.,501980.5078946101,6085429.6579666985,0.0004506435238678108
75343430403368494,Kauno m.,147.0,1992.0,3,ambiguous,citywide,37363,6711.0,24A46D57-6B82-40B3-8580-48135CA77B27,147.0041499714883,Gričiupio sen.,497085.64744706976,6085777.111133265,2.8230700070075443e-05
74462456712955427,Žaliakalnio sen.,16.0,1946.0,1,ambiguous,district,1156,2064.0,2A61CBAB-7F37-43BA-8BB0-6EDFFD6A81A1,15.993600002041646,Žaliakalnio sen.,495861.84260870994,6083747.69151494,0.0004000798936858452
75650825733358407,Vilijampolės sen.,135.0,1938.0,1,ambiguous,district,4095,45041.0,02908AB7-3F10-492C-AB7A-FAA3142943AA,135.03509999246114,Vilijampolės sen.,490583.42335048306,6086410.894716405,0.00025996615002821244
75366046576274687,Petrašiūnų sen.,1949.0,1988.0,2,ambiguous,district,366,6087.0,2A90622D-FB9C-4A88-8B8E-77CD270A8343,1953.9285448181154,Petrašiūnų sen.,500722.17421525234,6086002.754797576,0.0025255637561567568
7539260139809352,Šančių sen.,543.0,1985.0,9,ambiguous,district,440,1919.0,422BAC49-9DE4-412C-BD40-399B9DE51AF9,546.2895499837126,Šančių sen.,496518.07073585567,6081267.446428611,0.006039826571093698
64683057414588713,Kauno m.,51.0,2021.0,0,ambiguous,citywide,31108,8597.0,009F520E-6067-438D-8121-A7CCA12BAD01,51.00219564373503,Šilainių sen.,493056.01133884897,6087613.008510838,4.305091123812943e-05
64830649004401025,Kauno m.,165.0,2023.0,1,ambiguous,citywide,34983,47796.0,4BC705B3-6A14-4979-87DF-2AC67C37803C,164.99997765821453,Vilijampolės sen.,488758.49294079945,6085847.581777779,1.3540476917484057e-07
74281206513059292,Kauno m.,31.0,1972.0,1,ambiguous,citywide,21068,37956.0,D74F9B33-AA42-4A40-9357-73300279589E,31.000705796529928,Vilijampolės sen.,491720.46673969046,6086516.7864471385,2.2767370819298804e-05
75504987313288696,Šančių sen.,104.0,1971.0,1,ambiguous,district,3514,11582.0,5010A2E4-B506-41BB-A5AB-1DE9F8EA4EBB,104.06779999287127,Šančių sen.,496335.8101909942,6082248.844727846,0.0006517105988850247
75480221201713757,Eigulių sen.,690.0,1974.0,5,ambiguous,district,577,1730.0,E8B4FA86-9CFC-4689-AC76-F532011EB400,688.3852000041494,Eigulių sen.,497163.53,6087746.335,0.0023430326074160845
74416351841406922,Kauno m.,5.0,1986.0,1,ambiguous,citywide,345,3192.0,1E9685FE-87AF-4400-866F-38F9F4075B25,12.001999996529893,Šilainių sen.,492618.23000000004,6090486.250000001,0.8756353898440936
74173974255513489,Šančių sen.,34.0,1959.0,1,ambiguous,district,2192,59846.0,da3f1ea2-2788-420d-bab4-393a9b2acb98,34.02242094170576,Šančių sen.,497081.85788093176,6082238.118382918,0.0006592221272727627
75151780036016136,Vilijampolės sen.,115.0,1993.0,2,ambiguous,district,4371,50811.0,C30EDE4D-9C06-4845-95B0-C164E8F48F04,115.0031689316092,Vilijampolės sen.,492286.80825311743,6085359.904054674,2.755554737898791e-05
74442746138441096,Kauno m.,13.0,1959.0,1,ambiguous,citywide,9555,35456.0,3BA4D5F7-5D94-4C59-A9F0-989F391DA4E6,13.001844835072216,Šančių sen.,496448.3977335273,6083813.975750751,0.0001419003218434689
75661762902866345,Vilijampolės sen.,113.0,2007.0,0,ambiguous,district,4391,28383.0,5005B8C4-ECA5-47E5-8FF8-3B854CBD439A,113.00140475214393,Vilijampolės sen.,492602.57995507575,6086460.344617892,1.2431357632181061e-05
74509168589109762,Vilijampolės sen.,9.0,1928.0,0,ambiguous,district,654,28030.0,A4EFCD34-12A6-4E7E-9880-3376F38EDA1C,12.022117792070238,Vilijampolės sen.,492673.97409999964,6086296.76415,0.28952352527552483
75527191499927898,Žaliakalnio sen.,675.0,1970.0,2,ambiguous,district,341,10943.0,45612382-5E64-4E0C-A6BF-28556ABF6ECE,670.4141499709527,Žaliakalnio sen.,495107.8207896794,6086890.229730403,0.0068170351688205955
74624178508007635,Kauno m.,18.0,1959.0,1,ambiguous,citywide,13645,12810.0,E5470CB3-C0D5-46A3-9ABF-28319CADAD23,18.000599997430665,Panemunės sen.,499372.8338694433,6080718.06656832,3.333263505433948e-05
74999117560638637,Kauno m.,56.0,1997.0,1,ambiguous,citywide,33136,14071.0,0F96AE8A-F62B-4422-88C5-DA46B1EE9E33,56.00254999397211,Šančių sen.,496252.91843155964,6083642.204585592,4.5534569929728264e-05
75701056590095725,Šančių sen.,67.48,1925.0,1,ambiguous,district,3448,35952.0,D7CAA210-6981-43F7-9BFF-562356E01E85,67.50255120231063,Šančių sen.,496501.0507369733,6082710.477402494,0.00033413507626889327
74243669256190525,Kauno m.,15.0,1985.0,1,ambiguous,citywide,11269,32282.0,8B41C570-8FB4-453E-B4C6-A45E9968D4D0,15.000750000683592,Aleksoto sen.,491920.7975308333,6084434.660006409,4.999879561218279e-05
64808309710142495,Kauno m.,207.0,2025.0,1,ambiguous,citywide,28948,65662.0,cd70edb8-dc12-4280-be4a-0c5dd927ecba,207.00038533371128,Aleksoto sen.,493572.88842020574,6080285.245839828,1.861513781342694e-06
74552013891359237,Kauno m.,25.16,1972.0,1,ambiguous,citywide,18287,51213.0,1799188f-7f21-4901-a1bf-f5049e34caca,25.15806085105204,Petrašiūnų sen.,503230.99085000035,6085563.742400002,7.707566293824186e-05
64886186709585417,Vilijampolės sen.,317.0,2020.0,4,ambiguous,district,1355,18268.0,8DF01C10-E407-43C3-A2C2-F9FA2F895923,316.94949998824114,Vilijampolės sen.,493972.54499999975,6087290.65,0.00015931872133823077
75017521759260714,Kauno m.,46.0,1960.0,1,ambiguous,citywide,28608,21498.0,670D33CE-01EF-4EA9-B08C-9EF33B7C05F2,46.00600000535231,Šilainių sen.,486785.7866999997,6088022.945,0.00013042639307148107
7562901156389025,Šilainių sen.,128.0,1954.0,1,ambiguous,district,7193,42528.0,A34DA466-C86E-44EB-8539-F78A17E12101,128.0043500092957,Šilainių sen.,487890.8026671361,6088310.732236839,3.398387016506632e-05
74438908383413535,Kauno m.,27.0,1977.0,1,ambiguous,citywide,19219,8089.0,00F782A1-B0D3-4C33-BBDC-F90B7180B226,26.998350001438148,Panemunės sen.,496870.9255026141,6077850.352718684,6.111292520305511e-05
74307505791503595,Centro sen.,19.0,1982.0,1,ambiguous,district,351,56905.0,831ba522-c39e-4c98-b274-d9deda58e50c,18.997623539739813,Centro sen.,493659.2172698993,6084401.521371964,0.00012508467856120475
65339877158497567,Centro sen.,146.0,2013.0,9,ambiguous,district,1649,30814.0,6E7D4186-79DB-466E-BE1E-D4BA451A44C4,145.974699986309,Centro sen.,495589.8071585213,6084075.179651798,0.000173302781066198
75581835956659363,Vilijampolės sen.,707.36,1964.0,5,ambiguous,district,461,55140.0,1155ab17-133a-49ae-9a71-d32afadbf56f,707.2273059465699,Vilijampolės sen.,493534.8943772079,6086734.739023791,0.00018760815011020782
7492659876669662,Kauno m.,12.0,1958.0,1,ambiguous,citywide,8594,3192.0,1E9685FE-87AF-4400-866F-38F9F4075B25,12.001999996529893,Šilainių sen.,492618.23000000004,6090486.250000001,0.00016665249019354178
75342736191900933,Centro sen.,125.0,1992.0,2,ambiguous,district,1646,28744.0,32DA31D9-F2D5-4526-A42D-6AC1B68DD501,125.04240000325944,Centro sen.,495253.7989255995,6084865.591789621,0.00033914251075195523
75626434270325976,Petrašiūnų sen.,62.0,1955.0,1,ambiguous,district,3684,25524.0,24B232F4-9B88-4651-9B5F-63A4D43EEAC5,61.988949999944495,Petrašiūnų sen.,504302.12663047673,6086257.869562661,0.00017824169145352897
74464560208048675,Kauno m.,33.0,1960.0,1,ambiguous,citywide,21974,5827.0,2919B7C4-75EB-499B-9E0A-49AE80F70E12,33.00240000490323,Žaliakalnio sen.,494503.0350000001,6085593.42,7.272477679931555e-05
64770097542942925,Kauno m.,27.0,2022.0,1,ambiguous,citywide,19219,8089.0,00F782A1-B0D3-4C33-BBDC-F90B7180B226,26.998350001438148,Panemunės sen.,496870.9255026141,6077850.352718684,6.111292520305511e-05
75536405253193079,Gričiupio sen.,1763.0,1969.0,2,ambiguous,district,90,16834.0,149C2358-066A-4EA2-9E69-5159CA8AB604,1760.7253000109715,Gričiupio sen.,497364.53886586096,6085033.877212892,0.0012910769775338338
74410705680933595,Kauno m.,11.0,1970.0,1,ambiguous,citywide,7571,3192.0,1E9685FE-87AF-4400-866F-38F9F4075B25,12.001999996529893,Šilainių sen.,492618.23000000004,6090486.250000001,0.08717802947982323
74149763710426517,Vilijampolės sen.,148.0,2002.0,1,ambiguous,district,3850,41847.0,0F05D495-0871-4829-BA6F-2C1407FF2AAD,148.01708064023575,Vilijampolės sen.,493268.1292150084,6086841.709265311,0.00011540307213220302
64795450107550015,Kauno m.,109.0,2023.0,3,ambiguous,citywide,40707,64096.0,e924747f-7cb6-4933-a15a-7dc2c2e86eda,108.9995183724897,Šilainių sen.,488299.61125677143,6088537.493568262,4.418610773271325e-06
75678485358172218,Kauno m.,226.0,1972.0,1,ambiguous,citywide,26295,58613.0,b05a6362-c281-4c88-b2e2-9215ce4c74b8,226.00797555053686,Šilainių sen.,489258.5590000002,6088803.402799999,3.528942394392942e-05
74958224800697776,Kauno m.,20.0,1971.0,1,ambiguous,citywide,15162,42659.0,62E3BCEC-CF1A-411E-BD41-7C2CD1C41A70,20.000999999978582,Aleksoto sen.,493055.17640744965,6080852.427823423,4.9998748970825346e-05
75684795348627626,Centro sen.,666.0,1927.0,3,ambiguous,district,546,61593.0,6af9e3cb-5ab5-4094-8873-0e01cffaa087,665.8540257611006,Centro sen.,493938.70810242044,6084680.311888488,0.0002192045624527239
65083905087607169,Panemunės sen.,174.0,2016.0,1,ambiguous,district,4638,43547.0,8A355BC5-936D-4710-A8C0-26A7A722AE90,174.00195000396874,Panemunės sen.,498909.0418502099,6080689.289401393,1.1206856563639178e-05
75616466047942088,Petrašiūnų sen.,97.0,1958.0,1,ambiguous,district,3523,26288.0,0F03D4AF-6A6E-48D1-BDC2-1FBBD9B9AEE6,97.02343348161794,Petrašiūnų sen.,503764.9360692999,6086989.639216896,0.00024155310841944555
75537889203486031,Aleksoto sen.,83.0,1968.0,2,ambiguous,district,7932,46405.0,AE776D6F-FE2D-4BD9-A7A1-D230E17668B3,83.01845001568292,Aleksoto sen.,493486.1521182385,6080801.876703844,0.00022226464296082327
74454805627688275,Kauno m.,24.0,1922.0,1,ambiguous,citywide,17670,12815.0,E8EABD14-F888-422C-ABA7-C5C8CCEC5C25,24.000599999125676,Šančių sen.,496818.5500000001,6081148.900000001,2.4999651075940932e-05
75341953229429159,Žaliakalnio sen.,164.0,1992.0,2,ambiguous,district,4064,31655.0,1CBAE5CC-1A63-44B9-B1D4-49E5FA349953,164.01211168838606,Žaliakalnio sen.,496665.9762183722,6085414.2143066125,7.384903154417088e-05
74857607653501537,Kauno m.,28.78,1957.0,1,ambiguous,citywide,20026,63583.0,f894c69f-b5b4-494f-82aa-988015ffe2e6,28.780329638073766,Aleksoto sen.,491328.8064396329,6080907.973490033,1.1453654829463034e-05
64908998258455572,Kauno m.,59.0,1955.0,1,ambiguous,citywide,34206,40092.0,E4EBD6F3-53AF-4C9A-BC37-E4AA227E04BB,58.99969999083057,Panemunės sen.,497845.07500000024,6081615.741199999,5.084914104891425e-06
75005208276275714,Kauno m.,27.0,1991.0,2,ambiguous,citywide,19219,8089.0,00F782A1-B0D3-4C33-BBDC-F90B7180B226,26.998350001438148,Panemunės sen.,496870.9255026141,6077850.352718684,6.111292520305511e-05
75339833183316468,Centro sen.,68.0,1993.0,1,ambiguous,district,1172,56481.0,f2c4ba8d-a8b2-4c91-b9c1-f7968813010f,68.07029280000481,Centro sen.,493450.29110647575,6084451.5745539665,0.0010331837289578871
75659885441315036,Aleksoto sen.,71.0,1978.0,1,ambiguous,district,7296,43382.0,BB8BA893-A7DF-462E-81AF-B6BF20CD8A36,70.994700001904,Aleksoto sen.,490913.76876126876,6081073.885681636,7.465064679745836e-05
75631352328905471,Kauno m.,191.0,1954.0,1,ambiguous,citywide,31085,41219.0,0BC4EB41-4934-46F7-90BF-2BF7CA12531F,191.00842882030355,Aleksoto sen.,492041.77192562196,6079791.423452262,4.4128975535961956e-05
75568245308568496,Žaliakalnio sen.,88.0,1965.0,1,ambiguous,district,4668,16593.0,C1A529FD-329C-41A4-9C9C-4720744C50FD,88.01520000117384,Žaliakalnio sen.,494581.76228056126,6087475.9037305,0.00017271237042582044
74973514987774367,Kauno m.,15.0,1990.0,1,ambiguous,citywide,11269,32282.0,8B41C570-8FB4-453E-B4C6-A45E9968D4D0,15.000750000683592,Aleksoto sen.,491920.7975308333,6084434.660006409,4.999879561218279e-05
7424979138834889,Kauno m.,26.0,1981.0,1,ambiguous,citywide,18729,30248.0,0E85D2CF-C288-45B7-B007-683BF429F192,25.999763854411132,Vilijampolės sen.,492539.84290740883,6085427.240912551,9.0825638952019e-06
65115500694066242,Šilainių sen.,280.0,2015.0,1,ambiguous,district,3764,39327.0,037D0008-1CAC-4A3A-93CE-E04AC7299967,279.89139998329,Šilainių sen.,490608.8627249657,6089201.795688809,0.00038793243859469584
64940213141124387,Šilainių sen.,153.0,2022.0,2,ambiguous,district,6737,66109.0,b7dff3c0-cfaf-4c6c-a8ba-c00fbd5f7f5a,152.99937968929572,Šilainių sen.,490120.3755794885,6089251.590409376,4.054326547375808e-06
75623081870569375,Vilijampolės sen.,78.0,1956.0,1,ambiguous,district,4549,24351.0,2B3C02D4-1B62-4F0B-BA62-68F16D5B243F,77.988850005956,Vilijampolės sen.,493995.2308074198,6087105.115060784,0.0001429588597208209
74574920424072946,Kauno m.,31.0,1991.0,1,ambiguous,citywide,21068,37956.0,D74F9B33-AA42-4A40-9357-73300279589E,31.000705796529928,Vilijampolės sen.,491720.46673969046,6086516.7864471385,2.2767370819298804e-05
74830964466818001,Kauno m.,24.0,1996.0,1,ambiguous,citywide,17670,12815.0,E8EABD14-F888-422C-ABA7-C5C8CCEC5C25,24.000599999125676,Šančių sen.,496818.5500000001,6081148.900000001,2.4999651075940932e-05
75698840941938156,Aleksoto sen.,242.0,1910.0,1,ambiguous,district,4400,47883.0,DDA1D82E-8BA4-4CB4-96DF-EA9607D4E204,241.98626754134665,Aleksoto sen.,491532.05264599517,6084571.606895797,5.674730701255015e-05
90862968735209992,Aleksoto sen.,89.0,2006.0,2,ambiguous,district,8090,16956.0,3FFED1AC-B36F-4DAB-A267-573A3D36D0DC,88.9888120389575,Aleksoto sen.,491155.5952667008,6080488.8229924,0.00012571532928440377
75636882822813792,Vilijampolės sen.,311.0,1987.0,1,ambiguous,district,1402,2686.0,81B34BD0-5CB0-44CF-8954-44612312B2CC,310.68507825156576,Vilijampolės sen.,493956.06935001316,6088221.988659499,0.0010131231595797985
75630666603796179,Aleksoto sen.,154.0,2005.0,2,ambiguous,district,7228,43623.0,A21A885E-0714-4ACB-BA96-1D509DAA1196,154.00366636475323,Aleksoto sen.,491638.77532164543,6080789.456767091,2.3807279936782777e-05
65071402921133309,Petrašiūnų sen.,41.0,1969.0,0,ambiguous,district,3428,20050.0,0BC426CB-9074-4FC7-9C22-D4E4E30241EC,41.0112540864619,Petrašiūnų sen.,500546.5311967136,6084397.565267948,0.0002744522482407419
74480174928248419,Kauno m.,24.0,1980.0,1,ambiguous,citywide,17670,12815.0,E8EABD14-F888-422C-ABA7-C5C8CCEC5C25,24.000599999125676,Šančių sen.,496818.5500000001,6081148.900000001,2.4999651075940932e-05
75022930136231458,Kauno m.,25.2,1976.0,1,ambiguous,citywide,18295,33357.0,3A342B77-B01E-42EE-94F1-6F5F52F35958,25.200800005119106,Vilijampolės sen.,493200.85729627433,6086778.242685189,3.174573098441158e-05
64862017027300156,Kauno m.,67.0,2020.0,2,ambiguous,citywide,36852,22950.0,4E5E02AD-E1E5-4FBE-A460-6B7437B2FD52,67.0006499978289,Petrašiūnų sen.,503422.17023163685,6085837.65575539,9.70141307465866e-06
75649317523188792,Panemunės sen.,153.0,1938.0,1,ambiguous,district,4970,65684.0,e63aabce-44c1-4e73-b712-9bcef8304642,152.99983070189063,Panemunės sen.,500380.4153334387,6080451.979982716,1.1065242029317801e-06
74210102606214898,Kauno m.,58.0,2001.0,1,ambiguous,citywide,33853,41842.0,1523FB7E-71C7-44BF-8100-8D0DDEAD2F0B,58.00164999646638,Aleksoto sen.,491424.6507097699,6084562.346095046,2.8447810294984777e-05
75674828559716384,Žaliakalnio sen.,151.0,1930.0,2,ambiguous,district,4278,24278.0,E64630CA-8F1B-46B7-A45F-0E4B801CC736,150.99090606097488,Žaliakalnio sen.,494891.4319461462,6086544.537834272,6.022657533932829e-05
75709489996555912,Šančių sen.,126.0,1888.0,1,ambiguous,district,3274,3691.0,FF2A1F97-4C50-49A4-9D4F-3EC4C84DC027,126.00539999584704,Šančių sen.,495845.8615492352,6082098.801444862,4.285619155730558e-05
75664677196511737,Panemunės sen.,129.09,1933.0,2,ambiguous,district,5247,34178.0,1FE802BD-AAA0-4CDE-85B5-384BD60703BA,129.09746655203216,Panemunės sen.,501090.23050000006,6078662.71465,5.783822223381918e-05
7429804454584632,Vilijampolės sen.,25.0,1975.0,1,ambiguous,district,2174,11326.0,5829156B-DF77-4C71-B6E6-DDFEA4DDE8ED,24.99914999632668,Vilijampolės sen.,491349.45878927363,6086208.81785914,3.4000724950633554e-05
7415389271761981,Kauno m.,55.0,2002.0,1,ambiguous,citywide,32803,42978.0,8E451A99-CCA1-45C5-BBFF-88F530A553EC,54.9977500085244,Aleksoto sen.,494468.1422068505,6080810.780650901,4.090977271342666e-05
74410463667878471,Kauno m.,21.0,1982.0,1,ambiguous,citywide,15889,28359.0,7954F990-38CB-4317-9E88-38DC85F535ED,21.000499999102203,Vilijampolės sen.,492868.10720000026,6086517.1454,2.3809197616131428e-05
64921455855156768,Panemunės sen.,179.0,2017.0,1,ambiguous,district,4565,39783.0,180A2062-A8F9-4BE7-8B59-20AF770CFD4F,178.95189999132828,Panemunės sen.,498838.97685797064,6082769.398068731,0.0002687512426247096
87310622541554722,Šančių sen.,121.0,1930.0,1,ambiguous,district,3341,45304.0,A574E6BD-5AD5-4082-938A-EFEF7694E65C,121.02540000965391,Šančių sen.,495710.578312072,6081543.964144938,0.0002098954055744784
74163594424323603,Kauno m.,15.0,2001.0,1,ambiguous,citywide,11269,32282.0,8B41C570-8FB4-453E-B4C6-A45E9968D4D0,15.000750000683592,Aleksoto sen.,491920.7975308333,6084434.660006409,4.999879561218279e-05
75716043544442335,Kauno m.,157.0,1962.0,0,ambiguous,citywide,36139,50297.0,28D40782-CAB9-4372-BE17-0AD761CA51A2,156.996656093512,Panemunės sen.,500113.66364461405,6080073.851576152,2.129899426073223e-05
65342671220339099,Petrašiūnų sen.,62.0,1989.0,0,ambiguous,district,3684,25524.0,24B232F4-9B88-4651-9B5F-63A4D43EEAC5,61.988949999944495,Petrašiūnų sen.,504302.12663047673,6086257.869562661,0.00017824169145352897
92464658310474165,Aleksoto sen.,388.0,2004.0,4,ambiguous,district,1476,44916.0,D39558C9-1996-44EB-B6AA-EA309E5A607E,388.5412873667001,Aleksoto sen.,491910.9590880314,6080238.892959291,0.0013940983259290718
74560819172455203,Kauno m.,65.0,1930.0,1,ambiguous,citywide,36225,9893.0,9C700EDC-BE42-462F-8261-C2C35E2390A4,65.00085000092126,Vilijampolės sen.,491195.41710918397,6085977.424533079,1.3076851748117235e-05
74779564259823822,Kauno m.,21.21,1978.0,1,ambiguous,citywide,16033,59956.0,a2b3ec5c-6a24-4ff4-bac8-e20416432bca,21.210135739953824,Petrašiūnų sen.,499958.9508500001,6086136.3039,6.399788753608249e-06
64743730127126933,Kauno m.,5.0,2023.0,1,ambiguous,citywide,345,3192.0,1E9685FE-87AF-4400-866F-38F9F4075B25,12.001999996529893,Šilainių sen.,492618.23000000004,6090486.250000001,0.8756353898440936
74936254685371628,Kauno m.,40.0,1993.0,1,ambiguous,citywide,25535,512.0,2119E511-AA18-4FFF-AE06-1B9C823F8464,39.99623781162094,Vilijampolės sen.,494215.36519710184,6088381.179617149,9.405913289795009e-05
74416138832665304,Šančių sen.,15.0,1935.0,1,ambiguous,district,1052,10195.0,13610A2B-35BF-4409-BF07-8E6EE9672CD7,14.986943562742496,Šančių sen.,497003.4552454645,6084104.574467816,0.0008708081939228229
64921366925091525,Gričiupio sen.,418.0,2019.0,3,ambiguous,district,492,1484.0,62C03407-D48F-4037-93DC-0FE1222F531D,418.0778499872718,Gričiupio sen.,497862.79791573534,6085967.878919532,0.00018622664742995454
75339367529936738,Vilijampolės sen.,584.0,1993.0,5,ambiguous,district,540,41861.0,10CA6ED4-754D-40E2-A093-158B11CA4264,584.6211447210254,Vilijampolės sen.,492263.0062477819,6085405.658781471,0.0010630387484003023
75166015604237121,Panemunės sen.,171.0,1986.0,1,ambiguous,district,4698,29266.0,B4EAB106-B936-458E-94C1-3BE2D8C9012B,171.00018163142425,Panemunės sen.,501304.83654707094,6079470.41087976,1.0621715071934545e-06
64706516287062948,Kauno m.,36.0,2024.0,1,ambiguous,citywide,23510,66201.0,2e2adc05-3da4-462e-a037-ff96eb198e87,36.00059857991784,Eigulių sen.,496593.7489499999,6091057.821900001,1.6627081709241764e-05
75640576098762333,Kauno m.,536.0,1974.0,1,ambiguous,citywide,6653,5022.0,F0F45523-0C0E-41C5-A7BB-3F89905EC380,535.9810989293926,Panemunės sen.,496332.7449018118,6078307.617355138,3.5263813192187854e-05
75715699484720733,Eigulių sen.,521.0,1984.0,9,ambiguous,district,650,4233.0,D8AB439F-E7D1-4BD0-AF4E-78765F09FD86,521.4437999860234,Eigulių sen.,496784.2505364749,6087984.178492696,0.0008514607940339758
75672153064256661,Žaliakalnio sen.,110.0,1931.0,1,ambiguous,district,4641,64346.0,2d2bdd98-d983-4f98-a0d3-464f29da93e7,110.00819170562099,Žaliakalnio sen.,496142.9881000002,6086672.0035000015,7.446727834281575e-05
74844837385105598,Kauno m.,16.0,1960.0,1,ambiguous,citywide,12108,36148.0,42D62C8E-7585-4040-B6DD-350FA71FAB0F,16.0,Šančių sen.,496992.37090000045,6082192.865499999,0.0
74888263697330787,Kauno m.,5.0,1940.0,1,ambiguous,citywide,345,3192.0,1E9685FE-87AF-4400-866F-38F9F4075B25,12.001999996529893,Šilainių sen.,492618.23000000004,6090486.250000001,0.8756353898440936
64967994411632701,Aleksoto sen.,243.0,2017.0,1,ambiguous,district,4368,13010.0,28A22502-A3FC-4FB6-B753-AB12D0875D5F,243.19583379861598,Aleksoto sen.,493916.35299873975,6080189.491099135,0.0008055758424605486
74509114711038049,Kauno m.,25.0,1988.0,1,ambiguous,citywide,18210,29207.0,0A56472F-66B2-41A7-B47B-01701314B5D5,25.00039999837093,Gričiupio sen.,497989.3960000001,6085158.809300002,1.5999806839861463e-05
7488009761107646,Kauno m.,21.0,1970.0,1,ambiguous,citywide,15889,28359.0,7954F990-38CB-4317-9E88-38DC85F535ED,21.000499999102203,Vilijampolės sen.,492868.10720000026,6086517.1454,2.3809197616131428e-05
75619765106242229,Kauno m.,10.0,1961.0,1,ambiguous,citywide,6494,3192.0,1E9685FE-87AF-4400-866F-38F9F4075B25,12.001999996529893,Šilainių sen.,492618.23000000004,6090486.250000001,0.182488209284148
75706164711254922,Aleksoto sen.,777.0,1899.0,1,ambiguous,district,343,41256.0,ACAA553D-72CB-4B6B-9A8F-544EB22A9574,776.7649000126984,Aleksoto sen.,492205.9863999997,6082340.9636,0.0003026197709754541
65239222992626425,Šilainių sen.,77.0,2019.0,2,ambiguous,district,6841,7322.0,7B1DD464-36AD-4CF7-9F45-0C1E5D350410,77.00450000337977,Šilainių sen.,487419.6324428443,6088139.532829935,5.84398946905651e-05
74843260856769345,Kauno m.,19.88,1975.0,1,ambiguous,citywide,15067,32901.0,E54E602C-A525-4419-B331-9B191FEF45C8,19.880249994531273,Petrašiūnų sen.,499641.5067026131,6084805.787034438,1.2575098562450648e-05
75613551690769498,Panemunės sen.,94.0,1958.0,1,ambiguous,district,5253,41165.0,51F8EEC4-A444-459F-8B2C-38CDCEC45FC4,93.99340135899504,Panemunės sen.,498928.49504873896,6079294.845406066,7.02007725799092e-05
7462659336234434,Kauno m.,19.43,1937.0,1,ambiguous,citywide,14729,39547.0,4B4C8415-4DBF-479A-B634-999C58ACA0EC,19.427644482881856,Petrašiūnų sen.,500576.9273847745,6086233.3794255145,0.00012123828669352577
79940472214423589,Panemunės sen.,197.0,2010.0,1,ambiguous,district,4275,17373.0,BAA4D28E-4F8B-4305-A5CC-2BA8A654D114,196.9817499985015,Panemunės sen.,499237.89451151475,6080558.553985471,9.264389282837016e-05
75562527438855484,Panemunės sen.,142.0,1966.0,1,ambiguous,district,5108,40001.0,DFC056D2-34E3-452A-9496-A9C31E13DAC9,142.02919999659917,Panemunės sen.,498148.1712009263,6081458.349099774,0.00020561263913965178
64861586116162051,Kauno m.,231.0,2022.0,1,ambiguous,citywide,25572,22880.0,1F8C2267-BC3D-4AEA-81C3-D72639527C4D,230.96274797196557,Žaliakalnio sen.,495986.7156174195,6086777.4065715475,0.00016127719509295702
756443313776064,Žaliakalnio sen.,111.0,1939.0,1,ambiguous,district,4634,57392.0,2a1f72f4-04a7-439a-a345-f14a77504f44,110.97237237406374,Žaliakalnio sen.,495936.89456111524,6086427.380638212,0.00024892851108848646
74581146113545729,Aleksoto sen.,130.0,1992.0,2,ambiguous,district,7761,38336.0,C52EE457-A54D-4B00-9E3A-E7ED95C7C10E,130.0037304320751,Aleksoto sen.,491728.013743441,6079696.258110912,2.8695219635110902e-05
75215044318300825,Šilainių sen.,57.0,1965.0,2,ambiguous,district,5737,60563.0,292d0537-c44e-4d9a-82bb-d7a3ba58e48f,57.00851374182759,Šilainių sen.,488174.1819238617,6088838.746992207,0.00014935273803651228
6475531494204384,Kauno m.,239.0,2023.0,1,ambiguous,citywide,24479,51768.0,c00cbfba-748d-427e-967c-d74066b5acdb,238.99609916029647,Šilainių sen.,488398.790183887,6088760.8981853165,1.6321638232952296e-05
74257147270794979,Šilainių sen.,41.0,1974.0,1,ambiguous,district,4299,61044.0,9f1bcbe7-7777-4a80-b47c-63f8305ae147,40.99718746622927,Šilainių sen.,489915.4371500001,6087957.446799999,6.86007376287101e-05
64981233593852744,Kauno m.,25.0,2015.0,1,ambiguous,citywide,18210,29207.0,0A56472F-66B2-41A7-B47B-01701314B5D5,25.00039999837093,Gričiupio sen.,497989.3960000001,6085158.809300002,1.5999806839861463e-05
74458692658476086,Kauno m.,63.0,1961.0,1,ambiguous,citywide,35632,66119.0,f09ffdff-214b-4829-8cd2-c151a289cb32,63.00000373683122,Šilainių sen.,493820.5972292782,6089326.045856123,5.931477975451571e-08
74444120518922019,Kauno m.,25.0,1979.0,1,ambiguous,citywide,18210,29207.0,0A56472F-66B2-41A7-B47B-01701314B5D5,25.00039999837093,Gričiupio sen.,497989.3960000001,6085158.809300002,1.5999806839861463e-05
75446047821612322,Šilainių sen.,106.0,1978.0,2,ambiguous,district,7436,66179.0,3d9e7c50-c8ae-45c4-9c0e-a965a6a8ae1d,105.98142020303392,Šilainių sen.,492490.30028145923,6090418.974365759,0.00017529646698122292
75639163536561013,Panemunės sen.,77.0,1968.0,1,ambiguous,district,4792,43389.0,A043D469-3DC4-4998-A39C-565B9F5F5718,76.99950000120512,Panemunės sen.,498581.38880500733,6080818.713293108,6.4935119254982965e-06
74863060293976269,Kauno m.,1710.0,1966.0,1,ambiguous,citywide,1808,20504.0,F429A18A-E8EE-48A4-858F-0677FC1D1F02,1708.0400999919675,Šilainių sen.,493080.0421139531,6088646.445787689,0.0011467976767347565
75489089965567774,Dainavos sen.,1120.0,1973.0,5,ambiguous,district,435,64024.0,595631B8-CC2A-4883-AF9B-900E0D1A2E0A,1119.4592840262442,Dainavos sen.,497376.8945495321,6087129.849649793,0.0004828986962346349
64803537898758853,Kauno m.,176.0,2026.0,1,ambiguous,citywide,33340,8678.0,38289A9B-993F-421B-9851-1BB784849F3D,175.99489999986943,Panemunės sen.,499743.2672514857,6081299.7665451765,2.8977693317777664e-05
65089071676344229,Šančių sen.,61.0,1920.0,1,ambiguous,district,3282,34810.0,E821BDFD-FEA2-4B93-805C-2E26F34BDE26,61.01459904121701,Šančių sen.,496330.3840446843,6083560.3633856615,0.0002392999100333526
75214374146331489,Panemunės sen.,184.0,1965.0,1,ambiguous,district,4493,49431.0,91a2a2eb-6ce5-4b85-b458-e74952dfacf3,183.99997621008683,Panemunės sen.,498669.35358679865,6078335.511358585,1.292930154050964e-07
74718820245508577,Kauno m.,57.0,1998.0,1,ambiguous,citywide,33542,60563.0,292d0537-c44e-4d9a-82bb-d7a3ba58e48f,57.00851374182759,Šilainių sen.,488174.1819238617,6088838.746992207,0.00014935273803651228
75105055731357548,Panemunės sen.,92.0,1988.0,1,ambiguous,district,5212,34128.0,8A955DF8-BCAB-4612-B311-6539C5054407,92.02613050314315,Panemunės sen.,501612.0746781827,6078963.992827466,0.00028398687998620886
75648986143236688,Kauno m.,191.0,1966.0,1,ambiguous,citywide,31085,41219.0,0BC4EB41-4934-46F7-90BF-2BF7CA12531F,191.00842882030355,Aleksoto sen.,492041.77192562196,6079791.423452262,4.4128975535961956e-05
7500669767729036,Kauno m.,23.0,1973.0,1,ambiguous,citywide,17115,23510.0,B614982E-50C9-49D2-BD1F-20276B84190F,23.003700001622736,Vilijampolės sen.,493912.0850999998,6087234.5699,0.0001608566976387671
65152853966154986,Šilainių sen.,105.0,2013.0,2,ambiguous,district,7426,2518.0,449D5B9D-6830-46AF-A1AE-F3C45A7C0AAF,104.97705000140313,Šilainių sen.,492558.5518832372,6089844.605066399,0.00021859530542123196
74509120697458242,Kauno m.,25.0,1988.0,1,ambiguous,citywide,18210,29207.0,0A56472F-66B2-41A7-B47B-01701314B5D5,25.00039999837093,Gričiupio sen.,497989.3960000001,6085158.809300002,1.5999806839861463e-05
74427552115835266,Kauno m.,25.0,1989.0,1,ambiguous,citywide,18210,29207.0,0A56472F-66B2-41A7-B47B-01701314B5D5,25.00039999837093,Gričiupio sen.,497989.3960000001,6085158.809300002,1.5999806839861463e-05
74412901967021744,Kauno m.,24.0,1953.0,1,ambiguous,citywide,17670,12815.0,E8EABD14-F888-422C-ABA7-C5C8CCEC5C25,24.000599999125676,Šančių sen.,496818.5500000001,6081148.900000001,2.4999651075940932e-05
64751112403473213,Kauno m.,48.0,2023.0,1,ambiguous,citywide,29654,64389.0,8c9eaf79-2fef-4491-82c6-3f2a9f21edc4,48.00135606203484,Petrašiūnų sen.,499725.27001927845,6085914.936695124,2.825089333180486e-05
64899393726679244,Kauno m.,303.0,2023.0,4,ambiguous,citywide,17699,36307.0,E692EC83-6165-4CBD-8C4E-ABDF58EB33FF,303.01120001244004,Aleksoto sen.,494501.0985000002,6081850.126,3.696305428402269e-05
75029313117009805,Panemunės sen.,452.0,1968.0,1,ambiguous,district,777,11437.0,D061AB89-F43D-4146-A841-8C9970B7C460,452.46766404011345,Panemunės sen.,498659.6154857878,6083609.606729131,0.0010341200694803376
7446377004620347,Kauno m.,11.0,1975.0,1,ambiguous,citywide,7571,3192.0,1E9685FE-87AF-4400-866F-38F9F4075B25,12.001999996529893,Šilainių sen.,492618.23000000004,6090486.250000001,0.08717802947982323
75151941238362718,Šilainių sen.,27.0,1993.0,0,ambiguous,district,3039,64746.0,3553e4fe-7f27-4642-8de4-a97b48ff7303,27.01161534421539,Šilainių sen.,492373.9112,6090538.1894499995,0.00043010542530241835
75645096149278321,Šilainių sen.,198.0,1939.0,1,ambiguous,district,5642,47320.0,23f20080-52be-49e9-b9da-f0f46a0d680e,198.00223160350873,Šilainių sen.,489397.39290805295,6088949.88449247,1.1270661277151817e-05
74259066899021287,Kauno m.,26.0,1982.0,1,ambiguous,citywide,18729,30248.0,0E85D2CF-C288-45B7-B007-683BF429F192,25.999763854411132,Vilijampolės sen.,492539.84290740883,6085427.240912551,9.0825638952019e-06
65070191192783636,Panemunės sen.,159.0,2016.0,2,ambiguous,district,4875,34190.0,4053853B-A73F-4C41-8DAF-EDE6FE2D42BA,159.0874461682133,Panemunės sen.,501284.0495884693,6079016.6791085545,0.0005498247193953532
75595114244548747,Vilijampolės sen.,71.0,1962.0,1,ambiguous,district,4446,14353.0,474195EA-D638-43D5-BC4D-123CE1F7FB38,71.00590000584573,Vilijampolės sen.,491441.7136130306,6086149.934806845,8.309522138016945e-05
74836590940102907,Kauno m.,32.0,1990.0,1,ambiguous,citywide,21525,28850.0,F9939F46-5896-456D-8FF8-83FA4EBC29E8,31.996313406877867,Žaliakalnio sen.,496262.0398589024,6087029.177061065,0.00011521267179182004
74453069296832333,Kauno m.,25.0,1979.0,1,ambiguous,citywide,18210,29207.0,0A56472F-66B2-41A7-B47B-01701314B5D5,25.00039999837093,Gričiupio sen.,497989.3960000001,6085158.809300002,1.5999806839861463e-05
64896478881920544,Eigulių sen.,600.0,2018.0,2,ambiguous,district,617,16519.0,C438DC06-79C5-4746-8DA5-7660E55BD631,599.7343999775308,Eigulių sen.,497870.9005191008,6087978.570924364,0.00044276470994475403
75676267672010619,Kauno m.,323.0,1930.0,3,ambiguous,citywide,15957,24976.0,5F965591-CE22-4CE0-B63D-857494DF147A,323.02796580310155,Šilainių sen.,487381.955041813,6087544.801768775,8.657768579478642e-05
64844918768256002,Kauno m.,88.0,2020.0,2,ambiguous,citywide,40553,7029.0,610A1701-E456-4DF8-9019-FA34E23E237C,88.00154999243355,Eigulių sen.,495153.2062933665,6088582.558235872,1.761339526407113e-05
75569386207450975,Dainavos sen.,649.0,1965.0,5,ambiguous,district,582,14387.0,193CF714-22DD-47D0-8A48-BFCE149C227A,649.2260500262582,Dainavos sen.,497991.8070022973,6086375.947211819,0.0003482444810565255
64830396554169833,Kauno m.,213.0,2025.0,1,ambiguous,citywide,28098,17355.0,CF4F7F56-DA7C-4101-9FF0-1E3A9BD4171D,213.00145001318324,Šančių sen.,495767.1057727925,6082560.128539572,6.807550458454159e-06
74249375454440728,Kauno m.,21.0,1986.0,1,ambiguous,citywide,15889,28359.0,7954F990-38CB-4317-9E88-38DC85F535ED,21.000499999102203,Vilijampolės sen.,492868.10720000026,6086517.1454,2.3809197616131428e-05
83840334010038001,Vilijampolės sen.,131.0,2005.0,2,ambiguous,district,4161,47597.0,29E0F926-1BE5-4D09-B886-3F8BA39D7670,131.02177161691478,Vilijampolės sen.,487551.72982908355,6087016.732166479,0.00016618174001781227
74240418851883164,Kauno m.,32.0,1972.0,1,ambiguous,citywide,21525,28850.0,F9939F46-5896-456D-8FF8-83FA4EBC29E8,31.996313406877867,Žaliakalnio sen.,496262.0398589024,6087029.177061065,0.00011521267179182004
7495542167691846,Kauno m.,50.0,1936.0,1,ambiguous,citywide,30622,53247.0,a27e4b68-3b55-4f18-b271-1f343af0ce60,50.00029855039059,Šilainių sen.,491810.95530000003,6086831.844749999,5.9709899855597826e-06
74457542563616225,Kauno m.,35.0,1973.0,1,ambiguous,citywide,23010,43237.0,03C2C4FA-968F-486F-AF14-6AFEC83AE024,35.00125000765081,Žaliakalnio sen.,494072.2256530612,6085760.255303067,3.57138665614265e-05
75711234263477895,Centro sen.,552.0,1880.0,2,ambiguous,district,682,63219.0,efcef7ff-ca5a-4ef5-873c-8b11b3dd7d09,551.8758142032827,Centro sen.,494862.5455157364,6084641.30380145,0.00022499957992216935
74267365956683901,Kauno m.,11.0,1962.0,1,ambiguous,citywide,7571,3192.0,1E9685FE-87AF-4400-866F-38F9F4075B25,12.001999996529893,Šilainių sen.,492618.23000000004,6090486.250000001,0.08717802947982323
75669473969899828,Petrašiūnų sen.,2577.0,1966.0,2,ambiguous,district,292,33218.0,8A034530-73AE-49BA-9966-805413C71EF4,2580.3644283171943,Petrašiūnų sen.,502182.5456625441,6085338.069597365,0.0013047085740085507
75615257244045747,Šančių sen.,77.0,1958.0,2,ambiguous,district,3548,2973.0,B3FDA7B1-A4C6-4AAE-B742-66BA61D4F9E9,77.00637062083672,Šančių sen.,496733.33841462265,6081093.997144412,8.273191316199302e-05
75690989602391262,Petrašiūnų sen.,164.0,1923.0,1,ambiguous,district,2765,11890.0,33515E82-F618-4989-9A75-4118457F38E4,164.03012256139465,Petrašiūnų sen.,501201.7596828331,6087235.48350132,0.00018365728881253318
74439383747113494,Kauno m.,29.0,1947.0,1,ambiguous,citywide,20122,61155.0,bae057a1-5e7d-4f8f-b6b2-7c2cf51afab8,28.999892065010798,Šilainių sen.,494649.80932389677,6090974.922940333,3.721903105713409e-06
745411392376987,Kauno m.,31.0,1999.0,1,ambiguous,citywide,21068,37956.0,D74F9B33-AA42-4A40-9357-73300279589E,31.000705796529928,Vilijampolės sen.,491720.46673969046,6086516.7864471385,2.2767370819298804e-05
74443778358708065,Šančių sen.,28.0,1975.0,1,ambiguous,district,1902,56268.0,dd0f99fc-ad1b-434c-95a9-28da2bf1dd4c,27.995315674230923,Šančių sen.,496382.3240320614,6084138.4623481585,0.00016731134465786113
75024058258360074,Kauno m.,26.0,1975.0,1,ambiguous,citywide,18729,30248.0,0E85D2CF-C288-45B7-B007-683BF429F192,25.999763854411132,Vilijampolės sen.,492539.84290740883,6085427.240912551,9.0825638952019e-06
75484424218249885,Žaliakalnio sen.,114.0,1983.0,2,ambiguous,district,4617,60347.0,2a2d2b1d-da30-4403-b974-5b340d2abfef,113.99665118665989,Žaliakalnio sen.,495880.45619999996,6085380.20885,2.937598708552258e-05
74546865043474755,Kauno m.,37.0,1928.0,1,ambiguous,citywide,24010,41033.0,72799223-CC61-4599-BDA9-9CE4A32480E5,36.99736197245942,Aleksoto sen.,493600.15641070926,6081430.292874727,7.130058346316304e-05
75636134791216614,Kauno m.,671.0,1957.0,1,ambiguous,citywide,5290,6705.0,0BE0D692-DC23-496C-8FBB-76DDDB3045E1,671.0042420827606,Dainavos sen.,498875.2388690282,6086758.664609692,6.322010955628343e-06
74444500072287909,Kauno m.,28.0,1985.0,1,ambiguous,citywide,19655,64435.0,b8b3c45b-50c8-439c-a780-10936b21dc7b,27.999818957143066,Eigulių sen.,496841.2465692256,6087032.037176935,6.465837222524584e-06
86588856697258368,Kauno m.,64.0,2004.0,0,ambiguous,citywide,35945,48206.0,d0513278-e13f-45b6-9d49-510f6eec9a07,64.00019821173042,Šilainių sen.,494084.6633797297,6090574.282557287,3.097053491885049e-06
74541151296991279,Kauno m.,7.0,1983.0,1,ambiguous,citywide,2461,3192.0,1E9685FE-87AF-4400-866F-38F9F4075B25,12.001999996529893,Šilainių sen.,492618.23000000004,6090486.250000001,0.5391631532228807
86613297775796669,Eigulių sen.,238.0,2012.0,1,ambiguous,district,753,42919.0,D26B3B76-2160-4D44-9A8D-169ED68E8D4A,238.02215000074207,Eigulių sen.,495130.97294310376,6087509.874889222,9.306289952260016e-05
75700755219808805,Žaliakalnio sen.,152.0,1907.0,1,ambiguous,district,4260,20910.0,BCFF645E-F15C-4E13-95AA-2E486EB3965D,151.96264999923426,Žaliakalnio sen.,495265.41833960084,6085817.172871424,0.00024575388426040234
64894267163760136,Panemunės sen.,107.0,2019.0,1,ambiguous,district,5338,50163.0,33FF9B30-E393-4983-AAFC-82D95F37F080,107.03343388897962,Panemunės sen.,499245.94685998,6079725.905226291,0.00031241744473398114
74490517918730778,Kauno m.,35.0,1973.0,1,ambiguous,citywide,23010,43237.0,03C2C4FA-968F-486F-AF14-6AFEC83AE024,35.00125000765081,Žaliakalnio sen.,494072.2256530612,6085760.255303067,3.57138665614265e-05
75631974175948621,Petrašiūnų sen.,98.0,1952.0,1,ambiguous,district,3505,8298.0,5936AC59-29CE-43DF-A1D0-B6B7CDF52B28,97.9781500014238,Petrašiūnų sen.,501478.8624632161,6082233.776220437,0.00022298402823572872
64940715164911955,Aleksoto sen.,29.0,2016.0,1,ambiguous,district,3336,9804.0,F80F0609-A9EE-4CB4-B714-31D7AEDBF00E,29.001499996589498,Aleksoto sen.,494526.7618686392,6081853.019057463,5.1722682686605737e-05
64836311957853138,Kauno m.,502.0,2021.0,2,ambiguous,citywide,7249,1178.0,23E1916C-BE5E-4ED6-8A37-197480C01D6C,501.9858499920271,Eigulių sen.,496694.6342430387,6087996.262153799,2.8187664146805957e-05
74703169735017921,Kauno m.,13.0,1992.0,1,ambiguous,citywide,9555,35456.0,3BA4D5F7-5D94-4C59-A9F0-989F391DA4E6,13.001844835072216,Šančių sen.,496448.3977335273,6083813.975750751,0.0001419003218434689
75387637986414513,Žaliakalnio sen.,3361.0,1986.0,2,ambiguous,district,56,32607.0,924A97DB-C7B7-4EED-A497-205B116CE185,3477.834795631008,Žaliakalnio sen.,496218.84924600326,6086707.4214258855,0.034171366242398804
7551760192782736,Aleksoto sen.,101.0,1970.0,1,ambiguous,district,8158,42761.0,9D2353C4-825D-4E1B-A3BF-6AF3D9CA6E36,101.002399455934,Aleksoto sen.,492384.68970000005,6080754.280599999,2.3756707252076126e-05
74494909695742198,Kauno m.,22.0,1962.0,1,ambiguous,citywide,16561,54794.0,602187e6-288e-4b60-a8c1-e118443d91d0,21.998916665486203,Vilijampolės sen.,491043.35404556396,6086148.481079037,4.9243690350753155e-05
74441407558539535,Kauno m.,4.0,1995.0,1,no_match,citywide,0,,,,,,,
74852823163865628,Panemunės sen.,15.0,1970.0,1,ambiguous,district,1406,43799.0,ED401079-1B0D-40CC-9E76-1CB9DE79043D,15.026051626238214,Panemunės sen.,499836.28696184413,6080366.6557253655,0.0017352686326947975
75587502016056754,Šilainių sen.,115.0,1963.0,1,ambiguous,district,7357,21129.0,D92A7123-DCB3-458E-906F-6ED61D3F702D,114.96439999079276,Šilainių sen.,488343.63858473435,6088387.701316569,0.00030961322268208136
74982342783850395,Kauno m.,19.0,1979.0,1,ambiguous,citywide,14402,25601.0,06EC2A22-2355-40BE-BB99-EE0F7A2F6ECF,19.0,Petrašiūnų sen.,501135.92420000024,6084766.5735,0.0
74438656971942602,Kauno m.,30.0,1991.0,1,ambiguous,citywide,20562,52501.0,4120f24f-00d4-43b3-953d-e33775681ef2,30.00104933864251,Aleksoto sen.,494062.8141000001,6080861.18965,3.4977343035702546e-05
75539544176299073,Vilijampolės sen.,83.0,1968.0,1,ambiguous,district,4557,7976.0,6D03A933-69CA-4128-9014-C8CEBBD0FFA1,83.00489999570176,Vilijampolės sen.,493468.90602931887,6086758.269711951,5.90343502304691e-05
75008698441113672,Kauno m.,10.0,1989.0,1,ambiguous,citywide,6494,3192.0,1E9685FE-87AF-4400-866F-38F9F4075B25,12.001999996529893,Šilainių sen.,492618.23000000004,6090486.250000001,0.182488209284148
65111810239788806,Aleksoto sen.,27.0,2012.0,1,ambiguous,district,3180,62051.0,95770de6-1d20-4eeb-90a4-301467b2b4df,26.990792667409984,Aleksoto sen.,494281.4019999996,6080847.35275,0.0003410704760713479
74151478905129395,Petrašiūnų sen.,49.0,1973.0,1,ambiguous,district,3554,24290.0,A7F5B691-60C6-454F-B7E6-19C857432764,49.03434928434409,Petrašiūnų sen.,503335.25070000027,6085567.2099,0.000700760213139251
75703694425506507,Šančių sen.,102.0,1960.0,1,ambiguous,district,3517,43342.0,8A31AA15-D094-41A4-8112-F558BB5ECAEB,102.00206196876354,Šančių sen.,495932.9513531222,6080890.506855906,2.0215175706717048e-05
64886068443686107,Kauno m.,58.0,2020.0,2,ambiguous,citywide,33853,41842.0,1523FB7E-71C7-44BF-8100-8D0DDEAD2F0B,58.00164999646638,Aleksoto sen.,491424.6507097699,6084562.346095046,2.8447810294984777e-05
74791114479273516,Kauno m.,25.0,1977.0,1,ambiguous,citywide,18210,29207.0,0A56472F-66B2-41A7-B47B-01701314B5D5,25.00039999837093,Gričiupio sen.,497989.3960000001,6085158.809300002,1.5999806839861463e-05
75003197919921286,Kauno m.,27.0,1970.0,1,ambiguous,citywide,19219,8089.0,00F782A1-B0D3-4C33-BBDC-F90B7180B226,26.998350001438148,Panemunės sen.,496870.9255026141,6077850.352718684,6.111292520305511e-05
74728910580415989,Kauno m.,43.0,1995.0,1,ambiguous,citywide,27002,35176.0,D2DFDF38-46A4-464C-9014-D1132BA28EBA,43.00166006778807,Petrašiūnų sen.,501204.9332000003,6084448.050349999,3.860548242862194e-05
75403355000945416,Eigulių sen.,900.0,1984.0,5,ambiguous,district,519,15666.0,BBAA4214-A22B-4B82-89EB-1E20F8B3B831,896.7552723918814,Eigulių sen.,497744.27482911904,6088542.886573709,0.0036117674846742887
74744075203144092,Kauno m.,36.0,1985.0,1,ambiguous,citywide,23510,66201.0,2e2adc05-3da4-462e-a037-ff96eb198e87,36.00059857991784,Eigulių sen.,496593.7489499999,6091057.821900001,1.6627081709241764e-05
64836022751720929,Kauno m.,85.0,1926.0,1,ambiguous,citywide,40316,32451.0,98FA98CC-EAFA-48FE-90D5-5242931912BE,85.00240000739917,Vilijampolės sen.,493926.84270000004,6086962.8805,2.823498255555279e-05
7500106596117237,Kauno m.,50.0,1974.0,1,ambiguous,citywide,30622,53247.0,a27e4b68-3b55-4f18-b271-1f343af0ce60,50.00029855039059,Šilainių sen.,491810.95530000003,6086831.844749999,5.9709899855597826e-06
74893760232699502,Kauno m.,49.0,1975.0,1,ambiguous,citywide,30146,10202.0,D1F23270-3E6E-4795-A68C-A43F6BF9F19A,48.999461777963496,Panemunės sen.,496374.05184999993,6077903.242950002,1.0984183519635593e-05
64921653466700119,Šilainių sen.,323.0,2018.0,3,ambiguous,district,3071,24976.0,5F965591-CE22-4CE0-B63D-857494DF147A,323.02796580310155,Šilainių sen.,487381.955041813,6087544.801768775,8.657768579478642e-05
81960570813998435,Vilijampolės sen.,194.0,1964.0,2,ambiguous,district,2917,54997.0,86081b15-aca9-4e13-83e4-e6d19b2df4cb,193.97315674498873,Vilijampolės sen.,492543.61717387364,6085987.022308682,0.00013837686750939326
7533357485696035,Kauno m.,88.0,1997.0,1,ambiguous,citywide,40553,7029.0,610A1701-E456-4DF8-9019-FA34E23E237C,88.00154999243355,Eigulių sen.,495153.2062933665,6088582.558235872,1.761339526407113e-05
74270280739130667,Kauno m.,176.0,1999.0,1,ambiguous,citywide,33340,8678.0,38289A9B-993F-421B-9851-1BB784849F3D,175.99489999986943,Panemunės sen.,499743.2672514857,6081299.7665451765,2.8977693317777664e-05
75641468467950612,Šančių sen.,181.0,1940.0,2,ambiguous,district,2555,35606.0,05CF6924-BAD0-40B1-B5B9-928839F33894,181.0333999884952,Šančių sen.,496857.1736039286,6084073.867379269,0.00018451329955215812
74286526756598456,Kauno m.,21.0,1976.0,1,ambiguous,citywide,15889,28359.0,7954F990-38CB-4317-9E88-38DC85F535ED,21.000499999102203,Vilijampolės sen.,492868.10720000026,6086517.1454,2.3809197616131428e-05
74440994861953741,Kauno m.,18.0,1981.0,1,ambiguous,citywide,13645,12810.0,E5470CB3-C0D5-46A3-9ABF-28319CADAD23,18.000599997430665,Panemunės sen.,499372.8338694433,6080718.06656832,3.333263505433948e-05
75561249652530166,Šančių sen.,92.0,1966.0,2,ambiguous,district,3567,6680.0,307BE058-4887-4DA2-8EFB-B0A0EE3BFD43,91.98520000729263,Šančių sen.,495778.0066485912,6081784.439995267,0.00016088242683309772
74301091956120238,Petrašiūnų sen.,126.0,1992.0,1,ambiguous,district,3236,51676.0,a234cb18-491d-41f0-9900-e900b996dde1,126.00319487325572,Petrašiūnų sen.,503237.4216408682,6086555.056397084,2.5355815489014333e-05
74300168565317876,Kauno m.,26.0,1980.0,1,ambiguous,citywide,18729,30248.0,0E85D2CF-C288-45B7-B007-683BF429F192,25.999763854411132,Vilijampolės sen.,492539.84290740883,6085427.240912551,9.0825638952019e-06
75242289904803639,Vilijampolės sen.,102.0,1935.0,1,ambiguous,district,4493,9870.0,9DE5A805-43CA-4FB0-8D00-55E89BE3D9C4,102.00095022016454,Vilijampolės sen.,492562.9676774037,6085898.443922536,9.315840573620449e-06
74468762277220379,Kauno m.,18.0,1973.0,1,ambiguous,citywide,13645,12810.0,E5470CB3-C0D5-46A3-9ABF-28319CADAD23,18.000599997430665,Panemunės sen.,499372.8338694433,6080718.06656832,3.333263505433948e-05
74478628822556181,Kauno m.,25.0,1990.0,1,ambiguous,citywide,18210,29207.0,0A56472F-66B2-41A7-B47B-01701314B5D5,25.00039999837093,Gričiupio sen.,497989.3960000001,6085158.809300002,1.5999806839861463e-05
75669971987377252,Žaliakalnio sen.,59.0,1932.0,1,ambiguous,district,3856,191.0,19D7DA5B-A7A5-4DB8-A2D4-916D6150876D,58.99500000018161,Žaliakalnio sen.,493867.87017520104,6085352.32333108,8.474935075852841e-05
75597859377960902,Aleksoto sen.,68.0,1961.0,1,ambiguous,district,7132,17116.0,304E4729-8FCE-4F3F-99F8-014D1C964942,68.0014000065498,Aleksoto sen.,491812.9825126349,6083846.898998286,2.058811967753371e-05
80409413506244587,Aleksoto sen.,169.0,2008.0,1,ambiguous,district,6667,43299.0,C434663E-43B0-4417-83FF-9E9C1716825E,168.9953999954,Aleksoto sen.,493443.5855859994,6080599.591912985,2.7219332572769872e-05
85253669990080272,Kauno m.,131.0,1992.0,2,ambiguous,citywide,39082,45228.0,AE3C03ED-655F-4E95-9DC6-0FF3D4229A2B,131.00289999656417,Šančių sen.,495587.146400979,6081265.534281334,2.2137133324662273e-05
74567178824472766,Kauno m.,28.0,1969.0,1,ambiguous,citywide,19655,64435.0,b8b3c45b-50c8-439c-a780-10936b21dc7b,27.999818957143066,Eigulių sen.,496841.2465692256,6087032.037176935,6.465837222524584e-06
75648364549414746,Šančių sen.,163.0,1938.0,2,ambiguous,district,2812,58013.0,aa399c8a-ab66-4a64-ab45-e323b46401ff,162.9977113469082,Šančių sen.,495857.2043505505,6081815.619966698,1.4040915087498718e-05
75358908320797072,Aleksoto sen.,126.0,1990.0,1,ambiguous,district,7826,52683.0,a86b3733-549e-4510-80d4-73aae4e25cd7,126.02733986275192,Aleksoto sen.,493724.4858881346,6080838.6863264125,0.00021695950029876343
7425414881269618,Kauno m.,14.0,1970.0,1,ambiguous,citywide,10423,38523.0,CFB723D0-EC6D-4CE0-93F1-DCBE2FE943A2,13.998468149964506,Gričiupio sen.,498218.1656500003,6085042.26175,0.00010942384624845758
74247964205725284,Kauno m.,26.0,1974.0,1,ambiguous,citywide,18729,30248.0,0E85D2CF-C288-45B7-B007-683BF429F192,25.999763854411132,Vilijampolės sen.,492539.84290740883,6085427.240912551,9.0825638952019e-06
74857305642185221,Kauno m.,4.54,1978.0,0,ambiguous,citywide,180,3192.0,1E9685FE-87AF-4400-866F-38F9F4075B25,12.001999996529893,Šilainių sen.,492618.23000000004,6090486.250000001,0.9721462902249374
74454161076100006,Kauno m.,95.0,1980.0,2,ambiguous,citywide,40922,50361.0,F4518575-459D-4224-AC2E-1964E8C94BBB,95.00208082472325,Aleksoto sen.,494537.3691793992,6082987.302129179,2.1903178263116274e-05
75567828900957715,Eigulių sen.,74.0,1970.0,1,ambiguous,district,736,10434.0,5C62A73A-1684-4B4A-95C9-E7005CA2A00A,74.14649999773037,Eigulių sen.,497513.0171515537,6087580.518157878,0.0019777726167884424
75636916128432999,Aleksoto sen.,82.0,1948.0,1,ambiguous,district,7911,50261.0,CD038C9D-76A9-44A9-B5F9-89B2E0B2289A,82.02774608040252,Aleksoto sen.,493587.4749799763,6083507.500347137,0.00033830960102942953
64824914620952662,Kauno m.,28.0,2020.0,1,ambiguous,citywide,19655,64435.0,b8b3c45b-50c8-439c-a780-10936b21dc7b,27.999818957143066,Eigulių sen.,496841.2465692256,6087032.037176935,6.465837222524584e-06
74450283913292462,Kauno m.,29.0,1980.0,1,ambiguous,citywide,20122,61155.0,bae057a1-5e7d-4f8f-b6b2-7c2cf51afab8,28.999892065010798,Šilainių sen.,494649.80932389677,6090974.922940333,3.721903105713409e-06
74988946130683243,Kauno m.,18.0,1980.0,1,ambiguous,citywide,13645,12810.0,E5470CB3-C0D5-46A3-9ABF-28319CADAD23,18.000599997430665,Panemunės sen.,499372.8338694433,6080718.06656832,3.333263505433948e-05
7533930992665018,Aleksoto sen.,197.0,1993.0,1,ambiguous,district,5778,46371.0,4F98C775-37E6-4364-8DCD-7D36DE40AE7C,196.99574829410827,Aleksoto sen.,491685.20479870023,6081343.712767119,2.15824963101241e-05
7552355118677602,Aleksoto sen.,72.0,1970.0,1,ambiguous,district,7372,42510.0,6F921728-74D7-424F-9B75-C7794E25B8F1,72.00204828508265,Aleksoto sen.,493009.88485,6080685.073799999,2.844799927714803e-05
74221817363291809,Aleksoto sen.,55.0,1959.0,1,ambiguous,district,6198,42978.0,8E451A99-CCA1-45C5-BBFF-88F530A553EC,54.9977500085244,Aleksoto sen.,494468.1422068505,6080810.780650901,4.090977271342666e-05
9405104734329614,Kauno m.,195.0,2003.0,1,ambiguous,citywide,30549,38114.0,22F8A3E3-5785-411F-82EE-B58C726D4254,195.01181014328708,Panemunės sen.,496942.346944458,6078760.359213369,6.0563003393632187e-05
86671137093777217,Petrašiūnų sen.,109.0,2006.0,1,ambiguous,district,3406,31541.0,A7CAF8C5-FF25-4A4D-B503-CCB4C902ED9C,108.96725600322415,Petrašiūnų sen.,500868.08295139,6084776.266514907,0.00030044877035706463
75597910182268732,Žaliakalnio sen.,68.0,1961.0,1,ambiguous,district,4281,63830.0,d7dc1133-9057-4518-8557-59aacb1dd84b,67.99994953840422,Žaliakalnio sen.,494518.17389460985,6086192.982883021,7.420825660631181e-07
74928430547397132,Kauno m.,54.73,1980.0,1,ambiguous,citywide,32674,8812.0,EBDFFAD1-1FB9-42C5-9CD0-735144056237,54.72814999660887,Šilainių sen.,490811.6227385938,6086548.936193165,3.380293548449487e-05
75439205029791234,Aleksoto sen.,782.08,1979.0,5,ambiguous,district,341,36939.0,02E00B80-0E20-4B90-8845-5F81245806D6,779.4515230709239,Aleksoto sen.,494312.38816924446,6083280.236755742,0.003366540313466615
74533989809439899,Kauno m.,64.56,1976.0,1,ambiguous,citywide,36128,29201.0,A4148D0C-C5E2-4C1C-8129-F87931481F36,64.55772582573482,Petrašiūnų sen.,501122.3017200225,6085196.281047738,3.522636804298429e-05
74994882974985078,Kauno m.,47.0,1939.0,1,ambiguous,citywide,29142,40336.0,7A6DFCB9-57DF-47DA-B5FA-DEE6E0F70BDF,47.000699998120034,Šilainių sen.,492681.16717936174,6089832.058629894,1.4893466113719e-05
7425334065122309,Kauno m.,9.0,1989.0,1,ambiguous,citywide,5299,3192.0,1E9685FE-87AF-4400-866F-38F9F4075B25,12.001999996529893,Šilainių sen.,492618.23000000004,6090486.250000001,0.28784872494197433
96134213021894982,Petrašiūnų sen.,135.0,2003.0,0,ambiguous,district,3147,64388.0,d98386c4-46f4-4485-b17a-d96663f69fa2,134.98034661300315,Petrašiūnų sen.,500811.23267021106,6085854.479509101,0.00014559124231183773
75694503658588375,Petrašiūnų sen.,137.38,1930.0,2,ambiguous,district,3110,20916.0,BE70FB16-10BC-4273-8B43-B529D6AAA8EB,137.3880000052862,Petrašiūnų sen.,506200.87232987775,6086379.826160758,5.823098241641844e-05
74206410832744263,Eigulių sen.,200.0,2001.0,2,ambiguous,district,745,36362.0,A0BD67A6-A2F5-4A1F-AEAD-DA63199E0A45,199.64083106530134,Eigulių sen.,496652.4170264316,6090990.821238087,0.0017974591357106107
65063355014645982,Vilijampolės sen.,61.0,2015.0,2,ambiguous,district,4251,13295.0,DD52E0F1-0881-47B3-B3E7-FFBE37DFBE7C,61.01649703387182,Vilijampolės sen.,492259.51247126405,6085640.645612251,0.00027040661506205765
75359952184864062,Panemunės sen.,395.0,1989.0,2,ambiguous,district,1238,49927.0,dc5dc2ed-6a0e-4386-884a-7ef0977d964d,394.9001903219029,Panemunės sen.,496218.2691693716,6079349.002024109,0.0002527146590196594
74267169438673092,Žaliakalnio sen.,23.0,1955.0,1,ambiguous,district,1632,764.0,BD594388-AE37-43F1-A3C6-FC1F9BBDA179,23.010399996498972,Žaliakalnio sen.,495873.29000000004,6083704.169999999,0.00045207156107673896
74437488488214951,Kauno m.,45.0,1958.0,1,ambiguous,citywide,28078,65544.0,0c6bfe43-eb3f-4abb-9bff-55ab2bd80d1a,45.00034363380952,Panemunės sen.,500968.06799999974,6079315.238349998,7.636277722156137e-06
75372867209781702,Kauno m.,59.0,1988.0,1,ambiguous,citywide,34206,40092.0,E4EBD6F3-53AF-4C9A-BC37-E4AA227E04BB,58.99969999083057,Panemunės sen.,497845.07500000024,6081615.741199999,5.084914104891425e-06
74460158819792552,Dainavos sen.,688.0,2000.0,2,ambiguous,district,572,2632.0,680425A2-9152-4EA9-8265-293CA1DC6F73,687.852400029425,Dainavos sen.,497173.89499999996,6086793.4799999995,0.00021455785684310058
64754840033952085,Kauno m.,252.0,2023.0,1,ambiguous,citywide,22823,65051.0,434aa5a1-6667-4448-891e-671300300605,252.0001360993109,Aleksoto sen.,494832.68997946515,6080725.137000323,5.400764848673134e-07
75645986833018861,Šančių sen.,133.0,1939.0,1,ambiguous,district,3191,33842.0,151D0601-B523-462D-AA22-303F29B55BE8,132.96474999259783,Šančių sen.,496807.97125265247,6083443.737987014,0.00026507277832532594
80126928779486489,Aleksoto sen.,182.0,2012.0,1,ambiguous,district,6239,36864.0,DC90DEA0-B2D4-446D-8D7F-35E165174C28,181.9920499904601,Aleksoto sen.,493323.027629748,6081606.954382041,4.368232515705728e-05
83476278601633827,Aleksoto sen.,97.0,2016.0,1,ambiguous,district,8178,12362.0,96766D28-5241-461C-949D-7E784FAFF966,96.99475000128243,Aleksoto sen.,493603.04004081903,6081386.83351893,5.412516285918656e-05
7426527651045231,Kauno m.,29.0,1978.0,1,ambiguous,citywide,20122,61155.0,bae057a1-5e7d-4f8f-b6b2-7c2cf51afab8,28.999892065010798,Šilainių sen.,494649.80932389677,6090974.922940333,3.721903105713409e-06
64923366176186867,Aleksoto sen.,157.0,2018.0,1,ambiguous,district,7122,45352.0,4D45A733-64FB-4583-BA37-5A6705B82BF8,157.01864999939446,Aleksoto sen.,492441.09027049877,6080732.595285196,0.00011878275011056871
74469217113696043,Kauno m.,25.0,1970.0,1,ambiguous,citywide,18210,29207.0,0A56472F-66B2-41A7-B47B-01701314B5D5,25.00039999837093,Gričiupio sen.,497989.3960000001,6085158.809300002,1.5999806839861463e-05
75637502859463385,Vilijampolės sen.,111.0,1947.0,1,ambiguous,district,4410,55913.0,6d74e4b5-dcab-42fe-aa6b-3f908df4f7a6,110.97648569746491,Vilijampolės sen.,492273.15215585305,6085738.413401039,0.00021186300476028208
75566718666149932,Vilijampolės sen.,98.0,1966.0,2,ambiguous,district,4511,31241.0,84E0EC66-A689-46E8-BA2E-7E4C4CDF9304,98.01166714932403,Vilijampolės sen.,490774.36447504506,6086342.673893798,0.00011904545793051113
74929888178704024,Kauno m.,14.5,1973.0,1,ambiguous,citywide,10850,48327.0,BA5FE5EC-A4B0-4774-AEA2-D99516E96603,14.501045161421949,Žaliakalnio sen.,495047.92592698464,6085720.98100136,7.207750042015348e-05
7446842612364768,Kauno m.,39.0,1959.0,1,ambiguous,citywide,25058,54907.0,2986dd97-534c-46d5-8e66-387de25a99ae,39.00176693465833,Vilijampolės sen.,491702.9259369278,6086410.390419007,4.5304990593741934e-05
75583324611621303,Kauno m.,117.0,1964.0,1,ambiguous,citywide,40245,65751.0,442d632b-8ae4-489a-b299-c2bf0fa1a5a9,117.00003783076143,Aleksoto sen.,492072.5945000002,6081384.5127,3.233397887214551e-07
75174020279077117,Aleksoto sen.,188.0,2003.0,1,ambiguous,district,6032,33528.0,C51DE379-A866-4BDA-B0F3-CB1367D53B96,187.99679999303706,Aleksoto sen.,491736.8786000003,6084481.867099999,1.7021458496913056e-05
74883064590662726,Kauno m.,144.0,1974.0,1,ambiguous,citywide,37748,9786.0,32787017-6822-4A9E-88B7-77860A0BC24A,143.9978999945339,Panemunės sen.,497177.99474701623,6078144.779360368,1.4583477630836228e-05
65168310425965187,Šilainių sen.,158.0,2011.0,1,ambiguous,district,6641,27758.0,2200F84F-97BA-4C91-B479-ACD3F10D6E8E,158.0005447796126,Šilainių sen.,494609.0287997932,6090795.368445978,3.44796628759525e-06
75635051386877358,Kauno m.,2515.0,1974.0,8,ambiguous,citywide,1073,42546.0,2E5984FE-A482-4CB3-BA48-7364F001FF6E,2517.5886499853177,Dainavos sen.,498486.09466527903,6086322.056097811,0.0010287549385266104
7423544641580318,Kauno m.,17.0,1933.0,1,ambiguous,citywide,12896,7495.0,20E3F8ED-B037-4A40-9933-B4B5DFBA6909,17.000950002374314,Aleksoto sen.,495416.22617561574,6080355.553315051,5.588093123831683e-05
75340764633272911,Šilainių sen.,189.0,2004.0,2,ambiguous,district,5858,47183.0,D2DFA247-2475-43FD-B7A5-6AE180FAF8F5,188.9925728778035,Šilainių sen.,488183.1633765006,6089602.31761005,3.92977149843432e-05
75600148672265013,Eigulių sen.,257.0,1961.0,1,ambiguous,district,731,48983.0,4D6F321E-6E43-4D8A-9DC9-8A1FC52DA5A7,256.9215180559691,Eigulių sen.,497068.57159610005,6091065.579202336,0.00030542385124476823
74461418170795921,Kauno m.,67.0,1981.0,1,ambiguous,citywide,36852,22950.0,4E5E02AD-E1E5-4FBE-A460-6B7437B2FD52,67.0006499978289,Petrašiūnų sen.,503422.17023163685,6085837.65575539,9.70141307465866e-06
64953373372264825,Panemunės sen.,215.0,2023.0,2,ambiguous,district,3977,57711.0,8f698de6-2222-4917-aaa8-eff8243c8654,215.00131295002186,Panemunės sen.,497260.61754999956,6078360.91105,6.1067256416080795e-06
74883767583498712,Kauno m.,45.64,1991.0,1,ambiguous,citywide,28419,10713.0,471F938C-0238-43DD-ADA0-B4112FAF01A9,45.64019999776054,Panemunės sen.,496543.6388999999,6077448.3883,4.382062277485943e-06
7448674195412934,Kauno m.,37.0,1993.0,1,ambiguous,citywide,24010,41033.0,72799223-CC61-4599-BDA9-9CE4A32480E5,36.99736197245942,Aleksoto sen.,493600.15641070926,6081430.292874727,7.130058346316304e-05
75570585467969298,Žaliakalnio sen.,536.0,1965.0,3,ambiguous,district,480,156.0,8DC12E69-8D1D-47A4-B6DD-C94A9BBA9003,535.2617999727341,Žaliakalnio sen.,495295.7550000003,6085401.759999999,0.001378188121949897
75015753925496642,Kauno m.,37.0,1994.0,1,ambiguous,citywide,24010,41033.0,72799223-CC61-4599-BDA9-9CE4A32480E5,36.99736197245942,Aleksoto sen.,493600.15641070926,6081430.292874727,7.130058346316304e-05
84029430968024857,Aleksoto sen.,156.0,2012.0,1,ambiguous,district,7155,44559.0,FA098F95-0AA7-4B14-9CA6-C7AFA06F26CB,156.00299999756086,Aleksoto sen.,494169.2363293909,6080573.515717463,1.9230568686801064e-05
64848376871313132,Kauno m.,207.0,2020.0,1,ambiguous,citywide,28948,65662.0,cd70edb8-dc12-4280-be4a-0c5dd927ecba,207.00038533371128,Aleksoto sen.,493572.88842020574,6080285.245839828,1.861513781342694e-06
75518647856021193,Šilainių sen.,118.0,1970.0,2,ambiguous,district,7317,47421.0,757139e8-f205-4e69-884b-eb05bc375dfa,118.01264147002973,Šilainių sen.,489216.0460600846,6089491.311609881,0.00010712536381962678
75008941626808281,Kauno m.,22.0,1980.0,1,ambiguous,citywide,16561,54794.0,602187e6-288e-4b60-a8c1-e118443d91d0,21.998916665486203,Vilijampolės sen.,491043.35404556396,6086148.481079037,4.9243690350753155e-05
75461534176052711,Žaliakalnio sen.,142.0,1976.0,2,ambiguous,district,4405,30430.0,9A93FD90-3D90-42C3-9201-8FF694D5CD9E,142.00750000884756,Žaliakalnio sen.,496396.20380000025,6085383.939600002,5.281556894853878e-05
64721150738036554,Kauno m.,194.0,2025.0,1,ambiguous,citywide,30660,42304.0,A875C04E-41C4-4DD2-A627-9E98A5960153,194.000899990749,Aleksoto sen.,491502.3216180447,6080316.885702408,4.639116811588906e-06
75635525184645933,Šilainių sen.,159.0,1949.0,1,ambiguous,district,6624,7986.0,BC4E729E-47D1-498E-89A4-C79E9950C8E0,159.02414999678302,Šilainių sen.,487477.0473294569,6088114.007210343,0.00015187523859250263
80312818423009816,Panemunės sen.,115.0,2011.0,2,ambiguous,district,5333,64074.0,1CC99BAE-464D-495F-8363-0622CC63CAFC,114.99592275123403,Panemunės sen.,499973.11129413586,6078764.527624103,3.545496561496719e-05
74282294698366003,Kauno m.,39.0,1970.0,1,ambiguous,citywide,25058,54907.0,2986dd97-534c-46d5-8e66-387de25a99ae,39.00176693465833,Vilijampolės sen.,491702.9259369278,6086410.390419007,4.5304990593741934e-05
74143648180701918,Kauno m.,55.0,2001.0,1,ambiguous,citywide,32803,42978.0,8E451A99-CCA1-45C5-BBFF-88F530A553EC,54.9977500085244,Aleksoto sen.,494468.1422068505,6080810.780650901,4.090977271342666e-05
7502090067503156,Kauno m.,8.0,1969.0,1,ambiguous,citywide,3969,3192.0,1E9685FE-87AF-4400-866F-38F9F4075B25,12.001999996529893,Šilainių sen.,492618.23000000004,6090486.250000001,0.40563176059835815
75705355871164171,Vilijampolės sen.,189.0,1900.0,1,ambiguous,district,3012,32884.0,1D30F4C0-AE3D-4DF1-A828-969BC1496794,188.98412641137256,Vilijampolės sen.,490127.5259870859,6086578.591923017,8.399076854104237e-05
75685626462180938,Aleksoto sen.,55.0,1926.0,1,ambiguous,district,6198,42978.0,8E451A99-CCA1-45C5-BBFF-88F530A553EC,54.9977500085244,Aleksoto sen.,494468.1422068505,6080810.780650901,4.090977271342666e-05
65188936740321737,Šilainių sen.,88.0,2017.0,2,ambiguous,district,7207,23796.0,B65F48AC-4E0F-4F65-8459-B15E8BF155D9,88.00454999920987,Šilainių sen.,492410.1564582298,6088430.551586419,5.170319984237892e-05
74212373274118379,Kauno m.,34.0,2001.0,1,ambiguous,citywide,22473,31579.0,D64FC78D-52FC-4245-8DC4-EF5E74E3A922,34.00179999922104,Vilijampolės sen.,494278.27175430197,6087973.267618117,5.293975222642189e-05
65157487012419343,Petrašiūnų sen.,94.0,2011.0,1,ambiguous,district,3549,24815.0,942142B9-04FC-4358-A824-7EB4D649EE1E,93.97104999900777,Petrašiūnų sen.,503317.6587019419,6086363.430077916,0.0003080261691499331
65348529153773663,Panemunės sen.,143.0,2010.0,1,ambiguous,district,5098,58131.0,d73a1aeb-b2ca-430b-b1c4-a63b4cd8be4f,143.00144004770678,Panemunės sen.,500187.01873453794,6078442.735680688,1.0070212979051973e-05
64821757606346869,Kauno m.,97.0,2024.0,2,ambiguous,citywide,40974,22318.0,190B476D-1169-4315-A509-21C7C3B36A18,96.99904998900165,Žaliakalnio sen.,495749.5857527416,6086973.00540092,9.793975778826791e-06
74260934527703784,Kauno m.,17.0,1964.0,1,ambiguous,citywide,12896,7495.0,20E3F8ED-B037-4A40-9933-B4B5DFBA6909,17.000950002374314,Aleksoto sen.,495416.22617561574,6080355.553315051,5.588093123831683e-05
74482566504211561,Kauno m.,14.0,1977.0,1,ambiguous,citywide,10423,38523.0,CFB723D0-EC6D-4CE0-93F1-DCBE2FE943A2,13.998468149964506,Gričiupio sen.,498218.1656500003,6085042.26175,0.00010942384624845758
84993685859162546,Aleksoto sen.,133.0,2004.0,2,ambiguous,district,7707,61828.0,daa1e792-d147-4403-8741-f90f3b727a1a,132.99710064293242,Aleksoto sen.,492829.1840000002,6080176.3364,2.179991481643384e-05
75653031132321219,Vilijampolės sen.,26.0,1937.0,1,ambiguous,district,2241,30248.0,0E85D2CF-C288-45B7-B007-683BF429F192,25.999763854411132,Vilijampolės sen.,492539.84290740883,6085427.240912551,9.0825638952019e-06
74275949458563237,Kauno m.,10.0,1925.0,1,ambiguous,citywide,6494,3192.0,1E9685FE-87AF-4400-866F-38F9F4075B25,12.001999996529893,Šilainių sen.,492618.23000000004,6090486.250000001,0.182488209284148
75703803610023532,Centro sen.,143.0,1900.0,1,ambiguous,district,1643,40455.0,25904CD2-A7BE-4B31-A056-AC03CD864E29,143.05727847754537,Centro sen.,493477.39633173426,6084935.612715291,0.0004004685957701426
74482758917382846,Panemunės sen.,16.0,1965.0,1,ambiguous,district,1506,36551.0,690655A2-3EC6-41FD-A772-AC129F954CDD,15.988763639705088,Panemunės sen.,497109.13675000006,6077974.2755,0.0007025192272882563
86786166292602218,Šilainių sen.,154.0,2013.0,2,ambiguous,district,6726,59749.0,e82a679b-5c92-4361-8026-13855d346301,154.00802929652232,Šilainių sen.,489711.84745000006,6089269.06595,5.213692995198471e-05
75634895172418809,Žaliakalnio sen.,68.0,1950.0,1,ambiguous,district,4281,63830.0,d7dc1133-9057-4518-8557-59aacb1dd84b,67.99994953840422,Žaliakalnio sen.,494518.17389460985,6086192.982883021,7.420825660631181e-07
75485259338669702,Kauno m.,24.0,1973.0,1,ambiguous,citywide,17670,12815.0,E8EABD14-F888-422C-ABA7-C5C8CCEC5C25,24.000599999125676,Šančių sen.,496818.5500000001,6081148.900000001,2.4999651075940932e-05
65308389300594002,Kauno m.,21.0,1972.0,0,ambiguous,citywide,15889,28359.0,7954F990-38CB-4317-9E88-38DC85F535ED,21.000499999102203,Vilijampolės sen.,492868.10720000026,6086517.1454,2.3809197616131428e-05
75547375814151496,Petrašiūnų sen.,96.0,1968.0,1,ambiguous,district,3518,13860.0,FF68A115-D10D-4822-8BC3-0B67EF6ED806,95.98932786784538,Petrašiūnų sen.,499517.0508317242,6086039.5811055405,0.00011117422290229939
74503158224719909,Kauno m.,100.0,1977.0,1,ambiguous,citywide,40969,56799.0,2074b3b2-3879-481d-bd77-5b5143c3196a,99.9960539979593,Panemunės sen.,497258.06259133614,6080593.838153072,3.9460798974211286e-05
64872715214189955,Kauno m.,89.0,2020.0,2,ambiguous,citywide,40643,21294.0,05516342-99D1-48E9-861D-EA5944A5ADE6,88.99549999257829,Petrašiūnų sen.,500135.66710487974,6084560.094804688,5.056315943718914e-05
64905025991309026,Kauno m.,63.0,2021.0,1,ambiguous,citywide,35632,66119.0,f09ffdff-214b-4829-8cd2-c151a289cb32,63.00000373683122,Šilainių sen.,493820.5972292782,6089326.045856123,5.931477975451571e-08
75656225445803166,Žaliakalnio sen.,77.0,1936.0,1,ambiguous,district,4512,5578.0,F3E7ACDA-87C6-41CB-ABA0-7995AE1E823C,76.98975000325218,Žaliakalnio sen.,495300.59272944357,6086998.103060726,0.0001331257017138654
9213089557928919,Kauno m.,36.0,2003.0,0,ambiguous,citywide,23510,66201.0,2e2adc05-3da4-462e-a037-ff96eb198e87,36.00059857991784,Eigulių sen.,496593.7489499999,6091057.821900001,1.6627081709241764e-05
7447617597862155,Kauno m.,9.0,2002.0,1,ambiguous,citywide,5299,3192.0,1E9685FE-87AF-4400-866F-38F9F4075B25,12.001999996529893,Šilainių sen.,492618.23000000004,6090486.250000001,0.28784872494197433
74908481162864804,Kauno m.,24.0,1988.0,1,ambiguous,citywide,17670,12815.0,E8EABD14-F888-422C-ABA7-C5C8CCEC5C25,24.000599999125676,Šančių sen.,496818.5500000001,6081148.900000001,2.4999651075940932e-05
74198748142419529,Panemunės sen.,42.0,2001.0,1,ambiguous,district,2857,13944.0,CEF4F2F2-A5CB-486A-981A-AC58150365DC,42.00705000085365,Panemunės sen.,499015.8792710273,6081047.53592057,0.00016784307674466703
75640737635461586,Panemunės sen.,294.0,1957.0,1,ambiguous,district,2611,11766.0,F0AC28BA-6986-4260-A8C2-74C077A9C35E,293.97604213896847,Panemunės sen.,497567.4274282471,6080681.764984171,8.149264367141029e-05
86866462345677187,Vilijampolės sen.,123.0,2008.0,1,ambiguous,district,4268,41438.0,FD6C581B-DE38-47B7-9DE8-ADBBEEEF5C4D,122.99796175640623,Vilijampolės sen.,491370.4562619445,6086108.422078841,1.6571223429906468e-05
7448089861111451,Kauno m.,42.0,1930.0,1,ambiguous,citywide,26550,6596.0,DBE3FC5B-9F53-4252-8AFB-10AB81624EF3,42.000799998725576,Aleksoto sen.,490622.12500000006,6080355.694999998,1.9047407301187036e-05
7461488358990645,Šilainių sen.,122.0,1996.0,1,ambiguous,district,7255,60830.0,3bca7363-9ab6-4e0c-8f4d-18be39ef68e8,122.00070054993178,Šilainių sen.,489436.44224652933,6087285.621929972,5.742196068858618e-06
75624826753886695,Šančių sen.,141.0,1956.0,1,ambiguous,district,3100,7277.0,EDA9CA0C-04DF-405A-A145-136A6D336AE1,140.99015000646133,Šančių sen.,495697.6106053813,6082128.050575925,6.986055039526207e-05
75392985104743085,Centro sen.,61.0,1988.0,1,ambiguous,district,1064,37031.0,56E2A4AC-1511-4F8A-BE28-1A0589C7D19B,60.92649999115057,Centro sen.,494652.3108000001,6084843.492499999,0.0012056446754060701
64918619641234451,Šilainių sen.,219.0,2018.0,2,ambiguous,district,5118,47314.0,a6971ba8-2957-43c1-a822-0a4679f71941,218.99454460104747,Šilainių sen.,488801.219947746,6089644.798528949,2.4910807772116073e-05
85948097561799303,Kauno m.,116.0,2004.0,1,ambiguous,citywide,40296,4235.0,7E7168D9-3E17-42D2-A13A-F31B0182F3CB,116.00220000441391,Aleksoto sen.,492176.05271879636,6079952.223937582,1.8965375448765087e-05
7427034692056575,Kauno m.,23.0,1973.0,1,ambiguous,citywide,17115,23510.0,B614982E-50C9-49D2-BD1F-20276B84190F,23.003700001622736,Vilijampolės sen.,493912.0850999998,6087234.5699,0.0001608566976387671
74446221252208608,Kauno m.,25.0,1975.0,1,ambiguous,citywide,18210,29207.0,0A56472F-66B2-41A7-B47B-01701314B5D5,25.00039999837093,Gričiupio sen.,497989.3960000001,6085158.809300002,1.5999806839861463e-05
7563500785116449,Petrašiūnų sen.,1603.0,1985.0,1,ambiguous,district,417,49269.0,a3602e94-38a8-45b9-8c1a-52736c112997,1603.137631002838,Petrašiūnų sen.,501454.6283506586,6086818.033443593,8.585470666755413e-05
75710739553217166,Žaliakalnio sen.,86.0,1880.0,1,ambiguous,district,4654,2038.0,17AC714C-417E-453F-930D-AA1879694B63,85.99942678707804,Žaliakalnio sen.,495986.58415,6087412.830999999,6.665288746710019e-06
74483592142661911,Kauno m.,23.0,1991.0,1,ambiguous,citywide,17115,23510.0,B614982E-50C9-49D2-BD1F-20276B84190F,23.003700001622736,Vilijampolės sen.,493912.0850999998,6087234.5699,0.0001608566976387671
75012450315659257,Kauno m.,53.0,1931.0,2,ambiguous,citywide,31970,24762.0,AF857F01-A02A-405E-BE3C-A6626B3D8168,52.99909993728964,Žaliakalnio sen.,495607.0272298793,6086424.393855643,1.6982459491110546e-05
74417782586980064,Kauno m.,32.0,1960.0,1,ambiguous,citywide,21525,28850.0,F9939F46-5896-456D-8FF8-83FA4EBC29E8,31.996313406877867,Žaliakalnio sen.,496262.0398589024,6087029.177061065,0.00011521267179182004
75013624952846344,Kauno m.,28.0,1980.0,1,ambiguous,citywide,19655,64435.0,b8b3c45b-50c8-439c-a780-10936b21dc7b,27.999818957143066,Eigulių sen.,496841.2465692256,6087032.037176935,6.465837222524584e-06
74559900722772424,Kauno m.,43.0,1936.0,1,ambiguous,citywide,27002,35176.0,D2DFDF38-46A4-464C-9014-D1132BA28EBA,43.00166006778807,Petrašiūnų sen.,501204.9332000003,6084448.050349999,3.860548242862194e-05
74999856740263673,Vilijampolės sen.,336.0,1984.0,1,ambiguous,district,1227,7462.0,1CED122C-C5EB-453A-828D-9BB0F82F4824,336.04845000345,Vilijampolės sen.,491363.77764165273,6086135.472356907,0.00014418604353227948
7533936272963497,Aleksoto sen.,243.0,1995.0,2,ambiguous,district,4368,13010.0,28A22502-A3FC-4FB6-B753-AB12D0875D5F,243.19583379861598,Aleksoto sen.,493916.35299873975,6080189.491099135,0.0008055758424605486
74569637843971484,Kauno m.,12.0,1978.0,1,ambiguous,citywide,8594,3192.0,1E9685FE-87AF-4400-866F-38F9F4075B25,12.001999996529893,Šilainių sen.,492618.23000000004,6090486.250000001,0.00016665249019354178
74576259267122885,Kauno m.,5.0,1973.0,1,ambiguous,citywide,345,3192.0,1E9685FE-87AF-4400-866F-38F9F4075B25,12.001999996529893,Šilainių sen.,492618.23000000004,6090486.250000001,0.8756353898440936
64932900865583787,Aleksoto sen.,7.0,1986.0,1,ambiguous,district,402,3686.0,282C79D9-04E1-45ED-A938-75CE10DBD054,12.0276000008896,Aleksoto sen.,491484.52499999997,6080874.100000001,0.5412938598553338
75519808892350576,Žaliakalnio sen.,654.0,1970.0,5,ambiguous,district,355,5651.0,0E3EB3FE-30D7-4E5B-950A-878DA3FA876D,650.4767999922547,Žaliakalnio sen.,495861.6099999994,6084012.72,0.005401719025726948
64813571428848901,Kauno m.,184.0,2022.0,1,ambiguous,citywide,32106,49431.0,91a2a2eb-6ce5-4b85-b458-e74952dfacf3,183.99997621008683,Panemunės sen.,498669.35358679865,6078335.511358585,1.292930154050964e-07
74268446961859025,Kauno m.,22.0,1966.0,1,ambiguous,citywide,16561,54794.0,602187e6-288e-4b60-a8c1-e118443d91d0,21.998916665486203,Vilijampolės sen.,491043.35404556396,6086148.481079037,4.9243690350753155e-05
7566716006013964,Panemunės sen.,61.0,1932.0,1,ambiguous,district,3961,33464.0,FE05B47A-57AB-4A9A-B385-3574C4CABA1E,61.000800010134284,Panemunės sen.,501418.4887999999,6078938.8431,1.3114834234606576e-05
75415027180922981,Žaliakalnio sen.,575.0,1981.0,5,ambiguous,district,429,30666.0,1A2E8A17-6B41-4908-A7C0-6B41F3D729E8,575.0490824075804,Žaliakalnio sen.,495464.0282428826,6087500.206528172,8.535706581724867e-05
64804083992423656,Kauno m.,198.0,2025.0,2,ambiguous,citywide,30155,65881.0,fece8e51-39aa-47f4-ab69-deda2ef5be2c,198.00008277837662,Petrašiūnų sen.,501204.72475000005,6085438.63375,4.1807252149084206e-07
74574924474428775,Kauno m.,11.0,1985.0,1,ambiguous,citywide,7571,3192.0,1E9685FE-87AF-4400-866F-38F9F4075B25,12.001999996529893,Šilainių sen.,492618.23000000004,6090486.250000001,0.08717802947982323
75584525002835037,Kauno m.,314.0,1986.0,0,ambiguous,citywide,16719,20451.0,08015F2B-7388-4B04-89C3-EA7FD11611CD,313.9973402047458,Vilijampolės sen.,489020.59885583655,6085991.811444683,8.470721398978753e-06
75606142851420338,Kauno m.,26.0,1975.0,1,ambiguous,citywide,18729,30248.0,0E85D2CF-C288-45B7-B007-683BF429F192,25.999763854411132,Vilijampolės sen.,492539.84290740883,6085427.240912551,9.0825638952019e-06
74945722371937154,Kauno m.,21.73,1959.0,1,ambiguous,citywide,16393,61955.0,3ded32f3-35ab-472b-8380-bc8b7e968f59,21.729511993212792,Panemunės sen.,498563.7274499997,6080755.216449999,2.245799664279957e-05
74829853740018826,Vilijampolės sen.,120.0,1998.0,1,ambiguous,district,4305,22170.0,BC826950-D1AA-49E5-9234-24DF65A5E905,120.00700000304914,Vilijampolės sen.,487977.5929518916,6087148.986050239,5.833165741897517e-05
75697490778928775,Centro sen.,154.0,1913.0,3,ambiguous,district,1647,34644.0,A683B44B-3F6B-4B5D-80A3-0543E5C14F2E,154.0868877188045,Centro sen.,493393.7779138852,6084914.277440718,0.0005640468619185768
74410157267052399,Kauno m.,18.0,1950.0,1,ambiguous,citywide,13645,12810.0,E5470CB3-C0D5-46A3-9ABF-28319CADAD23,18.000599997430665,Panemunės sen.,499372.8338694433,6080718.06656832,3.333263505433948e-05
74434642209530083,Kauno m.,64.0,1967.0,1,ambiguous,citywide,35945,48206.0,d0513278-e13f-45b6-9d49-510f6eec9a07,64.00019821173042,Šilainių sen.,494084.6633797297,6090574.282557287,3.097053491885049e-06
75617955815266938,Žaliakalnio sen.,87.0,1958.0,1,ambiguous,district,4661,55326.0,16572aee-b209-4c08-807e-86acb5585511,87.01146948997378,Žaliakalnio sen.,494957.3844687121,6085770.329266602,0.00013182452885462936
74153194767242886,Kauno m.,8.0,2002.0,1,ambiguous,citywide,3969,3192.0,1E9685FE-87AF-4400-866F-38F9F4075B25,12.001999996529893,Šilainių sen.,492618.23000000004,6090486.250000001,0.40563176059835815
65082434915330084,Kauno m.,28.0,1999.0,1,ambiguous,citywide,19655,64435.0,b8b3c45b-50c8-439c-a780-10936b21dc7b,27.999818957143066,Eigulių sen.,496841.2465692256,6087032.037176935,6.465837222524584e-06
74516042393276652,Kauno m.,45.0,1985.0,1,ambiguous,citywide,28078,65544.0,0c6bfe43-eb3f-4abb-9bff-55ab2bd80d1a,45.00034363380952,Panemunės sen.,500968.06799999974,6079315.238349998,7.636277722156137e-06
74479205576040819,Žaliakalnio sen.,28.0,1956.0,1,ambiguous,district,1878,12184.0,FE4D2EAE-6C8B-48B0-9455-B29507002DF2,27.99389999749735,Žaliakalnio sen.,494757.3649999999,6085869.86,0.00021788096657138212
74903733743595879,Kauno m.,11.0,1968.0,1,ambiguous,citywide,7571,3192.0,1E9685FE-87AF-4400-866F-38F9F4075B25,12.001999996529893,Šilainių sen.,492618.23000000004,6090486.250000001,0.08717802947982323
75591505670599732,Kauno m.,30.0,1980.0,1,ambiguous,citywide,20562,52501.0,4120f24f-00d4-43b3-953d-e33775681ef2,30.00104933864251,Aleksoto sen.,494062.8141000001,6080861.18965,3.4977343035702546e-05
6486883462296332,Kauno m.,48.0,2020.0,2,ambiguous,citywide,29654,64389.0,8c9eaf79-2fef-4491-82c6-3f2a9f21edc4,48.00135606203484,Petrašiūnų sen.,499725.27001927845,6085914.936695124,2.825089333180486e-05
75497466562884377,Vilijampolės sen.,693.0,1972.0,2,ambiguous,district,466,466.0,6AFCB624-52B3-4F2A-B829-A9C46A7154F4,693.9417999676909,Vilijampolės sen.,493953.433413612,6086680.081031097,0.0013580960822858756
65348392182478246,Šilainių sen.,296.0,2011.0,2,ambiguous,district,3493,47982.0,8DB836B6-8C45-490D-A22F-4CA3710C971F,295.9549159330267,Šilainių sen.,488445.47114761267,6089238.401538549,0.00015232263757525288
75618734054439044,Aleksoto sen.,109.0,1957.0,1,ambiguous,district,8083,3033.0,611B1091-203B-4F36-8356-4FB793AC3A21,108.99669999884367,Aleksoto sen.,493951.32500000024,6079856.45,3.0275698270187945e-05
64782405924952574,Kauno m.,106.0,1995.0,2,ambiguous,citywide,40844,42615.0,67AB060E-3899-494F-9134-63FE49357357,105.99840000594352,Aleksoto sen.,491073.17500000016,6080039.324999999,1.5094397471493437e-05
75091469574256789,Petrašiūnų sen.,721.0,1974.0,3,ambiguous,district,745,33237.0,A3F144CF-7F21-498E-B839-7161181654A5,720.1452505401704,Petrašiūnų sen.,501641.4052410985,6085582.330513028,0.0011862087596448134
74468434032851485,Kauno m.,1.0,1986.0,1,no_match,citywide,0,,,,,,,
74300278981294224,Kauno m.,8.0,1951.0,1,ambiguous,citywide,3969,3192.0,1E9685FE-87AF-4400-866F-38F9F4075B25,12.001999996529893,Šilainių sen.,492618.23000000004,6090486.250000001,0.40563176059835815
7441073495760106,Kauno m.,23.0,1975.0,1,ambiguous,citywide,17115,23510.0,B614982E-50C9-49D2-BD1F-20276B84190F,23.003700001622736,Vilijampolės sen.,493912.0850999998,6087234.5699,0.0001608566976387671
65177532821493023,Panemunės sen.,186.0,2012.0,1,ambiguous,district,4451,49311.0,EB8E8DC2-1059-45CB-AD16-E12A0456D361,186.01516269565064,Panemunės sen.,496625.7176778619,6078487.145864888,8.151654652532869e-05
74559036947276794,Kauno m.,42.0,1985.0,2,ambiguous,citywide,26550,6596.0,DBE3FC5B-9F53-4252-8AFB-10AB81624EF3,42.000799998725576,Aleksoto sen.,490622.12500000006,6080355.694999998,1.9047407301187036e-05
75576960715703176,Šilainių sen.,117.0,1964.0,1,ambiguous,district,7338,54538.0,c0c8da1d-985c-4aaf-bb66-8548289f2b25,117.00079612570875,Šilainių sen.,493059.2883836528,6087442.223306325,6.804470086940739e-06
74265049866779148,Kauno m.,19.0,1958.0,1,ambiguous,citywide,14402,25601.0,06EC2A22-2355-40BE-BB99-EE0F7A2F6ECF,19.0,Petrašiūnų sen.,501135.92420000024,6084766.5735,0.0
74879447219603129,Šilainių sen.,108.0,1995.0,2,ambiguous,district,7430,66154.0,d2a8b79e-1107-40d6-b97c-2e1835a22a6d,107.9997808870303,Šilainių sen.,491205.1918572315,6089558.296033209,2.0288258522072056e-06
65091238673339116,Panemunės sen.,133.0,2018.0,1,ambiguous,district,5216,51957.0,7e42af7a-8aa2-4249-8ed7-75b4124632d4,133.024823013212,Panemunės sen.,497782.16812403034,6078346.715379473,0.00018662178215489433
74312947493342565,Kauno m.,10.0,1980.0,1,ambiguous,citywide,6494,3192.0,1E9685FE-87AF-4400-866F-38F9F4075B25,12.001999996529893,Šilainių sen.,492618.23000000004,6090486.250000001,0.182488209284148
744883961510686,Kauno m.,19.0,1972.0,1,ambiguous,citywide,14402,25601.0,06EC2A22-2355-40BE-BB99-EE0F7A2F6ECF,19.0,Petrašiūnų sen.,501135.92420000024,6084766.5735,0.0
64886943979930278,Vilijampolės sen.,175.0,2020.0,2,ambiguous,district,3297,32328.0,04AD21F2-F255-4C8F-89BB-C033AA4EC41F,175.04875118217197,Vilijampolės sen.,490284.03250416834,6086537.274808782,0.0002785393881419296
7533822280158177,Šančių sen.,116.0,1993.0,2,ambiguous,district,3408,56595.0,48726628-c534-4de4-97b9-3210a2db4822,116.0633733510269,Šančių sen.,496573.82802194613,6081568.3434626125,0.0005461728120828013
75568671850251276,Gričiupio sen.,693.0,1965.0,5,ambiguous,district,347,15899.0,699E6A63-4902-41E1-AC71-1BAD9F15FE6E,690.3097999943558,Gričiupio sen.,497862.3824440326,6086111.436158657,0.003889516863361031
64824016586520039,Kauno m.,138.0,2022.0,2,ambiguous,citywide,38414,30606.0,FE8E5597-C399-4227-963B-C765E631247A,137.99989187637405,Žaliakalnio sen.,494873.5292669438,6086490.138844004,7.835048432269787e-07
75359306069829379,Kauno m.,30.0,1989.0,1,ambiguous,citywide,20562,52501.0,4120f24f-00d4-43b3-953d-e33775681ef2,30.00104933864251,Aleksoto sen.,494062.8141000001,6080861.18965,3.4977343035702546e-05
74586172320489988,Kauno m.,19.6,1982.0,1,ambiguous,citywide,14849,18161.0,61B713EA-AE1C-4E23-B7E5-805911FBD32D,19.599843600441538,Gričiupio sen.,496788.1164327962,6086044.567164936,7.97960114651275e-06
75616744067009342,Vilijampolės sen.,100.0,1958.0,1,ambiguous,district,4511,60728.0,443686cc-697e-456f-8864-48249b658650,100.00640918258169,Vilijampolės sen.,488242.77532552386,6087629.2533533275,6.408977202276844e-05
64982353756623243,Petrašiūnų sen.,120.0,2015.0,1,ambiguous,district,3303,25435.0,3774E3FD-FD67-453C-B181-D3D340777F88,119.99945000377316,Petrašiūnų sen.,503022.2072326228,6085302.833421415,4.583312393613426e-06
6495871194657378,Panemunės sen.,36.0,2012.0,1,ambiguous,district,2580,63694.0,4d318a3e-f4ae-45f8-88fe-6434e0be995a,36.00683640749157,Panemunės sen.,499244.00520784064,6080613.059071574,0.00018988217933690876
74335485614282423,Šilainių sen.,26.0,1979.0,1,ambiguous,district,2962,58610.0,111fe071-6de1-4128-9409-818db5b6cd35,26.00482580839148,Šilainių sen.,488451.82294999994,6088260.3788,0.00018559079202029594
74426850780632783,Kauno m.,15.0,1975.0,1,ambiguous,citywide,11269,32282.0,8B41C570-8FB4-453E-B4C6-A45E9968D4D0,15.000750000683592,Aleksoto sen.,491920.7975308333,6084434.660006409,4.999879561218279e-05
75019563117587534,Kauno m.,19.0,1953.0,1,ambiguous,citywide,14402,25601.0,06EC2A22-2355-40BE-BB99-EE0F7A2F6ECF,19.0,Petrašiūnų sen.,501135.92420000024,6084766.5735,0.0
64913317322109323,Šilainių sen.,15.0,2017.0,1,ambiguous,district,1512,28141.0,09D34CF3-2DC6-4384-BFAD-3D7FC4B0AE60,14.988585639391088,Šilainių sen.,487483.91825000005,6087613.087499999,0.0007612470489526402
75546569438989006,Petrašiūnų sen.,699.69,1968.0,5,ambiguous,district,763,17894.0,AFCCF9DE-B305-4B83-9FD8-8170152C9CD9,699.4778486031342,Petrašiūnų sen.,500556.227359038,6085182.91396798,0.00030325367853922813
92543180409100076,Kauno m.,30.0,1987.0,0,ambiguous,citywide,20562,52501.0,4120f24f-00d4-43b3-953d-e33775681ef2,30.00104933864251,Aleksoto sen.,494062.8141000001,6080861.18965,3.4977343035702546e-05
74890603629959404,Kauno m.,32.24,1998.0,1,ambiguous,citywide,21636,59602.0,1e84a3f8-60c8-4b73-9315-173fba97c59b,32.24141847160055,Panemunės sen.,499130.37665000017,6079348.02175,4.3996290230552404e-05
74487544152874396,Kauno m.,22.0,1962.0,1,ambiguous,citywide,16561,54794.0,602187e6-288e-4b60-a8c1-e118443d91d0,21.998916665486203,Vilijampolės sen.,491043.35404556396,6086148.481079037,4.9243690350753155e-05
64707958586226605,Kauno m.,164.0,2025.0,1,ambiguous,citywide,35120,50066.0,DD6973A7-979E-47BB-A770-612AAF490FBC,163.99815089737675,Aleksoto sen.,490520.18553945003,6084803.873631069,1.1275079558892287e-05
65017053111171771,Petrašiūnų sen.,410.0,2015.0,1,ambiguous,district,1029,26232.0,23199A33-553B-45B3-B564-84B4904D7972,409.8516449802092,Petrašiūnų sen.,504419.9280669928,6086795.105927598,0.00036190699212124144
75334660870241724,Eigulių sen.,877.0,1995.0,1,ambiguous,district,530,1186.0,4110B3A3-17D6-47D5-8241-E7E3FA24D3D3,877.5549000063794,Eigulių sen.,496197.19000000024,6087846.565000001,0.0006325251206193983
74915394271504746,Kauno m.,7.0,1973.0,1,ambiguous,citywide,2461,3192.0,1E9685FE-87AF-4400-866F-38F9F4075B25,12.001999996529893,Šilainių sen.,492618.23000000004,6090486.250000001,0.5391631532228807
74464506867702965,Kauno m.,31.0,1975.0,1,ambiguous,citywide,21068,37956.0,D74F9B33-AA42-4A40-9357-73300279589E,31.000705796529928,Vilijampolės sen.,491720.46673969046,6086516.7864471385,2.2767370819298804e-05
74268411050101596,Kauno m.,23.0,1954.0,1,ambiguous,citywide,17115,23510.0,B614982E-50C9-49D2-BD1F-20276B84190F,23.003700001622736,Vilijampolės sen.,493912.0850999998,6087234.5699,0.0001608566976387671
6510275317155477,Šilainių sen.,71.0,1992.0,1,ambiguous,district,6566,22839.0,75955E58-295E-4B5D-9E54-4FEADBA0F455,71.02845000286325,Šilainių sen.,487359.04613045376,6087591.220869231,0.0004006240051648291
75011561725181281,Kauno m.,90.0,1988.0,1,ambiguous,citywide,40704,65135.0,91938f2b-b453-4451-b536-62051dacc441,90.00005543014159,Šilainių sen.,488836.84422253247,6090123.57778894,6.158902721153936e-07
65181591744454856,Kauno m.,100.0,2010.0,2,ambiguous,citywide,40969,56799.0,2074b3b2-3879-481d-bd77-5b5143c3196a,99.9960539979593,Panemunės sen.,497258.06259133614,6080593.838153072,3.9460798974211286e-05
64900575545694839,Panemunės sen.,118.0,2018.0,1,ambiguous,district,5313,33981.0,5A667EEA-D6C1-4124-B2C5-619C6A209637,117.97825000182911,Panemunės sen.,501039.8689850698,6078977.555134429,0.000184339007788914
74458653199176383,Kauno m.,20.0,1979.0,0,ambiguous,citywide,15162,42659.0,62E3BCEC-CF1A-411E-BD41-7C2CD1C41A70,20.000999999978582,Aleksoto sen.,493055.17640744965,6080852.427823423,4.9998748970825346e-05
755145254431311,Kauno m.,106.0,1971.0,1,ambiguous,citywide,40844,42615.0,67AB060E-3899-494F-9134-63FE49357357,105.99840000594352,Aleksoto sen.,491073.17500000016,6080039.324999999,1.5094397471493437e-05
75334540988478749,Šančių sen.,116.0,2025.0,2,ambiguous,district,3408,56595.0,48726628-c534-4de4-97b9-3210a2db4822,116.0633733510269,Šančių sen.,496573.82802194613,6081568.3434626125,0.0005461728120828013
75615698394952413,Petrašiūnų sen.,71.0,1958.0,1,ambiguous,district,3730,50861.0,699a1b12-498f-4ef3-b5e5-6fe91657e3e6,70.99959846924031,Petrašiūnų sen.,499474.1582541752,6085005.326255539,5.655378804370059e-06
75569184257697028,Vilijampolės sen.,99.0,1965.0,2,ambiguous,district,4503,65967.0,845876bf-8ddd-4904-930c-4d681ce79d5f,98.999102670877,Vilijampolės sen.,487843.1873500002,6087350.25155,9.063971613265664e-06
75563540848957597,Kauno m.,18.0,1966.0,1,ambiguous,citywide,13645,12810.0,E5470CB3-C0D5-46A3-9ABF-28319CADAD23,18.000599997430665,Panemunės sen.,499372.8338694433,6080718.06656832,3.333263505433948e-05
7560026303999319,Kauno m.,331.0,1973.0,1,ambiguous,citywide,15258,13509.0,CB8D1FE0-E705-4713-84B4-297B77F15770,330.97199998882786,Petrašiūnų sen.,500972.88200000004,6086013.966300001,8.459575688757326e-05
74902707285764314,Kauno m.,17.0,1987.0,1,ambiguous,citywide,12896,7495.0,20E3F8ED-B037-4A40-9933-B4B5DFBA6909,17.000950002374314,Aleksoto sen.,495416.22617561574,6080355.553315051,5.588093123831683e-05
64924686196613346,Aleksoto sen.,202.0,2017.0,2,ambiguous,district,5623,11946.0,474CAEA3-6829-4047-8062-C348765E0823,201.94875507978202,Aleksoto sen.,493331.3843909519,6081053.614133991,0.00025371990802547373
74995358972557102,Kauno m.,43.0,1977.0,1,ambiguous,citywide,27002,35176.0,D2DFDF38-46A4-464C-9014-D1132BA28EBA,43.00166006778807,Petrašiūnų sen.,501204.9332000003,6084448.050349999,3.860548242862194e-05
75692794271861832,Panemunės sen.,78.0,1920.0,1,ambiguous,district,4808,15498.0,DFD6B0DB-04A7-4DC2-8CC5-FABB8B454B2D,78.03579999832512,Panemunės sen.,496008.84656307526,6077827.549044443,0.00045886904099834425
74988528556837339,Kauno m.,64.0,1997.0,1,ambiguous,citywide,35945,48206.0,d0513278-e13f-45b6-9d49-510f6eec9a07,64.00019821173042,Šilainių sen.,494084.6633797297,6090574.282557287,3.097053491885049e-06
7541601077541335,Dainavos sen.,117.0,1985.0,1,ambiguous,district,484,64781.0,537a7205-093b-4545-ae3d-a13c0a0454df,117.25837441696405,Dainavos sen.,499803.21174423967,6088185.122209243,0.002205893576928908
64711409743485451,Kauno m.,175.0,2025.0,1,ambiguous,citywide,33467,15355.0,D2A4F5F2-C543-455A-9658-B9E690D72F6C,175.00169999982623,Panemunės sen.,498782.00933001214,6082827.146006973,9.714237537927772e-06
65157734871251968,Šilainių sen.,137.0,2013.0,1,ambiguous,district,7044,10574.0,F61F2E7C-B5AA-4BB6-9FA1-81E759A3F3C3,137.00139999154155,Šilainių sen.,493639.0313000001,6090173.3169,1.021886414864781e-05
74528218398689991,Žaliakalnio sen.,73.0,1982.0,1,ambiguous,district,4427,16091.0,7596DFA7-C5D7-43F4-813A-6EE45F00F7B3,73.00107483784477,Žaliakalnio sen.,494365.1647507486,6085863.839435653,1.4723697698393323e-05
74421179522250858,Kauno m.,60.0,1987.0,1,ambiguous,citywide,34595,63684.0,54db530d-779b-48e5-a1fd-59597f10cda9,60.003942929867115,Gričiupio sen.,497457.74720463646,6084449.381218072,6.571333861682405e-05
74103378036819212,Žaliakalnio sen.,184.0,2006.0,2,ambiguous,district,3677,32617.0,9AFF33A3-7575-45A8-A65C-0AE5F0702B91,183.99087695618252,Žaliakalnio sen.,495198.12691536197,6087341.452266718,4.958298909407688e-05
64700971603678659,Kauno m.,155.0,2025.0,2,ambiguous,citywide,36409,11845.0,70BED0B4-EDC2-4F42-9F1B-AB9F4A0D1FCD,154.99959359212573,Panemunės sen.,499019.73899566033,6079936.6845617555,2.621989723117224e-06
7552746414021301,Kauno m.,91.0,1970.0,1,ambiguous,citywide,40777,60670.0,515c4a10-9bd6-456c-bba3-38bf4a8d63c5,90.9991747341689,Šilainių sen.,487635.8761244525,6087628.670422229,9.068896408948035e-06
64784807307182252,Kauno m.,8.0,2022.0,1,ambiguous,citywide,3969,3192.0,1E9685FE-87AF-4400-866F-38F9F4075B25,12.001999996529893,Šilainių sen.,492618.23000000004,6090486.250000001,0.40563176059835815
75333543694848196,Kauno m.,62.21,1992.0,1,ambiguous,citywide,35358,27069.0,6DA152D0-6803-4691-8E16-EB044F78D1AC,62.212468097292444,Vilijampolės sen.,493248.40512474906,6086607.598092422,3.967285540174004e-05
65304685557668204,Kauno m.,11.0,2007.0,1,ambiguous,citywide,7571,3192.0,1E9685FE-87AF-4400-866F-38F9F4075B25,12.001999996529893,Šilainių sen.,492618.23000000004,6090486.250000001,0.08717802947982323
64883140455280972,Aleksoto sen.,193.0,2019.0,1,ambiguous,district,5876,50481.0,8a9dabbe-4ff4-45b0-8943-43047c0d36ff,192.96508814232175,Aleksoto sen.,492693.7364334554,6082289.469000376,0.00018090681694271638
75025621084375521,Aleksoto sen.,46.0,1965.0,1,ambiguous,district,5224,11874.0,62D81209-F8E2-4829-AB05-CD34E30FA81A,46.014099996198524,Aleksoto sen.,491063.0193000001,6080868.979900001,0.000306474688324343
75094194906182798,Gričiupio sen.,20.0,1968.0,1,ambiguous,district,439,57606.0,236b314a-d50c-4cae-9574-a84fb30d3a50,20.04572480833325,Gričiupio sen.,498050.8010500002,6085588.67575,0.002283630945536519
74853790862281985,Kauno m.,16.0,1978.0,1,ambiguous,citywide,12108,36148.0,42D62C8E-7585-4040-B6DD-350FA71FAB0F,16.0,Šančių sen.,496992.37090000045,6082192.865499999,0.0
6516891969095151,Aleksoto sen.,158.0,2017.0,2,ambiguous,district,7091,50780.0,5CD067BF-697F-460F-8CDA-248BFF1433F2,157.9670534516727,Aleksoto sen.,493005.7728408012,6081016.511472634,0.0002085442015982153
64846270047950558,Kauno m.,54.0,2021.0,1,ambiguous,citywide,32384,64832.0,4642f846-cacf-42bb-894d-9ce6b0d54941,54.00028103423108,Šilainių sen.,487337.325919872,6089093.208240566,5.204324069918442e-06
7565352736494281,Vilijampolės sen.,163.0,1977.0,1,ambiguous,district,3558,47956.0,65cf224a-b0f2-46c4-898a-5ae4d7447581,163.04880748716639,Vilijampolės sen.,488248.15066377004,6087462.085374767,0.0002993876156587305
74279152202952572,Kauno m.,17.0,1985.0,1,ambiguous,citywide,12896,7495.0,20E3F8ED-B037-4A40-9933-B4B5DFBA6909,17.000950002374314,Aleksoto sen.,495416.22617561574,6080355.553315051,5.588093123831683e-05
74703078031192374,Kauno m.,10.45,1935.0,1,ambiguous,citywide,6972,3192.0,1E9685FE-87AF-4400-866F-38F9F4075B25,12.001999996529893,Šilainių sen.,492618.23000000004,6090486.250000001,0.13847132386737382
75652378141285656,Aleksoto sen.,118.0,1937.0,1,ambiguous,district,7964,31806.0,2F06A091-8A3E-4E6D-8F01-35BDB0E0EBE9,117.98352175946067,Aleksoto sen.,491891.5844927761,6084434.777270552,0.00013965585769160072
7566821497547245,Žaliakalnio sen.,283.0,1996.0,2,ambiguous,district,1956,53391.0,0888ac75-153c-405d-a1bc-38567c757094,282.88532292459365,Žaliakalnio sen.,493869.1680658288,6085164.050193913,0.0004053014712717129
75628446378255776,Petrašiūnų sen.,74.0,1954.0,1,ambiguous,district,3728,26286.0,E1198A96-E125-4C35-BDDC-2AD3E4D93BE8,73.95942840308662,Petrašiūnų sen.,504155.4399001616,6086895.480321367,0.0005484151752703781
75690427084917716,Žaliakalnio sen.,46.0,1923.0,1,ambiguous,district,3054,63405.0,08d8602c-4884-4429-82c6-e27055da13bb,45.97321753478351,Žaliakalnio sen.,496339.2346,6087061.752549999,0.0005823970649583288
74526112634546532,Šilainių sen.,118.0,1990.0,2,ambiguous,district,7317,47421.0,757139e8-f205-4e69-884b-eb05bc375dfa,118.01264147002973,Šilainių sen.,489216.0460600846,6089491.311609881,0.00010712536381962678
75686325646385097,Žaliakalnio sen.,173.0,1925.0,2,ambiguous,district,3898,11097.0,EB0F1FE9-B0FF-45D6-AAAB-87C8EC4560BE,173.001000014456,Žaliakalnio sen.,495478.7049999995,6086001.669999999,5.7804136748274004e-06
74137205350959232,Kauno m.,24.0,1965.0,1,ambiguous,citywide,17670,12815.0,E8EABD14-F888-422C-ABA7-C5C8CCEC5C25,24.000599999125676,Šančių sen.,496818.5500000001,6081148.900000001,2.4999651075940932e-05
74999585099920135,Kauno m.,42.0,1985.0,1,ambiguous,citywide,26550,6596.0,DBE3FC5B-9F53-4252-8AFB-10AB81624EF3,42.000799998725576,Aleksoto sen.,490622.12500000006,6080355.694999998,1.9047407301187036e-05
64808052757736753,Kauno m.,119.0,2023.0,2,ambiguous,citywide,40084,10326.0,E8F857AF-A242-42DC-825D-E9DBACE4C514,119.00004999825153,Vilijampolės sen.,491489.1155019404,6086042.115058474,4.20153285496383e-07
75592185549752985,Šilainių sen.,132.0,1962.0,1,ambiguous,district,7131,51781.0,6cb8967c-f8a3-47e2-863f-b858a5164878,131.97990748926404,Šilainių sen.,489397.16860896256,6088925.269946387,0.00015222757645361185
75604603502546427,Kauno m.,18.0,1975.0,1,ambiguous,citywide,13645,12810.0,E5470CB3-C0D5-46A3-9ABF-28319CADAD23,18.000599997430665,Panemunės sen.,499372.8338694433,6080718.06656832,3.333263505433948e-05
74469185471391544,Kauno m.,21.0,1985.0,1,ambiguous,citywide,15889,28359.0,7954F990-38CB-4317-9E88-38DC85F535ED,21.000499999102203,Vilijampolės sen.,492868.10720000026,6086517.1454,2.3809197616131428e-05
64781953772647352,Kauno m.,91.0,2024.0,1,ambiguous,citywide,40777,60670.0,515c4a10-9bd6-456c-bba3-38bf4a8d63c5,90.9991747341689,Šilainių sen.,487635.8761244525,6087628.670422229,9.068896408948035e-06
74215954233106951,Kauno m.,22.0,2000.0,1,ambiguous,citywide,16561,54794.0,602187e6-288e-4b60-a8c1-e118443d91d0,21.998916665486203,Vilijampolės sen.,491043.35404556396,6086148.481079037,4.9243690350753155e-05
74693380554301164,Kauno m.,62.0,1960.0,1,ambiguous,citywide,35267,2783.0,8CB27B84-E170-4B07-AA42-0C7333328F6B,61.996376273567854,Šančių sen.,495566.5714434239,6081470.911622688,5.8448908622388274e-05
74560962508055439,Kauno m.,15.0,1991.0,2,ambiguous,citywide,11269,32282.0,8B41C570-8FB4-453E-B4C6-A45E9968D4D0,15.000750000683592,Aleksoto sen.,491920.7975308333,6084434.660006409,4.999879561218279e-05
64904692827518942,Kauno m.,35.0,1982.0,1,ambiguous,citywide,23010,43237.0,03C2C4FA-968F-486F-AF14-6AFEC83AE024,35.00125000765081,Žaliakalnio sen.,494072.2256530612,6085760.255303067,3.57138665614265e-05
7523989889546473,Vilijampolės sen.,216.0,1938.0,1,ambiguous,district,2510,22105.0,1A56441F-25EE-4823-BBF4-4B4B298F562C,215.9847544510032,Vilijampolės sen.,493569.4404142298,6087079.238999044,7.058373632951032e-05
74153944285618251,Aleksoto sen.,139.0,2010.0,1,ambiguous,district,7579,45311.0,76BFEC91-E5F4-4BBC-A08B-4733A244A78B,139.01295000714177,Aleksoto sen.,492481.27845969016,6080879.168148313,9.316117936819523e-05
74770400061786604,Kauno m.,30.0,1975.0,1,ambiguous,citywide,20562,52501.0,4120f24f-00d4-43b3-953d-e33775681ef2,30.00104933864251,Aleksoto sen.,494062.8141000001,6080861.18965,3.4977343035702546e-05
74457755594748862,Kauno m.,34.0,1993.0,1,ambiguous,citywide,22473,31579.0,D64FC78D-52FC-4245-8DC4-EF5E74E3A922,34.00179999922104,Vilijampolės sen.,494278.27175430197,6087973.267618117,5.293975222642189e-05
75648061488816185,Šančių sen.,97.0,1938.0,1,ambiguous,district,3549,45836.0,65E2F16B-D6AE-426A-84E5-86F030BCFF61,96.95299998893216,Šančių sen.,495879.20519999973,6081117.723100001,0.0004846536221716491
82759131092514163,Kauno m.,64.0,2005.0,1,ambiguous,citywide,35945,48206.0,d0513278-e13f-45b6-9d49-510f6eec9a07,64.00019821173042,Šilainių sen.,494084.6633797297,6090574.282557287,3.097053491885049e-06
64765533272499995,Kauno m.,101.0,2024.0,1,ambiguous,citywide,40978,23401.0,53DBC236-3FDD-4C74-B974-4255B82080B0,100.99904999221471,Vilijampolės sen.,488187.06567413255,6086993.333220441,9.406061913352914e-06
7462501608299707,Panemunės sen.,137.0,1900.0,1,ambiguous,district,5162,39137.0,55FC6A1B-D988-4052-829E-4DD184E70DC7,136.99158897017685,Panemunės sen.,496545.1075406472,6077570.562487845,6.139626298296008e-05
75527921912360435,Kauno m.,19.0,1970.0,1,ambiguous,citywide,14402,25601.0,06EC2A22-2355-40BE-BB99-EE0F7A2F6ECF,19.0,Petrašiūnų sen.,501135.92420000024,6084766.5735,0.0
74310183829919607,Kauno m.,34.0,1973.0,1,ambiguous,citywide,22473,31579.0,D64FC78D-52FC-4245-8DC4-EF5E74E3A922,34.00179999922104,Vilijampolės sen.,494278.27175430197,6087973.267618117,5.293975222642189e-05
74413163641540214,Aleksoto sen.,26.0,1974.0,1,ambiguous,district,3081,65628.0,a28d8f87-ccae-4035-a546-80bc21764d4b,26.005853440284568,Aleksoto sen.,493815.31201263994,6080016.882782466,0.0002251069801597616
74317992571845085,Kauno m.,20.0,1962.0,1,ambiguous,citywide,15162,42659.0,62E3BCEC-CF1A-411E-BD41-7C2CD1C41A70,20.000999999978582,Aleksoto sen.,493055.17640744965,6080852.427823423,4.9998748970825346e-05
64846691308913643,Kauno m.,105.0,2020.0,1,ambiguous,citywide,40887,17059.0,2C2237DC-606B-4FDD-BE0C-BDABCC39A7A7,104.99939999992436,Panemunės sen.,498090.35622579046,6081529.233020257,5.714302760750911e-06
74316872645009954,Kauno m.,14.0,1980.0,1,ambiguous,citywide,10423,38523.0,CFB723D0-EC6D-4CE0-93F1-DCBE2FE943A2,13.998468149964506,Gričiupio sen.,498218.1656500003,6085042.26175,0.00010942384624845758
65151189131189488,Vilijampolės sen.,84.0,2011.0,1,ambiguous,district,4564,1979.0,1B558CE4-3D70-4048-824E-2791FB8BC294,84.00499999670312,Vilijampolės sen.,490789.06467540254,6085784.689973016,5.952199880621123e-05
74705535927071159,Eigulių sen.,478.0,1980.0,2,ambiguous,district,678,3622.0,5695B77D-15BC-4B65-B39D-2221C9CC674B,477.60465003039076,Eigulių sen.,496242.539309863,6087896.192717567,0.0008274342159246828
7534025327241442,Kauno m.,555.0,1993.0,1,ambiguous,citywide,6351,18019.0,12B4D154-2EE5-4090-B15E-44484EBA48D0,554.9963999324724,Gričiupio sen.,497971.830579038,6085232.309217573,6.486629195556759e-06
64925729789625686,Aleksoto sen.,102.0,2017.0,1,ambiguous,district,8156,46117.0,ADE89AF4-D854-4C05-8B45-5F431D773515,101.9882000038337,Aleksoto sen.,493316.6717330751,6080634.860382218,0.00011569292909285878
74778305110397861,Kauno m.,21.0,1967.0,1,ambiguous,citywide,15889,28359.0,7954F990-38CB-4317-9E88-38DC85F535ED,21.000499999102203,Vilijampolės sen.,492868.10720000026,6086517.1454,2.3809197616131428e-05
7427486851128827,Kauno m.,22.0,1975.0,1,ambiguous,citywide,16561,54794.0,602187e6-288e-4b60-a8c1-e118443d91d0,21.998916665486203,Vilijampolės sen.,491043.35404556396,6086148.481079037,4.9243690350753155e-05
74944413554533254,Kauno m.,7.0,1966.0,1,ambiguous,citywide,2461,3192.0,1E9685FE-87AF-4400-866F-38F9F4075B25,12.001999996529893,Šilainių sen.,492618.23000000004,6090486.250000001,0.5391631532228807
74884425111554215,Kauno m.,14.12,1977.0,1,ambiguous,citywide,10525,59133.0,8b75e834-ce8c-4ae9-9721-c416aea64465,14.120055086968389,Vilijampolės sen.,491457.48594999977,6085979.125499998,3.901335760225777e-06
7454001183808795,Kauno m.,19.0,1982.0,1,ambiguous,citywide,14402,25601.0,06EC2A22-2355-40BE-BB99-EE0F7A2F6ECF,19.0,Petrašiūnų sen.,501135.92420000024,6084766.5735,0.0
75631470038323337,Kauno m.,488.0,1984.0,1,ambiguous,citywide,7598,32832.0,567B0111-7DCD-4CE6-880E-6A5F3A310649,488.02485000667036,Petrašiūnų sen.,499349.2057173983,6084275.001335332,5.092084832725163e-05
74450213021082928,Kauno m.,64.0,1988.0,1,ambiguous,citywide,35945,48206.0,d0513278-e13f-45b6-9d49-510f6eec9a07,64.00019821173042,Šilainių sen.,494084.6633797297,6090574.282557287,3.097053491885049e-06
74299075976386492,Kauno m.,44.0,1957.0,1,ambiguous,citywide,27539,60527.0,db38a606-53d1-47e6-b5d4-e64aaa21ee43,44.00053074682302,Šilainių sen.,489971.9751714654,6088039.162789768,1.2062355045472373e-05
75592441799099006,Vilijampolės sen.,707.0,1962.0,5,ambiguous,district,461,55140.0,1155ab17-133a-49ae-9a71-d32afadbf56f,707.2273059465699,Vilijampolės sen.,493534.8943772079,6086734.739023791,0.00032145603124966726
75599754760871038,Vilijampolės sen.,129.0,1961.0,2,ambiguous,district,4185,28209.0,0E33C026-6374-403B-9A49-242B9E7FB357,129.01679998821282,Vilijampolės sen.,492522.95919682557,6086139.834960047,0.00013022398725492934
75375735752172671,Aleksoto sen.,116.0,2003.0,1,ambiguous,district,8005,4235.0,7E7168D9-3E17-42D2-A13A-F31B0182F3CB,116.00220000441391,Aleksoto sen.,492176.05271879636,6079952.223937582,1.8965375448765087e-05
74536928521888868,Kauno m.,40.0,1930.0,2,ambiguous,citywide,25535,512.0,2119E511-AA18-4FFF-AE06-1B9C823F8464,39.99623781162094,Vilijampolės sen.,494215.36519710184,6088381.179617149,9.405913289795009e-05
65210729124151934,Šilainių sen.,300.0,2018.0,1,ambiguous,district,3430,29694.0,2AB7CDCC-EE2D-42CA-BA97-33E666B14888,300.0309999860786,Šilainių sen.,494085.84297681,6089847.483706904,0.00010332794841261261
74328163224383265,Kauno m.,67.0,1967.0,1,ambiguous,citywide,36852,22950.0,4E5E02AD-E1E5-4FBE-A460-6B7437B2FD52,67.0006499978289,Petrašiūnų sen.,503422.17023163685,6085837.65575539,9.70141307465866e-06
75406274503264495,Eigulių sen.,723.0,1983.0,2,ambiguous,district,570,5444.0,73989D2E-C674-4C14-9531-6C4E464DA9B9,722.835699990567,Eigulių sen.,495983.0789483488,6087952.291428237,0.00022727341722372785
85638838561358635,Panemunės sen.,39.0,2004.0,1,ambiguous,district,2718,64529.0,e7e089ae-f133-4cac-8d49-43a38a645f4d,38.984589508652455,Panemunės sen.,497988.4133999999,6081217.76815,0.0003952188924820632
7517609659271457,Šilainių sen.,168.0,1981.0,2,ambiguous,district,6390,28627.0,12863140-1929-40AB-BF11-8F4266B236FC,168.00000000324567,Šilainių sen.,492124.72583082394,6086548.739690439,1.9319656985317124e-11
7463558014347603,Kauno m.,24.0,1975.0,1,ambiguous,citywide,17670,12815.0,E8EABD14-F888-422C-ABA7-C5C8CCEC5C25,24.000599999125676,Šančių sen.,496818.5500000001,6081148.900000001,2.4999651075940932e-05
74893273118981585,Kauno m.,34.0,1991.0,1,ambiguous,citywide,22473,31579.0,D64FC78D-52FC-4245-8DC4-EF5E74E3A922,34.00179999922104,Vilijampolės sen.,494278.27175430197,6087973.267618117,5.293975222642189e-05
64711502259197529,Kauno m.,214.0,2025.0,1,ambiguous,citywide,27975,52830.0,d20d7631-6b10-4950-b575-bf30c6b7c4e9,214.00253472135577,Šilainių sen.,490597.8663715525,6088346.767754277,1.1844422171947144e-05
74469092523424679,Kauno m.,12.0,1992.0,1,ambiguous,citywide,8594,3192.0,1E9685FE-87AF-4400-866F-38F9F4075B25,12.001999996529893,Šilainių sen.,492618.23000000004,6090486.250000001,0.00016665249019354178
75163842313774848,Panemunės sen.,547.0,1991.0,1,ambiguous,district,433,38298.0,A9F20A95-60BA-41EE-B1F6-D215E7508C0D,547.3594999907231,Panemunės sen.,497420.53216206125,6081055.610098547,0.0006570053143555299
74274028167377937,Kauno m.,42.0,1983.0,1,ambiguous,citywide,26550,6596.0,DBE3FC5B-9F53-4252-8AFB-10AB81624EF3,42.000799998725576,Aleksoto sen.,490622.12500000006,6080355.694999998,1.9047407301187036e-05
75479023172508986,Šilainių sen.,114.0,1974.0,2,ambiguous,district,7366,63953.0,7D2C9328-7AC8-4313-A2F1-91815BD92816,113.98896314998599,Šilainių sen.,488078.53114577977,6088666.584939059,9.681916063097873e-05
750058436640966,Kauno m.,24.0,1978.0,1,ambiguous,citywide,17670,12815.0,E8EABD14-F888-422C-ABA7-C5C8CCEC5C25,24.000599999125676,Šančių sen.,496818.5500000001,6081148.900000001,2.4999651075940932e-05
64941097774287013,Petrašiūnų sen.,39.0,1964.0,1,ambiguous,district,3376,31535.0,73D71039-FC06-406B-9C89-D84E65E127DC,38.99239548727981,Petrašiūnų sen.,503671.4966475313,6086470.961017041,0.00019500651818082915
74261628958510795,Kauno m.,27.0,1961.0,1,ambiguous,citywide,19219,8089.0,00F782A1-B0D3-4C33-BBDC-F90B7180B226,26.998350001438148,Panemunės sen.,496870.9255026141,6077850.352718684,6.111292520305511e-05
7449781474599651,Kauno m.,15.0,1927.0,1,ambiguous,citywide,11269,32282.0,8B41C570-8FB4-453E-B4C6-A45E9968D4D0,15.000750000683592,Aleksoto sen.,491920.7975308333,6084434.660006409,4.999879561218279e-05
75200139511999706,Panemunės sen.,96.0,1972.0,1,ambiguous,district,5268,65148.0,33f1381c-be2a-49f3-a6ef-98e3cb13222f,96.03149978710285,Panemunės sen.,502541.9107029486,6078592.355568606,0.00032806896181369893
74421811478536548,Kauno m.,12.0,1918.0,1,ambiguous,citywide,8594,3192.0,1E9685FE-87AF-4400-866F-38F9F4075B25,12.001999996529893,Šilainių sen.,492618.23000000004,6090486.250000001,0.00016665249019354178
74190593571953095,Panemunės sen.,222.0,2005.0,1,ambiguous,district,3835,2651.0,18337B0B-05B5-4B06-A807-C80365C56EE0,222.00105001440718,Panemunės sen.,499820.7365997885,6080534.695356407,4.729783441348445e-06
75678738728637965,Panemunės sen.,82.0,1930.0,1,ambiguous,district,4949,4684.0,AD7662ED-7C90-4894-9279-DF59F22BDFAC,81.99880000267997,Panemunės sen.,496183.1484959038,6077724.166439691,1.4634220739218051e-05
74298796210399906,Kauno m.,33.0,1935.0,1,ambiguous,citywide,21974,5827.0,2919B7C4-75EB-499B-9E0A-49AE80F70E12,33.00240000490323,Žaliakalnio sen.,494503.0350000001,6085593.42,7.272477679931555e-05
75638589407201307,Eigulių sen.,170.0,1945.0,1,ambiguous,district,717,24846.0,7F4DF87A-4302-4023-9234-FE95F51DBE94,170.03684999964722,Eigulių sen.,496263.4067720017,6087445.120645751,0.00021674121373305155
6477831499654535,Kauno m.,102.0,2022.0,1,ambiguous,citywide,40958,9870.0,9DE5A805-43CA-4FB0-8D00-55E89BE3D9C4,102.00095022016454,Vilijampolės sen.,492562.9676774037,6085898.443922536,9.315840573620449e-06
74471436592178406,Kauno m.,43.0,1971.0,2,ambiguous,citywide,27002,35176.0,D2DFDF38-46A4-464C-9014-D1132BA28EBA,43.00166006778807,Petrašiūnų sen.,501204.9332000003,6084448.050349999,3.860548242862194e-05
75098626228143145,Aleksoto sen.,190.0,1992.0,2,ambiguous,district,5966,13730.0,7174BC19-0AE5-4E2A-9BEE-3835ACCBF61D,189.99714298766898,Aleksoto sen.,494300.89831345493,6080862.61811902,1.5037020061114958e-05
75642630347129786,Šančių sen.,233.0,1940.0,1,ambiguous,district,1860,46255.0,F2AAD6EE-4EB8-4A41-A66F-593FF4387A41,232.94003834324883,Šančių sen.,496155.4455870232,6080756.30075866,0.0002573792855207202
74523355209452399,Kauno m.,41.0,1980.0,1,ambiguous,citywide,26058,61044.0,9f1bcbe7-7777-4a80-b47c-63f8305ae147,40.99718746622927,Šilainių sen.,489915.4371500001,6087957.446799999,6.86007376287101e-05
74429656786285853,Dainavos sen.,426.0,1983.0,1,ambiguous,district,570,4193.0,B08D9E6A-D2A5-4ECF-B091-466098C4206D,426.84680001918395,Dainavos sen.,499752.68787470745,6087359.539619855,0.001985820425058904
7489195774090536,Žaliakalnio sen.,64.0,1939.0,1,ambiguous,district,4125,21161.0,28E91BB5-BB5B-400F-8F81-8CFD537BCAF5,63.96785000833832,Žaliakalnio sen.,495034.262405896,6085288.25075115,0.0005024698365412306
74543660339906906,Kauno m.,26.0,1981.0,1,ambiguous,citywide,18729,30248.0,0E85D2CF-C288-45B7-B007-683BF429F192,25.999763854411132,Vilijampolės sen.,492539.84290740883,6085427.240912551,9.0825638952019e-06
75647154995081456,Žaliakalnio sen.,399.0,1939.0,3,ambiguous,district,856,9020.0,E5D46334-D604-4FE6-B399-07598AD30E0E,398.3363999847615,Žaliakalnio sen.,496119.4614890038,6085831.815508597,0.0016645425154830917
74790338720632163,Aleksoto sen.,35.0,1968.0,1,ambiguous,district,4011,42783.0,536C9DCB-1975-4FA1-BEF4-2793E00F80CC,35.001449999581276,Aleksoto sen.,491221.63726715895,6080848.318639393,4.142770132631313e-05
75699739540009595,Šančių sen.,88.0,1910.0,1,ambiguous,district,3566,36181.0,F1455A24-E2CA-470D-A5F4-B58365B4BF84,88.01109999883323,Šančių sen.,496284.83268431644,6083788.805073686,0.00012612839585646185
64901329003705391,Petrašiūnų sen.,120.0,2020.0,1,ambiguous,district,3303,25435.0,3774E3FD-FD67-453C-B181-D3D340777F88,119.99945000377316,Petrašiūnų sen.,503022.2072326228,6085302.833421415,4.583312393613426e-06
75683332851251908,Žaliakalnio sen.,170.0,1927.0,1,ambiguous,district,3964,30777.0,23C6295B-68F9-448C-99D0-41D73EB6A418,170.01944169288362,Žaliakalnio sen.,496212.10922810977,6085770.2784235235,0.00011435636037759878
75023765008984056,Eigulių sen.,9.0,1964.0,1,ambiguous,district,99,36018.0,10ED2F33-7A56-44C4-A55A-0C95FB66708E,12.131899999491312,Eigulių sen.,497073.75768047455,6090911.372705574,0.2986137697501854
74484739074685752,Kauno m.,30.0,1993.0,1,ambiguous,citywide,20562,52501.0,4120f24f-00d4-43b3-953d-e33775681ef2,30.00104933864251,Aleksoto sen.,494062.8141000001,6080861.18965,3.4977343035702546e-05
74459331947948432,Kauno m.,119.0,1994.0,1,ambiguous,citywide,40084,10326.0,E8F857AF-A242-42DC-825D-E9DBACE4C514,119.00004999825153,Vilijampolės sen.,491489.1155019404,6086042.115058474,4.20153285496383e-07
64923078804460882,Šilainių sen.,182.0,2018.0,2,ambiguous,district,6032,21048.0,90A87887-DC6A-4FFB-A8F1-592CB7E17CC8,182.00783338136262,Šilainių sen.,488268.9287300086,6089001.972188319,4.303963071983219e-05
74273104730268935,Kauno m.,17.0,1978.0,0,ambiguous,citywide,12896,7495.0,20E3F8ED-B037-4A40-9933-B4B5DFBA6909,17.000950002374314,Aleksoto sen.,495416.22617561574,6080355.553315051,5.588093123831683e-05
74260642069104474,Vilijampolės sen.,14.0,1959.0,1,ambiguous,district,1248,55147.0,6f59f8be-fad2-4cda-bd17-a2f32901b1de,13.998162251532037,Vilijampolės sen.,493731.5875499998,6086956.33075,0.0001312763640761716
75617713439938047,Dainavos sen.,55.0,1988.0,1,ambiguous,district,505,26889.0,1E34DD90-93BA-4F63-BFF3-AE32A0EEF8C0,54.90662251638586,Dainavos sen.,499724.7973,6087080.550799999,0.0016992152782764336
64785797077951304,Kauno m.,200.0,2025.0,1,ambiguous,citywide,29908,48833.0,00DC4AE3-1180-4456-AF28-FB6065648918,200.01057905281704,Šilainių sen.,494950.24967250804,6091409.606977024,5.289386518025907e-05
74228019775300233,Kauno m.,17.0,1982.0,1,ambiguous,citywide,12896,7495.0,20E3F8ED-B037-4A40-9933-B4B5DFBA6909,17.000950002374314,Aleksoto sen.,495416.22617561574,6080355.553315051,5.588093123831683e-05
7442644335183117,Kauno m.,30.0,1988.0,1,ambiguous,citywide,20562,52501.0,4120f24f-00d4-43b3-953d-e33775681ef2,30.00104933864251,Aleksoto sen.,494062.8141000001,6080861.18965,3.4977343035702546e-05
65112104561501599,Aleksoto sen.,34.0,2012.0,1,ambiguous,district,3855,40155.0,A6841622-92EE-4452-9BF8-D7638E097412,33.98790000497401,Aleksoto sen.,491832.62931084307,6082009.436363066,0.00035594554774798226
74979783955401794,Kauno m.,135.0,1982.0,1,ambiguous,citywide,38697,66100.0,5eba8a3c-1e4a-4d10-b1c2-4038e82100c9,134.99963190693825,Šilainių sen.,490099.49904999975,6089149.7623499995,2.72661898925719e-06
74902994931830599,Kauno m.,19.0,1960.0,1,ambiguous,citywide,14402,25601.0,06EC2A22-2355-40BE-BB99-EE0F7A2F6ECF,19.0,Petrašiūnų sen.,501135.92420000024,6084766.5735,0.0
7565209023781154,Šančių sen.,69.0,1937.0,1,ambiguous,district,3468,11972.0,E40BA187-2A29-45C7-8AEE-2A030BF479CC,69.03120000830963,Šančių sen.,495858.185099877,6080677.383855174,0.00045207183360140846
74996375640477148,Kauno m.,20.0,1971.0,1,ambiguous,citywide,15162,42659.0,62E3BCEC-CF1A-411E-BD41-7C2CD1C41A70,20.000999999978582,Aleksoto sen.,493055.17640744965,6080852.427823423,4.9998748970825346e-05
75678705117464037,Aleksoto sen.,178.0,1930.0,1,ambiguous,district,6369,38459.0,6E3FB2EE-1399-4678-A841-AF9DE50747F5,178.0237456872025,Aleksoto sen.,492113.91079999995,6081780.533399999,0.0001333938397394263
74465609364955859,Kauno m.,28.0,1960.0,1,ambiguous,citywide,19655,64435.0,b8b3c45b-50c8-439c-a780-10936b21dc7b,27.999818957143066,Eigulių sen.,496841.2465692256,6087032.037176935,6.465837222524584e-06
75091540016673591,Petrašiūnų sen.,118.0,1996.0,1,ambiguous,district,3316,22051.0,F830685C-2367-4D44-A049-9EE00E43391B,118.04247060928552,Petrašiūnų sen.,500597.49084681226,6084181.860315325,0.0003598556618573667
74164770329616131,Gričiupio sen.,34.0,1963.0,1,ambiguous,district,619,7793.0,A650175C-6F69-444E-8BA4-70BB17125634,34.01390558636362,Gričiupio sen.,498664.44807509816,6085601.745646125,0.00040890422149653105
75633586765585126,Žaliakalnio sen.,136.0,1951.0,2,ambiguous,district,4466,22566.0,E92DE718-2952-4B13-AC56-25B1F9745C7D,135.99383922168778,Žaliakalnio sen.,495620.1548996848,6086920.434413445,4.530086660015087e-05
64890971743206488,Kauno m.,168.0,2020.0,1,ambiguous,citywide,34505,28627.0,12863140-1929-40AB-BF11-8F4266B236FC,168.00000000324567,Šilainių sen.,492124.72583082394,6086548.739690439,1.9319656985317124e-11
74289021222394905,Kauno m.,33.0,1985.0,1,ambiguous,citywide,21974,5827.0,2919B7C4-75EB-499B-9E0A-49AE80F70E12,33.00240000490323,Žaliakalnio sen.,494503.0350000001,6085593.42,7.272477679931555e-05
74143640830990204,Kauno m.,54.0,2001.0,1,ambiguous,citywide,32384,64832.0,4642f846-cacf-42bb-894d-9ce6b0d54941,54.00028103423108,Šilainių sen.,487337.325919872,6089093.208240566,5.204324069918442e-06
65078448093370045,Šilainių sen.,251.0,2017.0,1,ambiguous,district,4342,19248.0,DD556434-EC82-4646-9821-4BDC2F5818E2,250.9312311385966,Šilainių sen.,487220.74593608594,6089658.043823503,0.00027401706675078685
74114733890669859,Kauno m.,34.0,2003.0,1,ambiguous,citywide,22473,31579.0,D64FC78D-52FC-4245-8DC4-EF5E74E3A922,34.00179999922104,Vilijampolės sen.,494278.27175430197,6087973.267618117,5.293975222642189e-05
74797161495949213,Kauno m.,14.0,1958.0,1,ambiguous,citywide,10423,38523.0,CFB723D0-EC6D-4CE0-93F1-DCBE2FE943A2,13.998468149964506,Gričiupio sen.,498218.1656500003,6085042.26175,0.00010942384624845758
74491545392815495,Kauno m.,10.0,1971.0,1,ambiguous,citywide,6494,3192.0,1E9685FE-87AF-4400-866F-38F9F4075B25,12.001999996529893,Šilainių sen.,492618.23000000004,6090486.250000001,0.182488209284148
74702552854601006,Kauno m.,514.0,1989.0,1,ambiguous,citywide,7026,26445.0,48063550-B2D2-472C-AA3B-4DA31D3A283B,513.9955796531234,Eigulių sen.,496320.1474244858,6088500.555682329,8.599933626562972e-06
75629730294404188,Žaliakalnio sen.,119.0,1953.0,1,ambiguous,district,4597,14302.0,F7E96037-FD76-4177-B5E6-03DF92F9A8E5,119.04319999854845,Žaliakalnio sen.,495107.90199690295,6086465.3173973495,0.00036295932018148847
75507604078067059,Vilijampolės sen.,676.0,1971.0,2,ambiguous,district,470,15847.0,355210A4-278B-41CE-9307-D8C8F792062A,672.7653999766105,Vilijampolės sen.,490721.08039009897,6085844.211933293,0.004796395614169668
65077991861940271,Petrašiūnų sen.,37.0,2012.0,1,ambiguous,district,3317,26769.0,27A1C477-AE36-4419-B471-388351DB8B67,37.009181649633234,Petrašiūnų sen.,504880.2361951856,6086696.615989485,0.0002481219080037178
74368257315502631,Kauno m.,83.0,1985.0,1,ambiguous,citywide,40054,32610.0,9A464A72-9A2A-4174-B6AE-D603AF7D3E29,83.00050000228266,Žaliakalnio sen.,495495.637680156,6085140.448780734,6.024105742241659e-06
75593812088820211,Gričiupio sen.,270.0,1962.0,4,ambiguous,district,687,16578.0,8CDFD697-08B2-49E9-91D3-993EB0AECA24,269.95069999071603,Gričiupio sen.,497418.498786171,6085680.70360145,0.00018260929904112544
75716895985396451,Kauno m.,18.0,1950.0,1,ambiguous,citywide,13645,12810.0,E5470CB3-C0D5-46A3-9ABF-28319CADAD23,18.000599997430665,Panemunės sen.,499372.8338694433,6080718.06656832,3.333263505433948e-05
74878803424805226,Kauno m.,16.0,1969.0,1,ambiguous,citywide,12108,36148.0,42D62C8E-7585-4040-B6DD-350FA71FAB0F,16.0,Šančių sen.,496992.37090000045,6082192.865499999,0.0
75192748457262329,Aleksoto sen.,115.0,1975.0,2,ambiguous,district,8010,4498.0,2923C442-1844-4C0E-90EC-D532F20C9DD6,114.99210000494924,Aleksoto sen.,493292.09499999986,6083666.904999999,6.869796878827827e-05
7502786999673873,Kauno m.,75.0,1973.0,1,ambiguous,citywide,38786,59538.0,367cac22-e786-4f3d-bd68-f85ca1fa4a1b,74.99931672876731,Panemunės sen.,498036.76514870714,6078976.264416925,9.110324601380171e-06
75243180396609433,Aleksoto sen.,118.0,1934.0,1,ambiguous,district,7964,31806.0,2F06A091-8A3E-4E6D-8F01-35BDB0E0EBE9,117.98352175946067,Aleksoto sen.,491891.5844927761,6084434.777270552,0.00013965585769160072
75354280117454653,Panemunės sen.,202.0,1990.0,2,ambiguous,district,4207,28440.0,C21A236D-89C3-4B1D-9E34-C4828383EBF6,201.96126113244472,Panemunės sen.,500102.9326213032,6078898.063931145,0.00019179496353416425
64750137693533466,Kauno m.,195.0,2024.0,1,ambiguous,citywide,30549,38114.0,22F8A3E3-5785-411F-82EE-B58C726D4254,195.01181014328708,Panemunės sen.,496942.346944458,6078760.359213369,6.0563003393632187e-05
75566771648499509,Žaliakalnio sen.,98.0,1966.0,2,ambiguous,district,4699,1887.0,8CF9CE78-972A-49E1-A63E-3345569E01A8,97.98954999620635,Žaliakalnio sen.,494805.514484507,6086270.9576999685,0.00010663837744218085
75608270804625122,Aleksoto sen.,79.0,1960.0,1,ambiguous,district,7781,47947.0,A7985B2C-44C4-4C57-9D42-E8BA23DD9815,78.99417738118079,Aleksoto sen.,492057.6834397895,6084308.064525531,7.370675196227694e-05
7567937221610628,Žaliakalnio sen.,151.0,1929.0,2,ambiguous,district,4278,24278.0,E64630CA-8F1B-46B7-A45F-0E4B801CC736,150.99090606097488,Žaliakalnio sen.,494891.4319461462,6086544.537834272,6.022657533932829e-05
74481432030871028,Kauno m.,30.0,1973.0,1,ambiguous,citywide,20562,52501.0,4120f24f-00d4-43b3-953d-e33775681ef2,30.00104933864251,Aleksoto sen.,494062.8141000001,6080861.18965,3.4977343035702546e-05
74818996836627544,Kauno m.,16.0,1957.0,1,ambiguous,citywide,12108,36148.0,42D62C8E-7585-4040-B6DD-350FA71FAB0F,16.0,Šančių sen.,496992.37090000045,6082192.865499999,0.0
64903050717624103,Kauno m.,107.0,2021.0,2,ambiguous,citywide,40814,45771.0,2F626B0E-5364-426F-AC2F-976B18CD97E2,106.99252679106144,Aleksoto sen.,491888.8039043546,6080679.158349491,6.984551333300004e-05
74299492803410319,Kauno m.,13.0,1980.0,1,ambiguous,citywide,9555,35456.0,3BA4D5F7-5D94-4C59-A9F0-989F391DA4E6,13.001844835072216,Šančių sen.,496448.3977335273,6083813.975750751,0.0001419003218434689
74792959836647591,Kauno m.,14.0,1950.0,1,ambiguous,citywide,10423,38523.0,CFB723D0-EC6D-4CE0-93F1-DCBE2FE943A2,13.998468149964506,Gričiupio sen.,498218.1656500003,6085042.26175,0.00010942384624845758
65238854207530408,Šilainių sen.,272.0,2014.0,2,ambiguous,district,3922,64190.0,43a8af57-4766-4e64-8f04-2f2083809920,272.055980920826,Šilainių sen.,493936.1427655487,6090355.2635577805,0.00020579103249129815
75704848793397214,Centro sen.,118.0,1900.0,1,ambiguous,district,1617,56428.0,6bbb77a4-b28d-453c-a659-50737d3f36d0,117.96203077938432,Centro sen.,495104.7527926723,6083743.259389945,0.00032182483612341883
75692874668786395,Vilijampolės sen.,107.0,1920.0,1,ambiguous,district,4449,10240.0,C6176BFE-F473-4177-9CBC-000AE89EBF01,107.02450000016205,Vilijampolės sen.,492601.49992202147,6085907.570528132,0.0002289457540527451
74986903052956813,Kauno m.,57.48,1979.0,1,ambiguous,citywide,33706,38803.0,80D5A41B-7A3D-4B9B-B0CB-1670E99E52B7,57.47982254502837,Panemunės sen.,496751.474,6077826.206500001,3.0872520104807677e-06
74242284254108587,Centro sen.,23.0,2000.0,1,ambiguous,district,433,63188.0,e70bf2c0-03f9-4d41-b7d7-0e76300624f9,23.01207306427377,Centro sen.,494383.96484613995,6084685.384736833,0.0005247781178638888
64956671369285804,Petrašiūnų sen.,140.0,2009.0,1,ambiguous,district,3082,13103.0,48F469BB-FE53-4EB8-82B8-42CC69C604D6,140.0059151726284,Petrašiūnų sen.,499751.89723233716,6084774.175180095,4.2250340501759354e-05
64900398255404154,Panemunės sen.,173.0,2022.0,1,ambiguous,district,4655,27335.0,EE6FD708-8630-4078-B650-ECE85C2D13C1,173.00754998798834,Panemunės sen.,501857.47408625943,6078855.676741187,4.364059680028731e-05
74545987695137927,Kauno m.,25.0,1970.0,1,ambiguous,citywide,18210,29207.0,0A56472F-66B2-41A7-B47B-01701314B5D5,25.00039999837093,Gričiupio sen.,497989.3960000001,6085158.809300002,1.5999806839861463e-05
75634298533477681,Vilijampolės sen.,145.0,1986.0,1,ambiguous,district,3920,52137.0,69c6a895-cd6f-44e4-a84c-58385e8ffdb2,144.97180079223796,Vilijampolės sen.,488423.60302420054,6087137.124769722,0.00019449620807154844
65240385139026469,Panemunės sen.,941.0,2011.0,4,ambiguous,district,165,11527.0,C12D92E6-51D2-4F3C-9768-ABAC32EED7EB,936.850633868056,Panemunės sen.,497858.3682500047,6081419.648379385,0.004419278946054206
7499836737281057,Vilijampolės sen.,370.0,1956.0,1,ambiguous,district,1013,55710.0,368cc93f-8982-4138-9ee8-8c1603b1f24b,370.0291773473647,Vilijampolės sen.,493075.90495,6085800.572199999,7.885458647560739e-05
74988051059731067,Kauno m.,34.0,1972.0,1,ambiguous,citywide,22473,31579.0,D64FC78D-52FC-4245-8DC4-EF5E74E3A922,34.00179999922104,Vilijampolės sen.,494278.27175430197,6087973.267618117,5.293975222642189e-05
75644072205454424,Žaliakalnio sen.,152.0,1939.0,2,ambiguous,district,4260,20910.0,BCFF645E-F15C-4E13-95AA-2E486EB3965D,151.96264999923426,Žaliakalnio sen.,495265.41833960084,6085817.172871424,0.00024575388426040234
74163256663334023,Žaliakalnio sen.,16.0,1961.0,1,ambiguous,district,1156,2064.0,2A61CBAB-7F37-43BA-8BB0-6EDFFD6A81A1,15.993600002041646,Žaliakalnio sen.,495861.84260870994,6083747.69151494,0.0004000798936858452
74422623566805859,Kauno m.,29.0,1983.0,1,ambiguous,citywide,20122,61155.0,bae057a1-5e7d-4f8f-b6b2-7c2cf51afab8,28.999892065010798,Šilainių sen.,494649.80932389677,6090974.922940333,3.721903105713409e-06
74291317601511919,Kauno m.,25.0,1975.0,1,ambiguous,citywide,18210,29207.0,0A56472F-66B2-41A7-B47B-01701314B5D5,25.00039999837093,Gričiupio sen.,497989.3960000001,6085158.809300002,1.5999806839861463e-05
75334610519515954,Kauno m.,3322.0,1995.0,2,ambiguous,citywide,738,11131.0,DC9E4C87-ECDB-4807-9A86-533546320598,3319.7524442630756,Dainavos sen.,497892.40021178464,6086877.060646036,0.0006767960238125426
64970702958186327,Aleksoto sen.,100.0,2017.0,2,ambiguous,district,8164,38966.0,91639037-57DE-4FDF-9F0C-5F53D5FB8D2E,100.00537942091916,Aleksoto sen.,493187.57578044914,6083413.707559224,5.3792762334303745e-05
75556486936699516,Aleksoto sen.,168.0,1967.0,1,ambiguous,district,6703,42375.0,1527C012-C482-4A76-933E-7C4ED2286295,167.99389999108985,Aleksoto sen.,492775.09575080813,6080476.555447673,3.6310236054326595e-05
75156600165274964,Panemunės sen.,158.0,1991.0,2,ambiguous,district,4892,53582.0,771afe1a-b32f-4420-95eb-565af1fe2962,158.0361762393049,Panemunės sen.,498800.08245830104,6080866.400029794,0.00022893733175344266
64736418756505126,Kauno m.,191.0,2025.0,1,ambiguous,citywide,31085,41219.0,0BC4EB41-4934-46F7-90BF-2BF7CA12531F,191.00842882030355,Aleksoto sen.,492041.77192562196,6079791.423452262,4.4128975535961956e-05
75645807142230792,Šančių sen.,104.06,1939.0,1,ambiguous,district,3514,11582.0,5010A2E4-B506-41BB-A5AB-1DE9F8EA4EBB,104.06779999287127,Šančių sen.,496335.8101909942,6082248.844727846,7.49538780997483e-05
64798011206053149,Kauno m.,92.0,2025.0,2,ambiguous,citywide,40805,54288.0,24e56492-d0f1-446f-9f6e-bdd4b725680d,92.00531309035003,Šilainių sen.,490080.8577650534,6088884.662957259,5.7749314541943875e-05
75341314470421222,Panemunės sen.,185.0,1992.0,2,ambiguous,district,4472,18418.0,C2C75268-C857-4FDB-A214-33DE34EA0095,184.96321903438206,Panemunės sen.,499892.2164496959,6080149.781473162,0.00019883579689405906
75609610191861104,Žaliakalnio sen.,110.0,1951.0,1,ambiguous,district,4641,64346.0,2d2bdd98-d983-4f98-a0d3-464f29da93e7,110.00819170562099,Žaliakalnio sen.,496142.9881000002,6086672.0035000015,7.446727834281575e-05
81238189335868655,Panemunės sen.,139.0,2022.0,1,ambiguous,district,5137,36742.0,DFEA7DED-4C8C-4384-A507-F5DF938BFF54,139.01215000325664,Panemunės sen.,499726.32187369117,6081270.891098014,8.740627533221357e-05
74333678338271314,Kauno m.,61.0,1980.0,1,ambiguous,citywide,34912,33464.0,FE05B47A-57AB-4A9A-B385-3574C4CABA1E,61.000800010134284,Panemunės sen.,501418.4887999999,6078938.8431,1.3114834234606576e-05
74117823574217992,Šilainių sen.,151.0,2008.0,1,ambiguous,district,6776,19221.0,746410F3-4958-4DF9-8A70-3471B3C57214,151.0091810112469,Šilainių sen.,495034.3860851877,6091296.4207930565,6.0799550656298607e-05
75340783840435979,Gričiupio sen.,295.0,1992.0,3,ambiguous,district,647,32963.0,0A8A848A-4F95-4857-AA44-D33A6289D698,296.1367495146532,Gričiupio sen.,497242.1754135951,6084881.922709342,0.0038459829025345726
65062147364765024,Šilainių sen.,63.0,2016.0,2,ambiguous,district,6124,66119.0,f09ffdff-214b-4829-8cd2-c151a289cb32,63.00000373683122,Šilainių sen.,493820.5972292782,6089326.045856123,5.931477975451571e-08
75156392692550492,Panemunės sen.,158.0,1991.0,2,ambiguous,district,4892,53582.0,771afe1a-b32f-4420-95eb-565af1fe2962,158.0361762393049,Panemunės sen.,498800.08245830104,6080866.400029794,0.00022893733175344266
74281191348604558,Kauno m.,13.0,1947.0,1,ambiguous,citywide,9555,35456.0,3BA4D5F7-5D94-4C59-A9F0-989F391DA4E6,13.001844835072216,Šančių sen.,496448.3977335273,6083813.975750751,0.0001419003218434689
74156208346718197,Žaliakalnio sen.,20.0,1966.0,1,ambiguous,district,1440,30071.0,FBE64B7B-27CE-4B63-A93A-80A9B6008994,19.987885194135544,Žaliakalnio sen.,493599.4971499994,6085104.612950002,0.0006059238279942925
75604651837854947,Kauno m.,36.0,1960.0,1,ambiguous,citywide,23510,66201.0,2e2adc05-3da4-462e-a037-ff96eb198e87,36.00059857991784,Eigulių sen.,496593.7489499999,6091057.821900001,1.6627081709241764e-05
7560510214396049,Petrašiūnų sen.,108.0,1960.0,1,ambiguous,district,3418,25063.0,5A9642C6-5EA6-4A71-A903-4BC67FB88AA5,107.95946398675976,Petrašiūnų sen.,503313.88593673764,6086268.224366005,0.0003754039111596441
75646628643412539,Aleksoto sen.,61.0,1939.0,1,ambiguous,district,6647,43842.0,EF287E08-9868-402F-8427-2ED4824D0D09,60.97925000333507,Aleksoto sen.,494474.3282806249,6080184.326560164,0.0003402217486092596
74251769962747433,Šilainių sen.,99.0,1993.0,2,ambiguous,district,7405,66091.0,f6bb0383-52c4-48ce-ab20-cae6bedd6eca,98.9998127353458,Šilainių sen.,490098.71637489233,6089105.62914394,1.891563952582942e-06
75032001151379132,Aleksoto sen.,40.0,1935.0,1,ambiguous,district,4604,45513.0,65BFD097-43B2-49AE-AA64-791EB4550C16,39.98701208249048,Aleksoto sen.,493093.00689999975,6080681.247,0.00032475066352688486
7564368219185022,Kauno m.,351.0,1939.0,1,ambiguous,citywide,13707,42198.0,256DECAC-D8B4-4F6F-AD07-8D89D7C056DC,350.9969721549644,Aleksoto sen.,491079.2828794534,6081330.5944883535,8.626376339471165e-06
74480161050549942,Kauno m.,63.0,1971.0,1,ambiguous,citywide,35632,66119.0,f09ffdff-214b-4829-8cd2-c151a289cb32,63.00000373683122,Šilainių sen.,493820.5972292782,6089326.045856123,5.931477975451571e-08
75644888262455329,Gričiupio sen.,147.0,1939.0,1,ambiguous,district,990,6711.0,24A46D57-6B82-40B3-8580-48135CA77B27,147.0041499714883,Gričiupio sen.,497085.64744706976,6085777.111133265,2.8230700070075443e-05
756350590696932,Kauno m.,103.0,1976.0,1,ambiguous,citywide,40947,20894.0,00D0D8EE-E7BE-4AF2-89F0-145931DB2C91,103.00047223231456,Šilainių sen.,492500.43622138136,6090145.098664163,4.5847692424771935e-06
75235322387185471,Šilainių sen.,94.0,1947.0,1,ambiguous,district,7352,63466.0,70242bfb-c473-44f1-a519-df0e3acb9387,93.9844413339041,Šilainių sen.,492480.0179667722,6089872.747498935,0.00016553142399455822
74927998828520831,Kauno m.,43.0,1940.0,1,ambiguous,citywide,27002,35176.0,D2DFDF38-46A4-464C-9014-D1132BA28EBA,43.00166006778807,Petrašiūnų sen.,501204.9332000003,6084448.050349999,3.860548242862194e-05
75005919470731611,Kauno m.,10.0,1972.0,1,ambiguous,citywide,6494,3192.0,1E9685FE-87AF-4400-866F-38F9F4075B25,12.001999996529893,Šilainių sen.,492618.23000000004,6090486.250000001,0.182488209284148
75631815507357134,Centro sen.,701.0,1952.0,4,ambiguous,district,510,10706.0,42FF6223-4A8E-4F3B-B9C2-98494EB14A77,700.7770999763391,Centro sen.,495080.5901289986,6084629.42768955,0.00031802492071442146
75412141082239717,Dainavos sen.,562.0,1975.0,9,ambiguous,district,595,32191.0,D15AB037-FFB4-4B1F-8192-FC6B2B202648,560.6359444636671,Dainavos sen.,496167.1609021551,6086200.960943596,0.0024300953738922715
74474870856502354,Kauno m.,15.0,1946.0,1,ambiguous,citywide,11269,32282.0,8B41C570-8FB4-453E-B4C6-A45E9968D4D0,15.000750000683592,Aleksoto sen.,491920.7975308333,6084434.660006409,4.999879561218279e-05
81249529877056206,Petrašiūnų sen.,135.0,2013.0,1,ambiguous,district,3147,64388.0,d98386c4-46f4-4485-b17a-d96663f69fa2,134.98034661300315,Petrašiūnų sen.,500811.23267021106,6085854.479509101,0.00014559124231183773
75627625576822718,Petrašiūnų sen.,141.0,1954.0,2,ambiguous,district,3067,35323.0,06CA7FE0-E618-47C2-BB39-7D22DE08A72C,140.98225000271665,Petrašiūnų sen.,503745.1898743606,6087264.711006225,0.0001258944299271647
64820014597362197,Kauno m.,849.0,2022.0,5,ambiguous,citywide,4381,44206.0,76CEA42F-EB66-420D-AB52-30CD779B54C0,848.8973382243207,Šančių sen.,496609.54871284444,6080975.442680682,0.00012092813092223764
74447972622404865,Kauno m.,17.0,1961.0,1,ambiguous,citywide,12896,7495.0,20E3F8ED-B037-4A40-9933-B4B5DFBA6909,17.000950002374314,Aleksoto sen.,495416.22617561574,6080355.553315051,5.588093123831683e-05
64808202076791346,Kauno m.,291.0,2025.0,1,ambiguous,citywide,18861,38132.0,F91D1B80-6DEB-4293-99AE-4D133AAA11F7,291.01052401154664,Panemunės sen.,501654.9481246334,6079666.046712073,3.616433419484366e-05
75704609576176793,Centro sen.,143.0,1931.0,2,ambiguous,district,1643,40455.0,25904CD2-A7BE-4B31-A056-AC03CD864E29,143.05727847754537,Centro sen.,493477.39633173426,6084935.612715291,0.0004004685957701426
75002636428534789,Kauno m.,24.0,1978.0,1,ambiguous,citywide,17670,12815.0,E8EABD14-F888-422C-ABA7-C5C8CCEC5C25,24.000599999125676,Šančių sen.,496818.5500000001,6081148.900000001,2.4999651075940932e-05
75457913847667202,Dainavos sen.,562.0,1976.0,9,ambiguous,district,595,32191.0,D15AB037-FFB4-4B1F-8192-FC6B2B202648,560.6359444636671,Dainavos sen.,496167.1609021551,6086200.960943596,0.0024300953738922715
75389693079930736,Aleksoto sen.,113.0,1985.0,2,ambiguous,district,8019,62042.0,5a16daa6-39fa-4747-877f-0e987c94d65e,113.01529039876492,Aleksoto sen.,494302.8191147503,6080299.178501188,0.00013530410939210924
92465681261652916,Aleksoto sen.,105.0,2007.0,2,ambiguous,district,8119,48937.0,5E196B64-5A29-4D0B-A4F2-34EDC79ABEDC,105.0190689147042,Aleksoto sen.,491895.6199202044,6084405.320799082,0.00018159222260294428
74484106042752268,Kauno m.,12.0,1968.0,1,ambiguous,citywide,8594,3192.0,1E9685FE-87AF-4400-866F-38F9F4075B25,12.001999996529893,Šilainių sen.,492618.23000000004,6090486.250000001,0.00016665249019354178
85912776208003638,Panemunės sen.,123.0,2011.0,1,ambiguous,district,5291,58038.0,bc6fdb24-4a29-4f1a-8595-6193ac892015,123.03591482062252,Panemunės sen.,498156.09268898185,6080420.602029181,0.0002919477906617729
64882948446000691,Šilainių sen.,119.0,2020.0,2,ambiguous,district,7310,52261.0,c00bd702-f0b4-4e56-9854-2d10ddd390fa,118.9964895107399,Šilainių sen.,494497.59525714925,6090718.556186978,2.9500344879807017e-05
7427433286823,Kauno m.,36.0,1978.0,1,ambiguous,citywide,23510,66201.0,2e2adc05-3da4-462e-a037-ff96eb198e87,36.00059857991784,Eigulių sen.,496593.7489499999,6091057.821900001,1.6627081709241764e-05
74260011933734757,Kauno m.,43.0,1985.0,1,ambiguous,citywide,27002,35176.0,D2DFDF38-46A4-464C-9014-D1132BA28EBA,43.00166006778807,Petrašiūnų sen.,501204.9332000003,6084448.050349999,3.860548242862194e-05
75658214658561401,Vilijampolės sen.,269.0,1935.0,2,ambiguous,district,1754,8292.0,937F70B4-A031-414C-B543-1AD5D2FC60BD,269.2739500222962,Vilijampolės sen.,488918.9740320119,6085847.320472923,0.0010178833508023288
75634790178811584,Vilijampolės sen.,97.0,2005.0,1,ambiguous,district,4516,19634.0,D9C07C92-31BC-41C9-AB52-584DEFC4B693,96.99560308865792,Vilijampolės sen.,488640.6742500002,6086964.673699999,4.533001029738415e-05
7546483662879315,Kauno m.,432.0,1978.0,1,ambiguous,citywide,9330,29258.0,30BDE8C1-562F-4D29-958F-AFF78C6851A4,431.98528672986436,Žaliakalnio sen.,496288.160342766,6085405.060650573,3.405907568865274e-05
74453548148936191,Kauno m.,30.0,1985.0,1,ambiguous,citywide,20562,52501.0,4120f24f-00d4-43b3-953d-e33775681ef2,30.00104933864251,Aleksoto sen.,494062.8141000001,6080861.18965,3.4977343035702546e-05
74991456832065997,Kauno m.,16.0,1890.0,1,ambiguous,citywide,12108,36148.0,42D62C8E-7585-4040-B6DD-350FA71FAB0F,16.0,Šančių sen.,496992.37090000045,6082192.865499999,0.0
6515252236704791,Kauno m.,38.0,2011.0,2,ambiguous,citywide,24483,47285.0,e8a10eaa-5c92-49ae-9103-251bf906b46a,38.00377657364652,Vilijampolės sen.,493546.3028499998,6086931.695050001,9.937857879904755e-05
74989974682450319,Kauno m.,17.0,1980.0,1,ambiguous,citywide,12896,7495.0,20E3F8ED-B037-4A40-9933-B4B5DFBA6909,17.000950002374314,Aleksoto sen.,495416.22617561574,6080355.553315051,5.588093123831683e-05
74903788233048441,Kauno m.,5.0,1950.0,1,ambiguous,citywide,345,3192.0,1E9685FE-87AF-4400-866F-38F9F4075B25,12.001999996529893,Šilainių sen.,492618.23000000004,6090486.250000001,0.8756353898440936
7533522915283862,Petrašiūnų sen.,217.0,1995.0,1,ambiguous,district,2080,34181.0,674797B9-88C5-454F-8C0E-CAC38AE8B9DD,217.1089000042075,Petrašiūnų sen.,499893.77920000016,6084861.740000001,0.0005017174561077198
7426136287294989,Kauno m.,21.0,1978.0,1,ambiguous,citywide,15889,28359.0,7954F990-38CB-4317-9E88-38DC85F535ED,21.000499999102203,Vilijampolės sen.,492868.10720000026,6086517.1454,2.3809197616131428e-05
75497454138043388,Vilijampolės sen.,472.0,1972.0,9,ambiguous,district,710,9947.0,620301A5-5C78-4800-B3E5-F29CF02FE6DC,471.39629998469616,Vilijampolės sen.,493459.04000000004,6087441.234999999,0.0012798441073353928
65083909767246984,Aleksoto sen.,98.0,2014.0,2,ambiguous,district,8169,46635.0,884D9BC9-5734-4C93-9659-CB4F77250AB6,97.9866499953581,Aleksoto sen.,494464.0088896138,6080445.079939556,0.0001362338165673549
75636593330332028,Kauno m.,218.0,1967.0,1,ambiguous,citywide,27421,44888.0,B268A1E3-7347-4AC4-BD98-EE0A4AAAAC83,218.0028938980855,Šančių sen.,495830.79086196265,6080680.2493336825,1.327467375134006e-05
64941294965986579,Žaliakalnio sen.,29.0,2016.0,0,ambiguous,district,1931,33093.0,1B30F2FC-C338-441C-BF24-F6EBC5254EB2,28.99143466581652,Žaliakalnio sen.,496152.4277999995,6085483.30405,0.0002953999774319982
75549991861245364,Šančių sen.,115.0,1967.0,1,ambiguous,district,3410,4564.0,D3DB79D8-1F8C-44D2-90A6-A29341EBA89F,115.0124999989476,Šančių sen.,495728.5800000001,6082581.315,0.00010868973607891519
6484847754070204,Kauno m.,145.0,2020.0,2,ambiguous,citywide,37617,10502.0,06A309CA-EE71-4FC3-8B2F-9D0FC001728B,144.99899999988173,Gričiupio sen.,497108.41734143486,6085000.2549032895,6.8965763206918496e-06
75693927739349201,Aleksoto sen.,51.0,1920.0,1,ambiguous,district,5811,64275.0,657973f9-4a1d-4c5d-bae4-4b77d02c5526,50.98881004950103,Aleksoto sen.,490054.98670231964,6079844.119767098,0.00021943486816722313
74946906134718258,Šilainių sen.,44.0,2015.0,1,ambiguous,district,4599,60527.0,db38a606-53d1-47e6-b5d4-e64aaa21ee43,44.00053074682302,Šilainių sen.,489971.9751714654,6088039.162789768,1.2062355045472373e-05
64868834792030206,Kauno m.,47.0,2020.0,2,ambiguous,citywide,29142,40336.0,7A6DFCB9-57DF-47DA-B5FA-DEE6E0F70BDF,47.000699998120034,Šilainių sen.,492681.16717936174,6089832.058629894,1.4893466113719e-05
65312941900272495,Kauno m.,10.0,2004.0,1,ambiguous,citywide,6494,3192.0,1E9685FE-87AF-4400-866F-38F9F4075B25,12.001999996529893,Šilainių sen.,492618.23000000004,6090486.250000001,0.182488209284148
75446898057086098,Kauno m.,233.0,1978.0,1,ambiguous,citywide,25317,40712.0,18F44FFF-52BC-4C7F-ACB1-21052615F386,232.99560522961414,Panemunės sen.,497900.0439587213,6081261.336146521,1.8861853359197767e-05
74888391851505698,Kauno m.,40.0,1962.0,1,ambiguous,citywide,25535,512.0,2119E511-AA18-4FFF-AE06-1B9C823F8464,39.99623781162094,Vilijampolės sen.,494215.36519710184,6088381.179617149,9.405913289795009e-05
75533556518257161,Gričiupio sen.,143.0,1969.0,1,ambiguous,district,1003,57644.0,6784a67f-7d2b-4be7-b943-046c5dbb888c,142.88447703875164,Gričiupio sen.,496739.2861991842,6085583.131835045,0.0008081793648457847
64779233056242516,Kauno m.,29.0,2022.0,1,ambiguous,citywide,20122,61155.0,bae057a1-5e7d-4f8f-b6b2-7c2cf51afab8,28.999892065010798,Šilainių sen.,494649.80932389677,6090974.922940333,3.721903105713409e-06
75514914567484479,Žaliakalnio sen.,188.0,1970.0,2,ambiguous,district,3599,31296.0,C5D58AB4-9BDB-494D-9460-C0D333AE398A,187.96485000530126,Žaliakalnio sen.,493838.9528877827,6085477.755201963,0.00018698553761442582
74279301885211729,Kauno m.,20.0,1975.0,1,ambiguous,citywide,15162,42659.0,62E3BCEC-CF1A-411E-BD41-7C2CD1C41A70,20.000999999978582,Aleksoto sen.,493055.17640744965,6080852.427823423,4.9998748970825346e-05
65121947028013216,Eigulių sen.,402.0,2020.0,1,ambiguous,district,699,2396.0,8977F0F9-92FF-4BB7-9C7C-68D5D081C55E,402.28014999412596,Eigulių sen.,497972.76591211814,6087874.108518093,0.000696647817202134
7500520381773039,Kauno m.,8.0,1991.0,1,ambiguous,citywide,3969,3192.0,1E9685FE-87AF-4400-866F-38F9F4075B25,12.001999996529893,Šilainių sen.,492618.23000000004,6090486.250000001,0.40563176059835815
75651018470625733,Petrašiūnų sen.,111.0,1938.0,1,ambiguous,district,3382,34546.0,761751E1-CD1A-4743-A9D6-4B1C635AF904,111.02265900124989,Petrašiūnų sen.,499402.3420938424,6084401.36498924,0.00020411431365197075
65256912734155084,Šilainių sen.,346.0,2008.0,2,ambiguous,district,2719,20450.0,ADF7D9FD-053D-46B2-B659-2226B299E6EC,346.4395504513285,Šilainių sen.,493584.506050599,6090061.68038745,0.0012695707808170198
75246313780707896,Vilijampolės sen.,73.0,1926.0,1,ambiguous,district,4474,38702.0,E183BB4A-27D7-4A96-93D7-B3EB551D951D,73.0109499997573,Vilijampolės sen.,492887.0314102819,6086638.086888145,0.000149988747800478
75680124757889683,Eigulių sen.,124.0,1929.0,1,ambiguous,district,763,5653.0,C40375D4-9361-43AA-A464-E8247B0F338F,123.97985000983215,Eigulių sen.,497168.2341321997,6087650.918024437,0.00016251312525117356
75664568940247562,Žaliakalnio sen.,126.0,1933.0,2,ambiguous,district,4538,3187.0,B298D7C9-0B2A-472C-9ACC-2D4373C04F21,125.94545000528376,Žaliakalnio sen.,495442.71928379824,6086012.008177564,0.0004330302100514771
75662381165638254,Kauno m.,325.0,1988.0,0,ambiguous,citywide,15780,1548.0,9B3487C6-FA19-43C6-ADF9-95791CC4069C,324.99225002824886,Vilijampolės sen.,491502.7924808238,6085834.91614965,2.3846351248302255e-05
75557705477436107,Aleksoto sen.,91.0,1967.0,2,ambiguous,district,8116,62725.0,9806e061-abce-456e-9720-20e1f3754cb0,91.0041477688837,Aleksoto sen.,493430.8417809502,6083816.005764676,4.557883911182614e-05
7566714974431879,Centro sen.,293.0,1932.0,3,ambiguous,district,1342,63067.0,62f922b9-9a8c-4ca1-b9cd-988a16f95356,292.96765734744423,Centro sen.,494912.93442458124,6084163.090396278,0.00011039057252837381
74557479345644606,Aleksoto sen.,28.0,1986.0,1,ambiguous,district,3250,34377.0,CB1BC573-09C3-4346-9C90-C756811970C9,27.97089824185801,Aleksoto sen.,492211.0320999999,6083868.1246,0.0010398890022709217
74476625631418672,Kauno m.,8.0,1980.0,1,ambiguous,citywide,3969,3192.0,1E9685FE-87AF-4400-866F-38F9F4075B25,12.001999996529893,Šilainių sen.,492618.23000000004,6090486.250000001,0.40563176059835815
74457071169911876,Kauno m.,39.0,1960.0,1,ambiguous,citywide,25058,54907.0,2986dd97-534c-46d5-8e66-387de25a99ae,39.00176693465833,Vilijampolės sen.,491702.9259369278,6086410.390419007,4.5304990593741934e-05
7449318547086016,Kauno m.,25.0,1958.0,1,ambiguous,citywide,18210,29207.0,0A56472F-66B2-41A7-B47B-01701314B5D5,25.00039999837093,Gričiupio sen.,497989.3960000001,6085158.809300002,1.5999806839861463e-05
75645588955755058,Aleksoto sen.,118.0,1939.0,1,ambiguous,district,7964,31806.0,2F06A091-8A3E-4E6D-8F01-35BDB0E0EBE9,117.98352175946067,Aleksoto sen.,491891.5844927761,6084434.777270552,0.00013965585769160072
74887316773013274,Kauno m.,24.0,1973.0,1,ambiguous,citywide,17670,12815.0,E8EABD14-F888-422C-ABA7-C5C8CCEC5C25,24.000599999125676,Šančių sen.,496818.5500000001,6081148.900000001,2.4999651075940932e-05
65295251457631112,Kauno m.,110.0,1985.0,1,ambiguous,citywide,40662,21269.0,1DDDD137-57E5-4FEC-8D84-596B6D837A2A,109.9988000088267,Vilijampolės sen.,488338.6846619911,6087603.479800471,1.0909070170761481e-05
74535444872027207,Panemunės sen.,146.0,1990.0,2,ambiguous,district,5072,40861.0,12BB1741-30FB-45F3-94C3-617D93A87372,145.99224999109376,Panemunės sen.,496848.3387249807,6078572.473439683,5.308366169476386e-05
74118857604661165,Kauno m.,25.0,2003.0,1,ambiguous,citywide,18210,29207.0,0A56472F-66B2-41A7-B47B-01701314B5D5,25.00039999837093,Gričiupio sen.,497989.3960000001,6085158.809300002,1.5999806839861463e-05
75608823317993554,Žaliakalnio sen.,105.0,1993.0,2,ambiguous,district,4687,204.0,E3090CE4-0D07-4627-88DE-6D40129F21BE,105.00825000202005,Žaliakalnio sen.,495025.85454079555,6086127.711722616,7.856836123565358e-05
74411958895066674,Kauno m.,21.0,1975.0,1,ambiguous,citywide,15889,28359.0,7954F990-38CB-4317-9E88-38DC85F535ED,21.000499999102203,Vilijampolės sen.,492868.10720000026,6086517.1454,2.3809197616131428e-05
742780136467448,Kauno m.,3.0,1980.0,1,no_match,citywide,0,,,,,,,
75660130060048389,Aleksoto sen.,34.0,1935.0,1,ambiguous,district,3855,40155.0,A6841622-92EE-4452-9BF8-D7638E097412,33.98790000497401,Aleksoto sen.,491832.62931084307,6082009.436363066,0.00035594554774798226
7571281509027869,Centro sen.,307.0,1870.0,1,ambiguous,district,1288,32592.0,F9B23673-842A-462A-B314-69006389B3B2,307.11859132473546,Centro sen.,493448.81076956115,6084714.256771867,0.00038621636890656674
74827579538144395,Kauno m.,13.0,1971.0,1,ambiguous,citywide,9555,35456.0,3BA4D5F7-5D94-4C59-A9F0-989F391DA4E6,13.001844835072216,Šančių sen.,496448.3977335273,6083813.975750751,0.0001419003218434689
74486507675857183,Kauno m.,21.0,1992.0,1,ambiguous,citywide,15889,28359.0,7954F990-38CB-4317-9E88-38DC85F535ED,21.000499999102203,Vilijampolės sen.,492868.10720000026,6086517.1454,2.3809197616131428e-05
74996348941668081,Kauno m.,9.0,1986.0,0,ambiguous,citywide,5299,3192.0,1E9685FE-87AF-4400-866F-38F9F4075B25,12.001999996529893,Šilainių sen.,492618.23000000004,6090486.250000001,0.28784872494197433
7431794096489569,Kauno m.,20.0,1964.0,1,ambiguous,citywide,15162,42659.0,62E3BCEC-CF1A-411E-BD41-7C2CD1C41A70,20.000999999978582,Aleksoto sen.,493055.17640744965,6080852.427823423,4.9998748970825346e-05
75580573005514518,Kauno m.,32.0,1974.0,1,ambiguous,citywide,21525,28850.0,F9939F46-5896-456D-8FF8-83FA4EBC29E8,31.996313406877867,Žaliakalnio sen.,496262.0398589024,6087029.177061065,0.00011521267179182004
64960781175049942,Aleksoto sen.,152.0,2020.0,2,ambiguous,district,7275,4550.0,3C6BDA80-9D9D-4D59-B69A-F464A7FB4CD8,152.0013499902958,Aleksoto sen.,493353.7379035756,6081478.967449436,8.881475663358174e-06
75685284677612485,Vilijampolės sen.,80.0,1929.0,1,ambiguous,district,4554,31218.0,FCE8196B-32E7-45FB-9909-15BEF78F70C6,80.01219999924973,Vilijampolės sen.,490921.09804138984,6086301.025686084,0.00015248836368009222
64894347218026477,Panemunės sen.,193.0,2023.0,1,ambiguous,district,4333,31867.0,E9D7F878-A5BC-4961-8C13-69F270E8016F,193.03199999300017,Panemunės sen.,501014.5639,6079253.579299999,0.00016578932872945984
64901000294755706,Aleksoto sen.,106.0,2020.0,2,ambiguous,district,8104,42615.0,67AB060E-3899-494F-9134-63FE49357357,105.99840000594352,Aleksoto sen.,491073.17500000016,6080039.324999999,1.5094397471493437e-05
74904926123755114,Kauno m.,26.0,1936.0,0,ambiguous,citywide,18729,30248.0,0E85D2CF-C288-45B7-B007-683BF429F192,25.999763854411132,Vilijampolės sen.,492539.84290740883,6085427.240912551,9.0825638952019e-06
74101674178076199,Šilainių sen.,135.0,2003.0,0,ambiguous,district,7080,66100.0,5eba8a3c-1e4a-4d10-b1c2-4038e82100c9,134.99963190693825,Šilainių sen.,490099.49904999975,6089149.7623499995,2.72661898925719e-06
75426056575339295,Gričiupio sen.,400.0,1980.0,9,ambiguous,district,500,53543.0,b0d8e557-6a9b-48dd-b7bf-0ae6b5db880e,399.6874932895168,Gričiupio sen.,497774.75049873244,6084583.515817359,0.0007815721241444251
75095031701695916,Petrašiūnų sen.,145.0,2006.0,3,ambiguous,district,3017,39045.0,E58BE2AC-2526-4D37-AB99-E0AF5A8775E0,144.9730538030947,Petrašiūnų sen.,499768.2831999999,6082718.793849999,0.00018585311034513552
74930800260523248,Kauno m.,18.0,1993.0,1,ambiguous,citywide,13645,12810.0,E5470CB3-C0D5-46A3-9ABF-28319CADAD23,18.000599997430665,Panemunės sen.,499372.8338694433,6080718.06656832,3.333263505433948e-05
75388067368424183,Aleksoto sen.,718.0,1986.0,5,ambiguous,district,369,5532.0,059BD528-BCEC-4DF8-B10E-943D328A6F0B,719.1726500083612,Aleksoto sen.,495162.9732797133,6082480.438367252,0.0016318850328662649
65139013031546025,Petrašiūnų sen.,115.0,2011.0,1,ambiguous,district,3341,29339.0,F0077262-AD8F-44D6-9590-2847AF38F495,115.02158626472705,Petrašiūnų sen.,500886.0730303034,6085148.103952984,0.0001876890351111271
65183529531694609,Aleksoto sen.,415.0,2013.0,2,ambiguous,district,1202,46756.0,078559B1-DCA0-4F5E-AE8C-509767C249BE,415.1344378663988,Aleksoto sen.,490488.7538516708,6080073.324764036,0.00032389420662948254
65098307732769436,Aleksoto sen.,134.0,2024.0,2,ambiguous,district,7690,13465.0,4D788603-2E01-4FB0-BA4C-DA8A593DAC0E,134.00480000070743,Aleksoto sen.,493223.4084,6080682.7781,3.582025924853127e-05
65112011290374347,Šančių sen.,109.0,2015.0,2,ambiguous,district,3477,31985.0,53A9FD69-9C06-4C30-8B5D-06AD6B5C4E09,109.00090000046734,Šančių sen.,497169.63571502885,6084428.9794694595,8.256850933641147e-06
75364279664716607,Šilainių sen.,746.0,1989.0,9,ambiguous,district,526,63936.0,A2D69F06-590F-4891-9864-301BA9DA3FC0,744.7225298758029,Šilainių sen.,491929.72821168404,6088927.527287554,0.00171389431809299
74776118338446246,Kauno m.,30.0,1991.0,1,ambiguous,citywide,20562,52501.0,4120f24f-00d4-43b3-953d-e33775681ef2,30.00104933864251,Aleksoto sen.,494062.8141000001,6080861.18965,3.4977343035702546e-05
75706997107259921,Žaliakalnio sen.,107.0,1895.0,1,ambiguous,district,4677,26030.0,31B9FF60-E3E0-443A-B084-ACF41E19A8C2,107.04839999775254,Žaliakalnio sen.,496554.93610000005,6085383.710600001,0.00045223415431205893
8153823192490682,Kauno m.,43.0,1977.0,1,ambiguous,citywide,27002,35176.0,D2DFDF38-46A4-464C-9014-D1132BA28EBA,43.00166006778807,Petrašiūnų sen.,501204.9332000003,6084448.050349999,3.860548242862194e-05
74538505065074187,Kauno m.,34.0,1990.0,1,ambiguous,citywide,22473,31579.0,D64FC78D-52FC-4245-8DC4-EF5E74E3A922,34.00179999922104,Vilijampolės sen.,494278.27175430197,6087973.267618117,5.293975222642189e-05
64940137533173806,Šilainių sen.,39.0,2016.0,2,ambiguous,district,4113,51805.0,0e07e72c-0954-410e-80f7-c690b3972bb4,39.005308159070616,Šilainių sen.,489999.13846764463,6088067.284444496,0.00013609738116748815
75639640323704765,Aleksoto sen.,162.0,1941.0,1,ambiguous,district,6937,65807.0,be3cf9e8-2c1b-4b0e-8a55-b124b155f0a4,162.00038026982253,Aleksoto sen.,492208.53153099364,6083899.958416305,2.347341829356253e-06
75163618346372557,Šilainių sen.,857.0,1987.0,2,ambiguous,district,481,6022.0,7D478CFE-93DB-4FBF-A108-AC10255E435A,856.4521000103136,Šilainių sen.,491399.8994352734,6086944.694895964,0.0006395276627308988
75674443667341676,Vilijampolės sen.,67.0,1930.0,1,ambiguous,district,4375,453.0,F71AE40B-EAAC-4D9E-A4B4-E3BE6872CD52,66.99209999951962,Vilijampolės sen.,488224.695,6085783.135000001,0.00011791740691524666
81815721375570263,Panemunės sen.,200.0,2008.0,2,ambiguous,district,4245,32962.0,0015E33F-E890-4FFE-9CA7-F35CF1F7436E,199.9714000004124,Panemunės sen.,502291.76750000025,6078660.317199999,0.00014301022341189906
74418785556502789,Kauno m.,24.0,1983.0,1,ambiguous,citywide,17670,12815.0,E8EABD14-F888-422C-ABA7-C5C8CCEC5C25,24.000599999125676,Šančių sen.,496818.5500000001,6081148.900000001,2.4999651075940932e-05
75463706767743124,Aleksoto sen.,108.0,1975.0,1,ambiguous,district,8092,36851.0,07161EE9-7197-42FA-8403-7E7F89DCB6B3,108.0115500009086,Aleksoto sen.,493392.0794549204,6083803.3921024455,0.00010693873470657422
75623776678488741,Aleksoto sen.,68.0,1956.0,1,ambiguous,district,7132,17116.0,304E4729-8FCE-4F3F-99F8-014D1C964942,68.0014000065498,Aleksoto sen.,491812.9825126349,6083846.898998286,2.058811967753371e-05
75392181300711042,Dainavos sen.,518.0,1985.0,9,ambiguous,district,583,17162.0,EA558565-6467-485D-8659-36B48B8394DD,517.225200000643,Dainavos sen.,498339.8764130038,6087778.870645874,0.0014968726495956375
74919994340771526,Aleksoto sen.,406.0,1990.0,1,ambiguous,district,1291,58425.0,61fce87b-a591-47fc-a477-8a3be427d287,405.3041975982989,Aleksoto sen.,492287.1982714077,6078965.649301843,0.001715269252536622
75556547352548312,Aleksoto sen.,87.0,1967.0,1,ambiguous,district,8046,41927.0,E5B2BDF3-1B17-4D91-B696-DF8DE7BCEDAC,87.00322013714442,Aleksoto sen.,491036.92281685385,6081236.286939523,3.7012385658563574e-05
74164521092739424,Kauno m.,17.0,2000.0,1,ambiguous,citywide,12896,7495.0,20E3F8ED-B037-4A40-9933-B4B5DFBA6909,17.000950002374314,Aleksoto sen.,495416.22617561574,6080355.553315051,5.588093123831683e-05
75675272905218888,Centro sen.,562.0,1930.0,3,ambiguous,district,662,54962.0,76c43c8a-62da-448b-8f11-2a765dbb9d12,562.3995758147469,Centro sen.,492999.2208385596,6084397.829990995,0.0007107363612757212
74428590608801526,Kauno m.,7.0,1951.0,1,ambiguous,citywide,2461,3192.0,1E9685FE-87AF-4400-866F-38F9F4075B25,12.001999996529893,Šilainių sen.,492618.23000000004,6090486.250000001,0.5391631532228807
75614367421670825,Eigulių sen.,99.0,1958.0,1,ambiguous,district,781,8172.0,801543EE-7D33-4B1C-BFA1-9CACD66D3845,99.00499999496154,Eigulių sen.,498234.8249999999,6088169.610000001,5.0503724277284334e-05
7445881695756025,Kauno m.,14.0,1975.0,1,ambiguous,citywide,10423,38523.0,CFB723D0-EC6D-4CE0-93F1-DCBE2FE943A2,13.998468149964506,Gričiupio sen.,498218.1656500003,6085042.26175,0.00010942384624845758
74284874045959237,Kauno m.,12.0,1935.0,1,ambiguous,citywide,8594,3192.0,1E9685FE-87AF-4400-866F-38F9F4075B25,12.001999996529893,Šilainių sen.,492618.23000000004,6090486.250000001,0.00016665249019354178
74895350243605718,Kauno m.,30.0,1969.0,1,ambiguous,citywide,20562,52501.0,4120f24f-00d4-43b3-953d-e33775681ef2,30.00104933864251,Aleksoto sen.,494062.8141000001,6080861.18965,3.4977343035702546e-05
64717618866491133,Kauno m.,91.0,2024.0,1,ambiguous,citywide,40777,60670.0,515c4a10-9bd6-456c-bba3-38bf4a8d63c5,90.9991747341689,Šilainių sen.,487635.8761244525,6087628.670422229,9.068896408948035e-06
74459519411372257,Kauno m.,45.0,1969.0,1,ambiguous,citywide,28078,65544.0,0c6bfe43-eb3f-4abb-9bff-55ab2bd80d1a,45.00034363380952,Panemunės sen.,500968.06799999974,6079315.238349998,7.636277722156137e-06
74917210561604747,Kauno m.,9.36,1967.0,1,ambiguous,citywide,5758,3192.0,1E9685FE-87AF-4400-866F-38F9F4075B25,12.001999996529893,Šilainių sen.,492618.23000000004,6090486.250000001,0.2486280117886932
64796630679432018,Kauno m.,173.0,2021.0,1,ambiguous,citywide,33741,11097.0,EB0F1FE9-B0FF-45D6-AAAB-87C8EC4560BE,173.001000014456,Žaliakalnio sen.,495478.7049999995,6086001.669999999,5.7804136748274004e-06
64847031983677417,Kauno m.,145.0,2022.0,2,ambiguous,citywide,37617,10502.0,06A309CA-EE71-4FC3-8B2F-9D0FC001728B,144.99899999988173,Gričiupio sen.,497108.41734143486,6085000.2549032895,6.8965763206918496e-06
75633358920835961,Kauno m.,2467.0,1954.0,3,ambiguous,citywide,1110,66316.0,4e1289a8-6683-49d8-9584-95f395640493,2468.3466100204296,Petrašiūnų sen.,499659.52440000005,6086085.09475,0.0005457002963531465
74946274609122038,Kauno m.,17.0,1957.0,1,ambiguous,citywide,12896,7495.0,20E3F8ED-B037-4A40-9933-B4B5DFBA6909,17.000950002374314,Aleksoto sen.,495416.22617561574,6080355.553315051,5.588093123831683e-05
64854907855645585,Kauno m.,97.0,2022.0,2,ambiguous,citywide,40974,22318.0,190B476D-1169-4315-A509-21C7C3B36A18,96.99904998900165,Žaliakalnio sen.,495749.5857527416,6086973.00540092,9.793975778826791e-06
75600219834070823,Panemunės sen.,91.0,1961.0,2,ambiguous,district,5206,12683.0,588D0EAF-E7D3-4691-B664-6652F711153A,91.0354598020701,Panemunės sen.,498444.01305000024,6080581.11645,0.0003895922536978347
86994250601086481,Kauno m.,19.0,2004.0,0,ambiguous,citywide,14402,25601.0,06EC2A22-2355-40BE-BB99-EE0F7A2F6ECF,19.0,Petrašiūnų sen.,501135.92420000024,6084766.5735,0.0
75338877925278436,Šilainių sen.,125.0,1993.0,1,ambiguous,district,7222,47243.0,fcb73111-279a-4e3e-92b9-7beb9389eee4,124.97253538853955,Šilainių sen.,487191.79177020484,6088840.631441761,0.00021974103297672798
74982788621068761,Centro sen.,49.0,1939.0,1,ambiguous,district,853,34653.0,EBA71E6F-A491-4C8B-A136-DC11066889BB,49.00504426796847,Centro sen.,493536.0844991632,6084788.08989474,0.00010293894585977625
74779017313063662,Žaliakalnio sen.,93.0,1932.0,1,ambiguous,district,4697,16056.0,9AC69976-1ED1-437A-B480-D7072007AE11,92.99715000330787,Žaliakalnio sen.,495499.3324317198,6087414.2104831375,3.064559529342148e-05
86607733122333219,Eigulių sen.,185.0,2004.0,1,ambiguous,district,701,36264.0,E38A361F-39FF-4F85-9EAE-D97576C0C370,185.0516266401915,Eigulių sen.,496755.32235548017,6090975.594437841,0.0002790239891403701
65193628474769547,Aleksoto sen.,24.0,2009.0,1,ambiguous,district,2893,37962.0,CB535283-71EE-4C22-B93B-81C797D54818,24.00534999659434,Aleksoto sen.,492053.0148272707,6080005.008329015,0.0002228916825672833
65171479482116351,Aleksoto sen.,139.0,2010.0,1,ambiguous,district,7579,45311.0,76BFEC91-E5F4-4BBC-A08B-4733A244A78B,139.01295000714177,Aleksoto sen.,492481.27845969016,6080879.168148313,9.316117936819523e-05
75186253461038938,Panemunės sen.,116.0,1977.0,2,ambiguous,district,5329,28046.0,782CC2C3-BD13-478B-8584-DBA3CA08798D,116.01129850049315,Panemunės sen.,501389.01408700895,6078728.114218057,9.739612316383983e-05
74232865733429715,Kauno m.,19.0,1973.0,1,ambiguous,citywide,14402,25601.0,06EC2A22-2355-40BE-BB99-EE0F7A2F6ECF,19.0,Petrašiūnų sen.,501135.92420000024,6084766.5735,0.0
74890968743285172,Kauno m.,28.0,1942.0,1,ambiguous,citywide,19655,64435.0,b8b3c45b-50c8-439c-a780-10936b21dc7b,27.999818957143066,Eigulių sen.,496841.2465692256,6087032.037176935,6.465837222524584e-06
74930129336195708,Šilainių sen.,2294.0,1998.0,1,ambiguous,district,113,65325.0,806ef7fd-e9d3-44c3-8a3d-5d006fc82972,2285.325075869602,Šilainių sen.,491192.66516522213,6088678.984466024,0.003788739328927093
64844918936146273,Kauno m.,88.0,2020.0,1,ambiguous,citywide,40553,7029.0,610A1701-E456-4DF8-9019-FA34E23E237C,88.00154999243355,Eigulių sen.,495153.2062933665,6088582.558235872,1.761339526407113e-05
64803894210010163,Kauno m.,100.0,2023.0,2,ambiguous,citywide,40969,56799.0,2074b3b2-3879-481d-bd77-5b5143c3196a,99.9960539979593,Panemunės sen.,497258.06259133614,6080593.838153072,3.9460798974211286e-05
74264917663333666,Kauno m.,28.0,1990.0,1,ambiguous,citywide,19655,64435.0,b8b3c45b-50c8-439c-a780-10936b21dc7b,27.999818957143066,Eigulių sen.,496841.2465692256,6087032.037176935,6.465837222524584e-06
74422883857852007,Kauno m.,13.0,1972.0,1,ambiguous,citywide,9555,35456.0,3BA4D5F7-5D94-4C59-A9F0-989F391DA4E6,13.001844835072216,Šančių sen.,496448.3977335273,6083813.975750751,0.0001419003218434689
74465767451494302,Kauno m.,20.0,1978.0,1,ambiguous,citywide,15162,42659.0,62E3BCEC-CF1A-411E-BD41-7C2CD1C41A70,20.000999999978582,Aleksoto sen.,493055.17640744965,6080852.427823423,4.9998748970825346e-05
75606514408266268,Vilijampolės sen.,122.0,1960.0,2,ambiguous,district,4285,6817.0,9237D879-BF40-4B47-8222-AA29B9C7E034,121.99209999428093,Vilijampolės sen.,488886.77394966333,6086063.37598952,6.475624187896045e-05
75625000512224552,Šilainių sen.,130.0,1956.0,1,ambiguous,district,7175,625.0,C421F254-CDF0-4E6C-8F65-DF1F3574B8E9,129.99795000112542,Šilainių sen.,491983.4979107012,6088490.93851736,1.5769346447314092e-05
74994858509179307,Kauno m.,9.0,1935.0,1,ambiguous,citywide,5299,3192.0,1E9685FE-87AF-4400-866F-38F9F4075B25,12.001999996529893,Šilainių sen.,492618.23000000004,6090486.250000001,0.28784872494197433
65257689403342437,Kauno m.,147.0,2006.0,1,ambiguous,citywide,37363,6711.0,24A46D57-6B82-40B3-8580-48135CA77B27,147.0041499714883,Gričiupio sen.,497085.64744706976,6085777.111133265,2.8230700070075443e-05
7412862892356431,Kauno m.,674.0,1917.0,1,ambiguous,citywide,5275,13946.0,012C3D42-C94C-4AF3-BBC5-09E49D9973CE,674.165850032684,Eigulių sen.,497034.4348521823,6087755.012173718,0.0002460380279130092
74996535836654776,Kauno m.,20.13,1940.0,1,ambiguous,citywide,15255,22863.0,3AC7D3EE-96DA-4B40-B040-E19005746654,20.129736285404217,Petrašiūnų sen.,500939.2661329057,6084674.122395071,1.310066185844505e-05
84266082988626048,Šilainių sen.,345.0,2005.0,1,ambiguous,district,2739,41268.0,7E1F0D12-D7F5-4E5E-BE8D-47E1D2B5D213,345.16641820678035,Šilainių sen.,492814.99476064,6089978.969069838,0.0004822553100680693
74454092092936616,Kauno m.,20.0,1965.0,1,ambiguous,citywide,15162,42659.0,62E3BCEC-CF1A-411E-BD41-7C2CD1C41A70,20.000999999978582,Aleksoto sen.,493055.17640744965,6080852.427823423,4.9998748970825346e-05
74621681051480176,Petrašiūnų sen.,18.0,1972.0,1,ambiguous,district,2482,63338.0,30071ebd-e486-401a-befe-1a1854ed2923,18.007522358413148,Petrašiūnų sen.,500018.29205,6084299.108200001,0.0004178215011689801
75336435490312562,Šilainių sen.,109.0,1994.0,2,ambiguous,district,7426,64096.0,e924747f-7cb6-4933-a15a-7dc2c2e86eda,108.9995183724897,Šilainių sen.,488299.61125677143,6088537.493568262,4.418610773271325e-06
74784651093717444,Kauno m.,11.0,1928.0,1,ambiguous,citywide,7571,3192.0,1E9685FE-87AF-4400-866F-38F9F4075B25,12.001999996529893,Šilainių sen.,492618.23000000004,6090486.250000001,0.08717802947982323
75715037503020652,Centro sen.,156.0,1800.0,0,ambiguous,district,1643,61579.0,20b582c7-9d10-49b6-a8e7-4e0b0c21690d,155.98652565430643,Centro sen.,494391.7338254521,6084977.535722956,8.637774130626497e-05
74968223069105777,Kauno m.,35.0,1964.0,1,ambiguous,citywide,23010,43237.0,03C2C4FA-968F-486F-AF14-6AFEC83AE024,35.00125000765081,Žaliakalnio sen.,494072.2256530612,6085760.255303067,3.57138665614265e-05
75646623508572361,Vilijampolės sen.,114.0,1939.0,1,ambiguous,district,4382,470.0,C4354394-230A-4537-BEFF-EC418046ADB7,113.98055000655987,Vilijampolės sen.,494012.495974335,6088156.30108576,0.00017062853376526022
74572361335177167,Eigulių sen.,181.79,1968.0,1,ambiguous,district,706,295.0,0F0EB47B-9BF1-44C2-9910-E1D8B3968363,181.54069999301637,Eigulių sen.,497447.00532696914,6087748.839785653,0.0013723037778650138
74443092151272552,Kauno m.,13.0,1949.0,1,ambiguous,citywide,9555,35456.0,3BA4D5F7-5D94-4C59-A9F0-989F391DA4E6,13.001844835072216,Šančių sen.,496448.3977335273,6083813.975750751,0.0001419003218434689
75669621047147959,Šančių sen.,101.0,1932.0,1,ambiguous,district,3531,45819.0,2565E079-66EC-4019-990F-99529B51B9D4,101.01234999643042,Šančių sen.,495708.70613109216,6081391.42709267,0.00012226971713324986
87455711733906802,Petrašiūnų sen.,135.0,2020.0,1,ambiguous,district,3147,64388.0,d98386c4-46f4-4485-b17a-d96663f69fa2,134.98034661300315,Petrašiūnų sen.,500811.23267021106,6085854.479509101,0.00014559124231183773
74281686115756709,Kauno m.,6.0,1972.0,1,ambiguous,citywide,1255,3192.0,1E9685FE-87AF-4400-866F-38F9F4075B25,12.001999996529893,Šilainių sen.,492618.23000000004,6090486.250000001,0.6933138330501389
64741571639484644,Kauno m.,154.0,2025.0,2,ambiguous,citywide,36548,42175.0,F09D6542-A826-49DD-B84B-F68344C16C5A,154.0032180777126,Žaliakalnio sen.,494628.22032429266,6087542.660016776,2.0896390191538217e-05
75677702066675484,Šančių sen.,368.0,1975.0,2,ambiguous,district,785,48599.0,0723A4BF-C4BF-4E25-BF3F-20C9B6F7E2FF,366.7416140985232,Šančių sen.,495711.63884071884,6081780.564550091,0.0034253868509575014
65107579464518603,Aleksoto sen.,34.0,2007.0,1,ambiguous,district,3855,40155.0,A6841622-92EE-4452-9BF8-D7638E097412,33.98790000497401,Aleksoto sen.,491832.62931084307,6082009.436363066,0.00035594554774798226
75661165328176863,Panemunės sen.,132.0,1935.0,1,ambiguous,district,5230,27733.0,0164FEEF-E009-46DC-A9FF-CF5D48F71909,131.99759998895934,Panemunės sen.,501853.1883999999,6078948.099800001,1.8182067115901646e-05
74438272025703564,Kauno m.,17.0,1970.0,1,ambiguous,citywide,12896,7495.0,20E3F8ED-B037-4A40-9933-B4B5DFBA6909,17.000950002374314,Aleksoto sen.,495416.22617561574,6080355.553315051,5.588093123831683e-05
74990001343502602,Kauno m.,18.0,1975.0,1,ambiguous,citywide,13645,12810.0,E5470CB3-C0D5-46A3-9ABF-28319CADAD23,18.000599997430665,Panemunės sen.,499372.8338694433,6080718.06656832,3.333263505433948e-05
75702311646640416,Kauno m.,158.0,1903.0,1,ambiguous,citywide,36014,27758.0,2200F84F-97BA-4C91-B479-ACD3F10D6E8E,158.0005447796126,Šilainių sen.,494609.0287997932,6090795.368445978,3.44796628759525e-06
90816671756023024,Kauno m.,20.0,1973.0,1,ambiguous,citywide,15162,42659.0,62E3BCEC-CF1A-411E-BD41-7C2CD1C41A70,20.000999999978582,Aleksoto sen.,493055.17640744965,6080852.427823423,4.9998748970825346e-05
7493093401884246,Kauno m.,20.0,1950.0,1,ambiguous,citywide,15162,42659.0,62E3BCEC-CF1A-411E-BD41-7C2CD1C41A70,20.000999999978582,Aleksoto sen.,493055.17640744965,6080852.427823423,4.9998748970825346e-05
74324092160190147,Kauno m.,61.0,1996.0,1,ambiguous,citywide,34912,33464.0,FE05B47A-57AB-4A9A-B385-3574C4CABA1E,61.000800010134284,Panemunės sen.,501418.4887999999,6078938.8431,1.3114834234606576e-05
75589978847884279,Aleksoto sen.,74.0,1963.0,2,ambiguous,district,7516,7734.0,18E6C940-AC9F-4733-B2D5-2B13A71616D6,74.01165963516148,Aleksoto sen.,495745.9865725168,6079572.594149977,0.00015755022562835563
75647984442709731,Kauno m.,84.0,1968.0,1,ambiguous,citywide,40191,21847.0,4B6E9AF2-DE68-4C5F-B2A5-514F3513B1A7,83.99804999840613,Panemunės sen.,500004.7546785543,6080871.009910013,2.3214574144780897e-05
75649389453788254,Aleksoto sen.,159.0,1955.0,2,ambiguous,district,7052,42848.0,FB30B58E-2C2D-469A-A809-D39D8FB18E81,159.0145935228765,Aleksoto sen.,491282.5728394888,6080934.281147025,9.177895092893351e-05
74436010158592372,Kauno m.,6.0,1938.0,1,ambiguous,citywide,1255,3192.0,1E9685FE-87AF-4400-866F-38F9F4075B25,12.001999996529893,Šilainių sen.,492618.23000000004,6090486.250000001,0.6933138330501389
74997445948055366,Kauno m.,27.0,1978.0,1,ambiguous,citywide,19219,8089.0,00F782A1-B0D3-4C33-BBDC-F90B7180B226,26.998350001438148,Panemunės sen.,496870.9255026141,6077850.352718684,6.111292520305511e-05
74578024075532878,Kauno m.,28.0,1970.0,1,ambiguous,citywide,19655,64435.0,b8b3c45b-50c8-439c-a780-10936b21dc7b,27.999818957143066,Eigulių sen.,496841.2465692256,6087032.037176935,6.465837222524584e-06
75626787028340303,Petrašiūnų sen.,630.0,1964.0,2,ambiguous,district,780,36371.0,E8EB6C6C-9E96-46A2-A1EB-01531EF9DC68,629.8513846932443,Petrašiūnų sen.,500721.36639999907,6087034.4914500015,0.00023592514045844837
74257526227631043,Kauno m.,18.0,1979.0,1,ambiguous,citywide,13645,12810.0,E5470CB3-C0D5-46A3-9ABF-28319CADAD23,18.000599997430665,Panemunės sen.,499372.8338694433,6080718.06656832,3.333263505433948e-05
74164268177860662,Kauno m.,15.0,2006.0,1,ambiguous,citywide,11269,32282.0,8B41C570-8FB4-453E-B4C6-A45E9968D4D0,15.000750000683592,Aleksoto sen.,491920.7975308333,6084434.660006409,4.999879561218279e-05
74424575142752566,Kauno m.,15.0,1964.0,1,ambiguous,citywide,11269,32282.0,8B41C570-8FB4-453E-B4C6-A45E9968D4D0,15.000750000683592,Aleksoto sen.,491920.7975308333,6084434.660006409,4.999879561218279e-05
75604740877918436,Petrašiūnų sen.,6.0,1971.0,1,ambiguous,district,292,63367.0,7b402a4a-7a69-41ae-872e-2c83d4068505,12.005064959110705,Petrašiūnų sen.,500558.57195000025,6084867.532099999,0.6935691714351622
74988053280530653,Kauno m.,72.0,1930.0,1,ambiguous,citywide,38109,42510.0,6F921728-74D7-424F-9B75-C7794E25B8F1,72.00204828508265,Aleksoto sen.,493009.88485,6080685.073799999,2.844799927714803e-05
64931110565025582,Vilijampolės sen.,38.0,2008.0,1,ambiguous,district,3072,47285.0,e8a10eaa-5c92-49ae-9103-251bf906b46a,38.00377657364652,Vilijampolės sen.,493546.3028499998,6086931.695050001,9.937857879904755e-05
74463232816376193,Kauno m.,72.0,1943.0,1,ambiguous,citywide,38109,42510.0,6F921728-74D7-424F-9B75-C7794E25B8F1,72.00204828508265,Aleksoto sen.,493009.88485,6080685.073799999,2.844799927714803e-05
64818552355366973,Kauno m.,46.0,2022.0,2,ambiguous,citywide,28608,21498.0,670D33CE-01EF-4EA9-B08C-9EF33B7C05F2,46.00600000535231,Šilainių sen.,486785.7866999997,6088022.945,0.00013042639307148107
75680292868303342,Vilijampolės sen.,108.0,1929.0,1,ambiguous,district,4435,21611.0,F3559408-266D-4557-96AC-B2EABF2C989C,107.96891075356955,Vilijampolės sen.,493422.62735607335,6087258.080079626,0.00028790483349450113
75635753137263007,Šančių sen.,107.0,1949.0,1,ambiguous,district,3493,56645.0,ab194f39-2ca3-4280-9ea8-c69e1d6325fa,106.97226163130313,Šančių sen.,495825.5275604195,6081069.523426551,0.0002592706983675086
74525704019331493,Kauno m.,83.0,2005.0,1,ambiguous,citywide,40054,32610.0,9A464A72-9A2A-4174-B6AE-D603AF7D3E29,83.00050000228266,Žaliakalnio sen.,495495.637680156,6085140.448780734,6.024105742241659e-06
65101820746130593,Aleksoto sen.,16.0,2013.0,1,ambiguous,district,1980,41707.0,73A5B3BD-A8B6-4719-AF61-C81BB7129A6E,16.01306677682334,Aleksoto sen.,491827.17580000014,6082168.0948,0.000816340255064496
75013301115448433,Kauno m.,37.0,1983.0,1,ambiguous,citywide,24010,41033.0,72799223-CC61-4599-BDA9-9CE4A32480E5,36.99736197245942,Aleksoto sen.,493600.15641070926,6081430.292874727,7.130058346316304e-05
75017295992180891,Kauno m.,26.02,1987.0,1,ambiguous,citywide,18736,59149.0,cf40528f-0502-4929-be73-2a8b7a43535f,26.02109562525104,Vilijampolės sen.,494135.63594999997,6087649.09405,4.210615622257663e-05
74959142646251753,Kauno m.,79.0,1987.0,1,ambiguous,citywide,39520,26729.0,C089DA58-FEB3-4CF7-8837-CB1C05E5CBB9,79.00319999387786,Gričiupio sen.,498000.7187999999,6085094.778700001,4.050543126243866e-05
745794104770518,Kauno m.,15.0,1978.0,1,ambiguous,citywide,11269,32282.0,8B41C570-8FB4-453E-B4C6-A45E9968D4D0,15.000750000683592,Aleksoto sen.,491920.7975308333,6084434.660006409,4.999879561218279e-05
74445389101395129,Kauno m.,10.0,1973.0,1,ambiguous,citywide,6494,3192.0,1E9685FE-87AF-4400-866F-38F9F4075B25,12.001999996529893,Šilainių sen.,492618.23000000004,6090486.250000001,0.182488209284148
75669711360078995,Žaliakalnio sen.,72.0,1932.0,1,ambiguous,district,4412,33744.0,2CA1D8D1-F609-45DC-B212-882684A48A3C,71.95889999624937,Žaliakalnio sen.,493940.0695000002,6085235.741699999,0.0005709963728310896
75157948970021315,Šilainių sen.,162.0,2002.0,1,ambiguous,district,6557,66088.0,a37835d4-7da1-494d-8c20-23d21fd5d93b,161.9998048594447,Šilainių sen.,490894.2047120007,6089073.448531851,1.204572053659092e-06
86716005998745932,Šilainių sen.,613.0,1961.0,1,ambiguous,district,658,19710.0,48C2AC79-F92E-4F7C-9181-BE98C5F66D54,617.1361392216895,Šilainių sen.,493205.7189000002,6090472.307750001,0.006724710666972555
75576806472770416,Gričiupio sen.,461.0,1975.0,5,ambiguous,district,458,28559.0,49CADC12-1DAE-443D-A773-578E21F6494F,461.09995602530523,Gričiupio sen.,496810.32845874364,6085439.787872165,0.0002168008469007887
74626300396883949,Kauno m.,155.0,1998.0,1,ambiguous,citywide,36409,11845.0,70BED0B4-EDC2-4F42-9F1B-AB9F4A0D1FCD,154.99959359212573,Panemunės sen.,499019.73899566033,6079936.6845617555,2.621989723117224e-06
74500355234827967,Panemunės sen.,172.0,2007.0,1,ambiguous,district,4676,51868.0,3781a27f-decd-4dc2-9d25-2c863f122c87,171.96086743955738,Panemunės sen.,498340.2176212741,6079316.2494609775,0.00022754077173203768
64788797839707923,Kauno m.,252.0,2025.0,1,ambiguous,citywide,22823,65051.0,434aa5a1-6667-4448-891e-671300300605,252.0001360993109,Aleksoto sen.,494832.68997946515,6080725.137000323,5.400764848673134e-07
74465546131914764,Kauno m.,11.0,1986.0,0,ambiguous,citywide,7571,3192.0,1E9685FE-87AF-4400-866F-38F9F4075B25,12.001999996529893,Šilainių sen.,492618.23000000004,6090486.250000001,0.08717802947982323
75716038331223673,Šančių sen.,516.0,1977.0,1,ambiguous,district,456,11294.0,2A99220C-4B95-4A65-98DF-FFB222295501,516.3362000153504,Šančių sen.,496493.97827158327,6083816.283633487,0.0006513382505257681
74436571591043249,Kauno m.,20.05,1985.0,1,ambiguous,citywide,15207,59430.0,2d34d0f8-7987-41c9-b0ea-ab44519865a6,20.051694637791606,Žaliakalnio sen.,496268.9803,6085252.6289,8.451701644629495e-05
64923144933897586,Šilainių sen.,198.0,2018.0,1,ambiguous,district,5642,47320.0,23f20080-52be-49e9-b9da-f0f46a0d680e,198.00223160350873,Šilainių sen.,489397.39290805295,6088949.88449247,1.1270661277151817e-05
74158180445291905,Kauno m.,80.0,1986.0,1,ambiguous,citywide,39661,57417.0,e34f8cb1-1ad4-4ffb-a6e6-1954ce135f19,80.00006043697978,Žaliakalnio sen.,495087.96932264045,6085836.980005098,7.554619623206804e-07
74166343616206498,Kauno m.,25.0,1987.0,1,ambiguous,citywide,18210,29207.0,0A56472F-66B2-41A7-B47B-01701314B5D5,25.00039999837093,Gričiupio sen.,497989.3960000001,6085158.809300002,1.5999806839861463e-05
75650399170388627,Kauno m.,106.0,1979.0,6,ambiguous,citywide,40844,42615.0,67AB060E-3899-494F-9134-63FE49357357,105.99840000594352,Aleksoto sen.,491073.17500000016,6080039.324999999,1.5094397471493437e-05
74417131657848204,Kauno m.,18.0,1957.0,1,ambiguous,citywide,13645,12810.0,E5470CB3-C0D5-46A3-9ABF-28319CADAD23,18.000599997430665,Panemunės sen.,499372.8338694433,6080718.06656832,3.333263505433948e-05
75028026835262246,Kauno m.,35.0,1934.0,1,ambiguous,citywide,23010,43237.0,03C2C4FA-968F-486F-AF14-6AFEC83AE024,35.00125000765081,Žaliakalnio sen.,494072.2256530612,6085760.255303067,3.57138665614265e-05
65323939137980513,Kauno m.,46.0,2007.0,1,ambiguous,citywide,28608,21498.0,670D33CE-01EF-4EA9-B08C-9EF33B7C05F2,46.00600000535231,Šilainių sen.,486785.7866999997,6088022.945,0.00013042639307148107
75152148506966637,Panemunės sen.,226.0,2011.0,1,ambiguous,district,3775,34280.0,4C8DD811-D80D-4831-ADB6-F43AB266E8BB,226.06021009245262,Panemunės sen.,501256.5035132586,6078452.634329142,0.00026638085575481085
64943921008905059,Šančių sen.,31.0,2016.0,1,ambiguous,district,2060,45911.0,6E31880D-E88E-4AF3-8829-1F4994364E9D,31.006343113543707,Šančių sen.,495596.56212138734,6081155.292038303,0.00020459563481178833
75692576429218186,Šančių sen.,119.0,1920.0,1,ambiguous,district,3371,34738.0,8E49E4BD-0393-402D-8D10-AB4E54D282DE,119.02189339617341,Šančių sen.,496341.2689785022,6083757.831227774,0.00018396119720520687
75636698365310742,Žaliakalnio sen.,108.0,1948.0,1,ambiguous,district,4664,16250.0,2D7BBE2C-7A81-4559-9FDA-C36BEE89D3F7,107.99250000664497,Žaliakalnio sen.,496512.1945605265,6085364.521653388,6.944679429032874e-05
74488680186741693,Kauno m.,51.0,1972.0,1,ambiguous,citywide,31108,8597.0,009F520E-6067-438D-8121-A7CCA12BAD01,51.00219564373503,Šilainių sen.,493056.01133884897,6087613.008510838,4.305091123812943e-05
74492684437413553,Kauno m.,27.0,1995.0,1,ambiguous,citywide,19219,8089.0,00F782A1-B0D3-4C33-BBDC-F90B7180B226,26.998350001438148,Panemunės sen.,496870.9255026141,6077850.352718684,6.111292520305511e-05
74996607036784638,Kauno m.,137.0,1957.0,0,ambiguous,citywide,38496,10574.0,F61F2E7C-B5AA-4BB6-9FA1-81E759A3F3C3,137.00139999154155,Šilainių sen.,493639.0313000001,6090173.3169,1.021886414864781e-05
74830381193744383,Kauno m.,22.0,1995.0,1,ambiguous,citywide,16561,54794.0,602187e6-288e-4b60-a8c1-e118443d91d0,21.998916665486203,Vilijampolės sen.,491043.35404556396,6086148.481079037,4.9243690350753155e-05
75207139337335444,Vilijampolės sen.,138.0,1993.0,1,ambiguous,district,4053,26541.0,1F768725-8AD5-4128-9E5D-6A9F84DC9094,138.02459998057188,Vilijampolės sen.,491664.1357,6086631.7462,0.00017824484222561665
74578370635489222,Kauno m.,20.0,1962.0,0,ambiguous,citywide,15162,42659.0,62E3BCEC-CF1A-411E-BD41-7C2CD1C41A70,20.000999999978582,Aleksoto sen.,493055.17640744965,6080852.427823423,4.9998748970825346e-05
75646492572093577,Žaliakalnio sen.,14.0,1982.0,1,ambiguous,district,964,17757.0,4FC45CCB-4371-467E-BD39-99870CA19475,14.014949999275803,Žaliakalnio sen.,494482.7554527248,6086213.281789815,0.0010672873373196445
74450971232520827,Kauno m.,24.0,1979.0,1,ambiguous,citywide,17670,12815.0,E8EABD14-F888-422C-ABA7-C5C8CCEC5C25,24.000599999125676,Šančių sen.,496818.5500000001,6081148.900000001,2.4999651075940932e-05
65109945273877215,Panemunės sen.,202.0,2012.0,1,ambiguous,district,4207,28440.0,C21A236D-89C3-4B1D-9E34-C4828383EBF6,201.96126113244472,Panemunės sen.,500102.9326213032,6078898.063931145,0.00019179496353416425
87444625942623477,Petrašiūnų sen.,148.0,2004.0,2,ambiguous,district,2975,53153.0,db2a6c5b-0344-4b5b-a460-a9bff46ae445,148.02140512025542,Petrašiūnų sen.,500428.09524955985,6083182.77146745,0.00014461873312221485
75609258755735986,Petrašiūnų sen.,241.0,1959.0,2,ambiguous,district,1848,2044.0,3EEEC17F-3677-4538-99D1-3E7C0C772954,241.00049999709984,Petrašiūnų sen.,502140.69777811767,6087267.732791718,2.074674610774707e-06
74559454686944943,Kauno m.,21.0,1992.0,1,ambiguous,citywide,15889,28359.0,7954F990-38CB-4317-9E88-38DC85F535ED,21.000499999102203,Vilijampolės sen.,492868.10720000026,6086517.1454,2.3809197616131428e-05
75617749157600861,Aleksoto sen.,104.0,1958.0,2,ambiguous,district,8130,29094.0,9345220A-7E1C-4C10-998B-97F6773EE5D5,104.01129541152864,Aleksoto sen.,491798.24490047223,6084538.477964441,0.00010860382862798446
65325721969040962,Aleksoto sen.,189.0,2009.0,2,ambiguous,district,5999,34159.0,63A1F8F0-528B-4F9F-8639-46D07A5B0518,189.01077675822592,Aleksoto sen.,491507.58158010506,6079325.038606777,5.7018259220775747e-05
74511541866886452,Kauno m.,216.0,1940.0,1,ambiguous,citywide,27685,33601.0,6FD4CA78-0728-432A-AD28-A9AA58219C83,215.99790000294837,Šančių sen.,496566.8035885035,6083989.602584619,9.722255833288784e-06
7444767543118587,Kauno m.,30.0,1975.0,1,ambiguous,citywide,20562,52501.0,4120f24f-00d4-43b3-953d-e33775681ef2,30.00104933864251,Aleksoto sen.,494062.8141000001,6080861.18965,3.4977343035702546e-05
65173823175004017,Kauno m.,27.0,2010.0,1,ambiguous,citywide,19219,8089.0,00F782A1-B0D3-4C33-BBDC-F90B7180B226,26.998350001438148,Panemunės sen.,496870.9255026141,6077850.352718684,6.111292520305511e-05
74249987135495035,Panemunės sen.,22.0,1994.0,1,ambiguous,district,1981,39610.0,1304CF9F-77EE-4586-A0B3-E69ABBE7314C,21.99166687991247,Panemunės sen.,499066.08064471843,6079879.69183032,0.0003788499403740708
7561117925058311,Kauno m.,75.0,1995.0,2,ambiguous,citywide,38786,59538.0,367cac22-e786-4f3d-bd68-f85ca1fa4a1b,74.99931672876731,Panemunės sen.,498036.76514870714,6078976.264416925,9.110324601380171e-06
74906642224075587,Kauno m.,19.95,1910.0,1,ambiguous,citywide,15121,40126.0,692195AE-7087-4132-A1A1-A2B2324045C1,19.949849994977562,Panemunės sen.,497789.5743052356,6081618.906118136,7.519077011686193e-06
74743025758032475,Kauno m.,23.0,1990.0,1,ambiguous,citywide,17115,23510.0,B614982E-50C9-49D2-BD1F-20276B84190F,23.003700001622736,Vilijampolės sen.,493912.0850999998,6087234.5699,0.0001608566976387671
74272537139193046,Kauno m.,14.0,1972.0,1,ambiguous,citywide,10423,38523.0,CFB723D0-EC6D-4CE0-93F1-DCBE2FE943A2,13.998468149964506,Gričiupio sen.,498218.1656500003,6085042.26175,0.00010942384624845758
74872011271277891,Kauno m.,18.0,1984.0,1,ambiguous,citywide,13645,12810.0,E5470CB3-C0D5-46A3-9ABF-28319CADAD23,18.000599997430665,Panemunės sen.,499372.8338694433,6080718.06656832,3.333263505433948e-05
74298872335447769,Šančių sen.,22.0,1963.0,1,ambiguous,district,1557,9679.0,D1D76826-A38C-4E3D-9FA4-38C6F28DA1F7,22.010155648263307,Šančių sen.,495848.0154664198,6081827.5256227935,0.00046151386169723807
64821120650741637,Kauno m.,85.0,1979.0,2,ambiguous,citywide,40316,32451.0,98FA98CC-EAFA-48FE-90D5-5242931912BE,85.00240000739917,Vilijampolės sen.,493926.84270000004,6086962.8805,2.823498255555279e-05
74571246242691083,Kauno m.,22.0,1955.0,1,ambiguous,citywide,16561,54794.0,602187e6-288e-4b60-a8c1-e118443d91d0,21.998916665486203,Vilijampolės sen.,491043.35404556396,6086148.481079037,4.9243690350753155e-05
64708668026479593,Kauno m.,242.0,2025.0,1,ambiguous,citywide,24088,18976.0,5C1A51F2-EEFF-4F9E-A65A-44D237FE1C58,242.00214487658423,Vilijampolės sen.,488101.9443633329,6085893.837048155,8.863087103350153e-06
74734244465544525,Kauno m.,30.0,1942.0,1,ambiguous,citywide,20562,52501.0,4120f24f-00d4-43b3-953d-e33775681ef2,30.00104933864251,Aleksoto sen.,494062.8141000001,6080861.18965,3.4977343035702546e-05
74566709823534735,Kauno m.,5.0,1936.0,0,ambiguous,citywide,345,3192.0,1E9685FE-87AF-4400-866F-38F9F4075B25,12.001999996529893,Šilainių sen.,492618.23000000004,6090486.250000001,0.8756353898440936
7570029800616819,Šančių sen.,96.0,1908.0,1,ambiguous,district,3554,56827.0,1727b91f-8f58-4c58-a14e-e25d403e2080,96.14713800023411,Šančių sen.,496663.47066848667,6084195.472624535,0.0015315141357321593
75655250455273215,Šančių sen.,111.0,1936.0,1,ambiguous,district,3459,11436.0,1D895DC2-4E1E-4580-9E79-C5D22A163A95,110.98699999767541,Šančių sen.,496375.82316658704,6082676.118282616,0.00011712399680696706
64782634743741394,Kauno m.,153.0,2024.0,2,ambiguous,citywide,36681,65684.0,e63aabce-44c1-4e73-b712-9bcef8304642,152.99983070189063,Panemunės sen.,500380.4153334387,6080451.979982716,1.1065242029317801e-06
74996320018136831,Kauno m.,20.0,1991.0,1,ambiguous,citywide,15162,42659.0,62E3BCEC-CF1A-411E-BD41-7C2CD1C41A70,20.000999999978582,Aleksoto sen.,493055.17640744965,6080852.427823423,4.9998748970825346e-05
65189050852779276,Petrašiūnų sen.,248.0,1991.0,1,ambiguous,district,1788,24075.0,4C6528CD-AB01-4EAE-B882-C2355EA1AD0D,248.23773893412408,Petrašiūnų sen.,503182.4078396966,6085747.948263961,0.0009581655471153638
65168331452394895,Aleksoto sen.,101.0,2014.0,1,ambiguous,district,8158,42761.0,9D2353C4-825D-4E1B-A3BF-6AF3D9CA6E36,101.002399455934,Aleksoto sen.,492384.68970000005,6080754.280599999,2.3756707252076126e-05
74557390586822897,Kauno m.,30.0,1971.0,1,ambiguous,citywide,20562,52501.0,4120f24f-00d4-43b3-953d-e33775681ef2,30.00104933864251,Aleksoto sen.,494062.8141000001,6080861.18965,3.4977343035702546e-05
74134015881792789,Dainavos sen.,110.0,2002.0,2,ambiguous,district,490,56986.0,e16e3d18-548e-4ed7-bf7d-2792fea3e269,110.11491296383079,Dainavos sen.,499435.7164000001,6087493.96995,0.0010441180265630123
75650447991847183,Kauno m.,221.0,1965.0,5,ambiguous,citywide,26974,13784.0,143668B8-A1AA-4337-86A5-DBE0804BF205,220.99639998549262,Šančių sen.,496581.385,6082483.760000001,1.628979108225792e-05
74283000076406799,Kauno m.,55.0,1971.0,1,ambiguous,citywide,32803,42978.0,8E451A99-CCA1-45C5-BBFF-88F530A553EC,54.9977500085244,Aleksoto sen.,494468.1422068505,6080810.780650901,4.090977271342666e-05
89078790380124687,Šančių sen.,164.0,2004.0,2,ambiguous,district,2791,37079.0,61D1B789-DA53-4326-8AF4-78E51BBE790F,164.03713190565244,Šančių sen.,496461.12973132083,6082416.144631586,0.00022638843106115303
74932208211449455,Petrašiūnų sen.,85.0,1992.0,2,ambiguous,district,3634,51248.0,c75d7ed1-ce1d-44a3-8794-040f5c595db2,84.98535680515224,Petrašiūnų sen.,500988.7895031366,6085697.882819067,0.00017228772123889513
75643069013963934,Centro sen.,145.0,1940.0,2,ambiguous,district,1650,37166.0,A96870AB-EB72-4725-9F69-A2A60A28A5E4,145.01160423486238,Centro sen.,492418.9542999996,6084511.001950001,8.002600378187452e-05
75585956260827841,Šančių sen.,92.0,1963.0,2,ambiguous,district,3567,6680.0,307BE058-4887-4DA2-8EFB-B0A0EE3BFD43,91.98520000729263,Šančių sen.,495778.0066485912,6081784.439995267,0.00016088242683309772
75388576857281869,Šilainių sen.,515.0,1985.0,9,ambiguous,district,958,19976.0,16728E8A-F58C-4B21-91D2-2079C04B4FB4,514.8885915820399,Šilainių sen.,493867.3994598486,6089718.610341016,0.00021635042723122666
65114403384614272,Panemunės sen.,114.0,2012.0,1,ambiguous,district,5343,964.0,A526DDF4-1F8E-4060-AE7B-859BADD09DAC,114.02219999589231,Panemunės sen.,499883.84560205846,6079221.56669746,0.00019471784732250086
75023847833210505,Kauno m.,35.0,1935.0,1,ambiguous,citywide,23010,43237.0,03C2C4FA-968F-486F-AF14-6AFEC83AE024,35.00125000765081,Žaliakalnio sen.,494072.2256530612,6085760.255303067,3.57138665614265e-05
74470922175876808,Kauno m.,58.0,1971.0,1,ambiguous,citywide,33853,41842.0,1523FB7E-71C7-44BF-8100-8D0DDEAD2F0B,58.00164999646638,Aleksoto sen.,491424.6507097699,6084562.346095046,2.8447810294984777e-05
75606336260806317,Šančių sen.,245.97,1960.0,3,ambiguous,district,1715,43993.0,37B54025-54E0-41BC-84EC-8262A7E53AC1,245.93298616606558,Šančių sen.,496189.8000387258,6080894.974106036,0.00015049241433917615
75341333679908778,Aleksoto sen.,213.0,1992.0,2,ambiguous,district,5280,65682.0,e2b8da70-9f40-4164-b1be-a97bdba505e6,213.0120938748859,Aleksoto sen.,490315.0543968015,6080446.494854911,5.6777143480069014e-05
64899212574323031,Kauno m.,213.0,2020.0,1,ambiguous,citywide,28098,17355.0,CF4F7F56-DA7C-4101-9FF0-1E3A9BD4171D,213.00145001318324,Šančių sen.,495767.1057727925,6082560.128539572,6.807550458454159e-06
75637256884460657,Aleksoto sen.,90.0,1947.0,1,ambiguous,district,8105,62291.0,a77ece8c-8430-4597-ab29-a7de4b015353,90.02470046880296,Aleksoto sen.,493990.9379683009,6081945.447450187,0.0002744119989497307
7428454585428719,Kauno m.,21.0,1975.0,1,ambiguous,citywide,15889,28359.0,7954F990-38CB-4317-9E88-38DC85F535ED,21.000499999102203,Vilijampolės sen.,492868.10720000026,6086517.1454,2.3809197616131428e-05
74255373581328624,Kauno m.,20.0,1955.0,1,ambiguous,citywide,15162,42659.0,62E3BCEC-CF1A-411E-BD41-7C2CD1C41A70,20.000999999978582,Aleksoto sen.,493055.17640744965,6080852.427823423,4.9998748970825346e-05
75659303558731322,Centro sen.,4832.0,1935.0,3,ambiguous,district,25,8813.0,A508A647-7577-4868-8614-B0912582FC3B,4625.036668222408,Centro sen.,495139.84167015064,6083325.397219389,0.04377616143524854
74435370290659247,Kauno m.,49.0,1981.0,1,ambiguous,citywide,30146,10202.0,D1F23270-3E6E-4795-A68C-A43F6BF9F19A,48.999461777963496,Panemunės sen.,496374.05184999993,6077903.242950002,1.0984183519635593e-05
75340692607134566,Kauno m.,514.0,1992.0,1,ambiguous,citywide,7026,26445.0,48063550-B2D2-472C-AA3B-4DA31D3A283B,513.9955796531234,Eigulių sen.,496320.1474244858,6088500.555682329,8.599933626562972e-06
74401089968271258,Kauno m.,28.0,1975.0,1,ambiguous,citywide,19655,64435.0,b8b3c45b-50c8-439c-a780-10936b21dc7b,27.999818957143066,Eigulių sen.,496841.2465692256,6087032.037176935,6.465837222524584e-06
74736511666000802,Kauno m.,21.0,1967.0,1,ambiguous,citywide,15889,28359.0,7954F990-38CB-4317-9E88-38DC85F535ED,21.000499999102203,Vilijampolės sen.,492868.10720000026,6086517.1454,2.3809197616131428e-05
64978626536545583,Žaliakalnio sen.,5.0,2015.0,1,ambiguous,district,20,64583.0,1ec050ce-730f-406e-aecc-3837dddb0640,12.018622208480666,Žaliakalnio sen.,494465.3844000001,6086394.878349999,0.8770193851846095
74458440125012099,Kauno m.,37.0,1984.0,1,ambiguous,citywide,24010,41033.0,72799223-CC61-4599-BDA9-9CE4A32480E5,36.99736197245942,Aleksoto sen.,493600.15641070926,6081430.292874727,7.130058346316304e-05
64861413193302395,Kauno m.,7.0,1981.0,1,ambiguous,citywide,2461,3192.0,1E9685FE-87AF-4400-866F-38F9F4075B25,12.001999996529893,Šilainių sen.,492618.23000000004,6090486.250000001,0.5391631532228807
80604780479817867,Šilainių sen.,125.0,2006.0,1,ambiguous,district,7222,47243.0,fcb73111-279a-4e3e-92b9-7beb9389eee4,124.97253538853955,Šilainių sen.,487191.79177020484,6088840.631441761,0.00021974103297672798
74415720661745718,Panemunės sen.,56.0,1989.0,1,ambiguous,district,3666,13257.0,B65C0001-CCC6-4462-AF55-6EA66DACF7C6,55.99673598160014,Panemunės sen.,498091.2798507141,6081796.444391107,5.828774155247629e-05
74957296113892694,Kauno m.,8.0,1926.0,0,ambiguous,citywide,3969,3192.0,1E9685FE-87AF-4400-866F-38F9F4075B25,12.001999996529893,Šilainių sen.,492618.23000000004,6090486.250000001,0.40563176059835815
65258241920952864,Panemunės sen.,145.0,2014.0,1,ambiguous,district,5080,48980.0,B8A2CECB-F2A8-4A29-A7E9-E7A44AC88AF8,145.00521343468967,Panemunės sen.,496547.70644533064,6077842.497072951,3.5954075642052885e-05
75091362776559673,Dainavos sen.,130.0,1973.0,1,ambiguous,district,472,57394.0,7cf50420-667c-49e9-8aa6-0bcbee7f397d,129.83378368436618,Dainavos sen.,496357.24692063814,6086460.262772689,0.0012794051331574963
65040665894878141,Vilijampolės sen.,610.0,1971.0,1,ambiguous,district,515,28544.0,8920EAB4-170C-4B7F-8087-CDED32CC899E,608.7263500064776,Vilijampolės sen.,492831.344289924,6086246.148336589,0.0020901336172709506
65324995334101896,Kauno m.,87.0,2007.0,1,ambiguous,citywide,40483,13372.0,6672360D-D480-4DFB-A7C0-770776E2437E,87.00095476772138,Panemunės sen.,497982.44090056396,6078772.556296796,1.097428140717227e-05
75215422647311875,Aleksoto sen.,78.1,1965.0,1,ambiguous,district,7741,48324.0,33134637-81F9-4AD3-9673-F64BE1CA36DF,78.10037176798791,Aleksoto sen.,491619.37918562186,6082086.058261926,4.7601421648835185e-06
64855005181139805,Kauno m.,176.0,2021.0,1,ambiguous,citywide,33340,8678.0,38289A9B-993F-421B-9851-1BB784849F3D,175.99489999986943,Panemunės sen.,499743.2672514857,6081299.7665451765,2.8977693317777664e-05
74246607949915333,Kauno m.,29.0,1990.0,1,ambiguous,citywide,20122,61155.0,bae057a1-5e7d-4f8f-b6b2-7c2cf51afab8,28.999892065010798,Šilainių sen.,494649.80932389677,6090974.922940333,3.721903105713409e-06
75004405809188754,Kauno m.,30.37,1988.0,1,ambiguous,citywide,20723,52916.0,6c88e571-6e6f-443a-9cf6-20039f5d0c88,30.369026478890888,Centro sen.,495634.26770000026,6084556.158250001,3.205586805155036e-05
74268136996293421,Kauno m.,30.0,1958.0,1,ambiguous,citywide,20562,52501.0,4120f24f-00d4-43b3-953d-e33775681ef2,30.00104933864251,Aleksoto sen.,494062.8141000001,6080861.18965,3.4977343035702546e-05
75602703566473459,Šilainių sen.,107.0,1960.0,2,ambiguous,district,7438,53884.0,d3806235-040e-4ea2-ae80-ab270c03356e,106.99176258064011,Šilainių sen.,493847.95984999975,6089389.7053999975,7.698819117685218e-05
65152954774186519,Šilainių sen.,150.0,2024.0,1,ambiguous,district,6794,53097.0,56e065d7-2fb5-4cef-aed2-49674b211d32,149.99969999809247,Šilainių sen.,491731.84070000006,6087726.308000001,2.000014716507792e-06
74865175351922955,Šančių sen.,161.0,1930.0,1,ambiguous,district,2838,11587.0,D7FB6F8B-C04D-41B8-A08B-91DE31B57AA1,161.0124999998277,Šančių sen.,496261.619474167,6082067.583786889,7.763673667326998e-05
75616693053070796,Aleksoto sen.,82.0,1958.0,1,ambiguous,district,7911,50261.0,CD038C9D-76A9-44A9-B5F9-89B2E0B2289A,82.02774608040252,Aleksoto sen.,493587.4749799763,6083507.500347137,0.00033830960102942953
8111949776563937,Vilijampolės sen.,185.0,2013.0,1,ambiguous,district,3095,25531.0,572604D2-CAC9-411C-BBE4-2506A399013E,185.00195641196382,Vilijampolės sen.,493849.2797285982,6087036.662964488,1.0575143887692207e-05
75001921296786705,Kauno m.,15.0,1947.0,1,ambiguous,citywide,11269,32282.0,8B41C570-8FB4-453E-B4C6-A45E9968D4D0,15.000750000683592,Aleksoto sen.,491920.7975308333,6084434.660006409,4.999879561218279e-05
64734645418139378,Kauno m.,161.0,2025.0,1,ambiguous,citywide,35562,63059.0,84c7a2b4-5604-4860-b0f7-81318e101e67,161.00107166951094,Centro sen.,494884.34606689884,6084331.555371428,6.656310212349581e-06
74596781041948099,Aleksoto sen.,55.0,1954.0,1,ambiguous,district,6198,42978.0,8E451A99-CCA1-45C5-BBFF-88F530A553EC,54.9977500085244,Aleksoto sen.,494468.1422068505,6080810.780650901,4.090977271342666e-05
79678642896193572,Aleksoto sen.,44.0,1970.0,1,ambiguous,district,5004,35951.0,B4EF6B00-07B7-4461-B0ED-CAA241F43A56,43.99667219299798,Aleksoto sen.,494855.60062426503,6081138.071101566,7.563483756056755e-05
75492618475811624,Aleksoto sen.,468.0,1973.0,2,ambiguous,district,831,65740.0,81a45bc5-6575-4f89-8c04-2097ef0995d2,469.109253048733,Aleksoto sen.,491197.4649800112,6081324.308364373,0.0023673943314435064
74614989848359375,Kauno m.,25.14,1988.0,1,ambiguous,citywide,18283,61463.0,5149c20e-baf8-4f9f-b53c-72eb4cbf5429,25.139692600549427,Šančių sen.,496014.9062875224,6080790.531920971,1.2227578757073587e-05
75537871653958463,Centro sen.,34.81,1968.0,1,ambiguous,district,645,34643.0,CFF21694-56D9-4905-8657-9696CE85CA29,34.96956378197866,Centro sen.,494934.314982654,6085006.260088257,0.004573375110041855
65110486646848556,Šilainių sen.,209.0,2014.0,2,ambiguous,district,5385,21788.0,F6047C25-B2A6-482C-9858-D3DE22C7E56A,209.01110000838395,Šilainių sen.,493140.01330383157,6087349.809214358,5.310867767072125e-05
64821705078034031,Kauno m.,119.0,2020.0,1,ambiguous,citywide,40084,10326.0,E8F857AF-A242-42DC-825D-E9DBACE4C514,119.00004999825153,Vilijampolės sen.,491489.1155019404,6086042.115058474,4.20153285496383e-07
74946012783041929,Petrašiūnų sen.,18.0,1972.0,1,ambiguous,district,2482,63338.0,30071ebd-e486-401a-befe-1a1854ed2923,18.007522358413148,Petrašiūnų sen.,500018.29205,6084299.108200001,0.0004178215011689801
74480551625179484,Kauno m.,44.0,1967.0,1,ambiguous,citywide,27539,60527.0,db38a606-53d1-47e6-b5d4-e64aaa21ee43,44.00053074682302,Šilainių sen.,489971.9751714654,6088039.162789768,1.2062355045472373e-05
74584452991991013,Petrašiūnų sen.,17.0,1970.0,2,ambiguous,district,2354,10122.0,F72E99D3-A994-42FC-8A95-92A9FF72D4F2,17.00190000267178,Petrašiūnų sen.,503477.2550000004,6085421.255,0.00011175861781875795
64775098547223145,Kauno m.,154.0,2024.0,1,ambiguous,citywide,36548,42175.0,F09D6542-A826-49DD-B84B-F68344C16C5A,154.0032180777126,Žaliakalnio sen.,494628.22032429266,6087542.660016776,2.0896390191538217e-05
86716027538561391,Šilainių sen.,103.0,1961.0,1,ambiguous,district,7428,20894.0,00D0D8EE-E7BE-4AF2-89F0-145931DB2C91,103.00047223231456,Šilainių sen.,492500.43622138136,6090145.098664163,4.5847692424771935e-06
75696392766490844,Šančių sen.,783.0,1917.0,2,ambiguous,district,342,56576.0,09d9a353-2c34-4f6e-9235-28e8ae5b69d7,782.3524541538936,Šančių sen.,496908.6942792513,6081304.145283464,0.0008273483474283694
74484818458089228,Kauno m.,12.0,1971.0,1,ambiguous,citywide,8594,3192.0,1E9685FE-87AF-4400-866F-38F9F4075B25,12.001999996529893,Šilainių sen.,492618.23000000004,6090486.250000001,0.00016665249019354178
74163044422392785,Panemunės sen.,64.0,1976.0,1,ambiguous,district,4141,4078.0,68081F93-CD4F-41A0-B160-08519FE87AD0,63.99615000722222,Panemunės sen.,496141.79256145883,6077373.066490374,6.015794660552132e-05
74993855525541928,Kauno m.,25.0,1976.0,1,ambiguous,citywide,18210,29207.0,0A56472F-66B2-41A7-B47B-01701314B5D5,25.00039999837093,Gričiupio sen.,497989.3960000001,6085158.809300002,1.5999806839861463e-05
75008751985460961,Kauno m.,24.0,1939.0,1,ambiguous,citywide,17670,12815.0,E8EABD14-F888-422C-ABA7-C5C8CCEC5C25,24.000599999125676,Šančių sen.,496818.5500000001,6081148.900000001,2.4999651075940932e-05
75091624094545145,Petrašiūnų sen.,14.0,1975.0,1,ambiguous,district,1974,59653.0,ad1d4a53-59b7-4b0f-ae3e-86ca7eb76e8a,13.991974333785393,Petrašiūnų sen.,504885.82247060206,6086995.387514598,0.0005734262498826581
75628034680629688,Šančių sen.,202.0,1954.0,2,ambiguous,district,2271,42963.0,FEA6AE2E-7817-4F0E-B246-75E5D356D0CC,201.98869999862387,Šančių sen.,496607.57808694034,6081418.512431648,5.5942165605671335e-05
64915631686448774,Šilainių sen.,45.0,2020.0,2,ambiguous,district,4690,63663.0,f4b73a03-3794-4e3c-835f-f6848dea2f7a,45.01584702664308,Šilainių sen.,488097.8447499998,6088915.9452,0.00035209415520176535
7570894862773199,Centro sen.,215.0,1992.0,2,ambiguous,district,1592,34279.0,ECC788A4-2620-499C-A345-AE74BF86F587,215.19851227883134,Centro sen.,492869.6921542426,6084850.356574708,0.0009228869336137535
64779801965351477,Kauno m.,173.0,2022.0,1,ambiguous,citywide,33741,11097.0,EB0F1FE9-B0FF-45D6-AAAB-87C8EC4560BE,173.001000014456,Žaliakalnio sen.,495478.7049999995,6086001.669999999,5.7804136748274004e-06
75652794605126986,Centro sen.,181.0,1937.0,3,ambiguous,district,1661,55423.0,d5d24815-b6b5-4bf9-85b8-1c740f05c860,180.99456121528172,Centro sen.,493083.8893355647,6084533.527913913,3.004898582137372e-05
75009013023265861,Kauno m.,26.0,1989.0,1,ambiguous,citywide,18729,30248.0,0E85D2CF-C288-45B7-B007-683BF429F192,25.999763854411132,Vilijampolės sen.,492539.84290740883,6085427.240912551,9.0825638952019e-06
7488709961667378,Kauno m.,26.0,1976.0,1,ambiguous,citywide,18729,30248.0,0E85D2CF-C288-45B7-B007-683BF429F192,25.999763854411132,Vilijampolės sen.,492539.84290740883,6085427.240912551,9.0825638952019e-06
74492815655004069,Kauno m.,35.0,1985.0,1,ambiguous,citywide,23010,43237.0,03C2C4FA-968F-486F-AF14-6AFEC83AE024,35.00125000765081,Žaliakalnio sen.,494072.2256530612,6085760.255303067,3.57138665614265e-05
7501061974270587,Kauno m.,41.0,1971.0,1,ambiguous,citywide,26058,61044.0,9f1bcbe7-7777-4a80-b47c-63f8305ae147,40.99718746622927,Šilainių sen.,489915.4371500001,6087957.446799999,6.86007376287101e-05
64954098302876892,Aleksoto sen.,170.0,2018.0,1,ambiguous,district,6635,36775.0,5BECE06B-CA9E-4E70-90D7-638A72284677,169.99395620401398,Aleksoto sen.,493200.7609637546,6081125.920426016,3.555237307306669e-05
8828867672092254,Petrašiūnų sen.,83.0,2017.0,1,ambiguous,district,3654,33341.0,F90C6246-18B4-404C-834C-D1D2DA503060,83.03219898795813,Petrašiūnų sen.,502934.9191331156,6086623.505714625,0.00038786438483651153
74885113123481131,Kauno m.,13.0,1939.0,1,ambiguous,citywide,9555,35456.0,3BA4D5F7-5D94-4C59-A9F0-989F391DA4E6,13.001844835072216,Šančių sen.,496448.3977335273,6083813.975750751,0.0001419003218434689
64749453374349689,Kauno m.,138.0,2025.0,2,ambiguous,citywide,38414,30606.0,FE8E5597-C399-4227-963B-C765E631247A,137.99989187637405,Žaliakalnio sen.,494873.5292669438,6086490.138844004,7.835048432269787e-07
74803885959165456,Kauno m.,11.0,1927.0,1,ambiguous,citywide,7571,3192.0,1E9685FE-87AF-4400-866F-38F9F4075B25,12.001999996529893,Šilainių sen.,492618.23000000004,6090486.250000001,0.08717802947982323
74987831205992256,Kauno m.,16.0,1980.0,1,ambiguous,citywide,12108,36148.0,42D62C8E-7585-4040-B6DD-350FA71FAB0F,16.0,Šančių sen.,496992.37090000045,6082192.865499999,0.0
75631922991930972,Žaliakalnio sen.,68.0,1952.0,1,ambiguous,district,4281,63830.0,d7dc1133-9057-4518-8557-59aacb1dd84b,67.99994953840422,Žaliakalnio sen.,494518.17389460985,6086192.982883021,7.420825660631181e-07
65323126853534697,Petrašiūnų sen.,186.0,2007.0,1,ambiguous,district,2442,38566.0,A1BBF139-6E6E-48D9-AE95-7DD992082F68,185.96209782673597,Petrašiūnų sen.,500451.3130324555,6084475.107691794,0.00020379589004804188
74456463757197638,Kauno m.,31.0,1981.0,1,ambiguous,citywide,21068,37956.0,D74F9B33-AA42-4A40-9357-73300279589E,31.000705796529928,Vilijampolės sen.,491720.46673969046,6086516.7864471385,2.2767370819298804e-05
65073491543584383,Petrašiūnų sen.,194.0,2017.0,1,ambiguous,district,2332,34513.0,67474481-54EE-4812-B95C-52193B303917,194.10399999099226,Petrašiūnų sen.,499567.9156000001,6084879.9484,0.0005359387869434684
74470577945905461,Kauno m.,24.0,1986.0,1,ambiguous,citywide,17670,12815.0,E8EABD14-F888-422C-ABA7-C5C8CCEC5C25,24.000599999125676,Šančių sen.,496818.5500000001,6081148.900000001,2.4999651075940932e-05
6506418367405184,Žaliakalnio sen.,117.0,2019.0,2,ambiguous,district,4614,11801.0,0E1F07A4-75A7-4345-B8EB-A50BB5555F8A,116.96640000829137,Žaliakalnio sen.,494845.9038605961,6087556.55573678,0.0002872206602182459
64915602378768478,Šilainių sen.,38.0,2019.0,2,ambiguous,district,4003,63511.0,d0b9eb1f-eb02-4df4-b3cf-9a57740177b1,38.01840897347409,Šilainių sen.,492963.1488133698,6090019.155307544,0.0004843293639669177
64977958195268665,Panemunės sen.,124.0,2020.0,1,ambiguous,district,5287,37049.0,40487637-9EBB-40AB-A4DC-25F32BDCCB97,123.98600000468176,Panemunės sen.,498075.23801735725,6078609.0342978705,0.00011290956209553116
84518246487735899,Kauno m.,13.0,1967.0,1,ambiguous,citywide,9555,35456.0,3BA4D5F7-5D94-4C59-A9F0-989F391DA4E6,13.001844835072216,Šančių sen.,496448.3977335273,6083813.975750751,0.0001419003218434689
74478022420197465,Kauno m.,25.0,1983.0,1,ambiguous,citywide,18210,29207.0,0A56472F-66B2-41A7-B47B-01701314B5D5,25.00039999837093,Gričiupio sen.,497989.3960000001,6085158.809300002,1.5999806839861463e-05
64896707273974799,Šilainių sen.,97.0,2020.0,1,ambiguous,district,7375,30869.0,8364E91A-64E7-41DD-9919-408D813CF962,97.00467659762393,Šilainių sen.,487963.07100842433,6088489.770224075,4.821118446063366e-05
74121339537011291,Kauno m.,69.0,2001.0,1,ambiguous,citywide,37344,12575.0,84F0D06F-9295-4E45-9C77-BB2F94E1F3BD,69.0022999892149,Panemunės sen.,499004.3332214482,6082739.54012571,3.333262148963456e-05
64686441285335489,Kauno m.,21.0,2025.0,1,ambiguous,citywide,15889,28359.0,7954F990-38CB-4317-9E88-38DC85F535ED,21.000499999102203,Vilijampolės sen.,492868.10720000026,6086517.1454,2.3809197616131428e-05
74552374553846557,Kauno m.,23.0,1985.0,1,ambiguous,citywide,17115,23510.0,B614982E-50C9-49D2-BD1F-20276B84190F,23.003700001622736,Vilijampolės sen.,493912.0850999998,6087234.5699,0.0001608566976387671
64750190766250285,Kauno m.,288.0,2025.0,1,ambiguous,citywide,19167,7338.0,45F382D3-C4F0-4111-85D0-3DDB011BDFC6,287.9871999989983,Petrašiūnų sen.,499339.80599564675,6084012.801650484,4.4445435606554895e-05
74859819426955035,Kauno m.,32.0,1979.0,1,ambiguous,citywide,21525,28850.0,F9939F46-5896-456D-8FF8-83FA4EBC29E8,31.996313406877867,Žaliakalnio sen.,496262.0398589024,6087029.177061065,0.00011521267179182004
88406512405162035,Gričiupio sen.,134.0,2005.0,1,ambiguous,district,1013,57411.0,f3424d54-95be-4647-ac2a-61e994cfbc08,133.8784376884568,Gričiupio sen.,497680.9936785005,6085761.922648895,0.0009075931675326387
75613266219315758,Šilainių sen.,169.0,1958.0,2,ambiguous,district,6369,47143.0,38df724d-b0c3-44ef-a89f-c8e4feb6442b,168.94332160025118,Šilainių sen.,487273.51828287466,6088800.967316534,0.0003354313972643297
74429625424470611,Kauno m.,9.0,1972.0,1,ambiguous,citywide,5299,3192.0,1E9685FE-87AF-4400-866F-38F9F4075B25,12.001999996529893,Šilainių sen.,492618.23000000004,6090486.250000001,0.28784872494197433
75339113120931264,Centro sen.,198.0,1962.0,4,ambiguous,district,1636,6402.0,D98CE7CB-E5D2-440C-A1DC-DA3F99ABB3C3,198.01561969377082,Centro sen.,495487.19603670697,6083838.154197879,7.888423083457496e-05
756467980963694,Petrašiūnų sen.,111.0,1939.0,1,ambiguous,district,3382,34546.0,761751E1-CD1A-4743-A9D6-4B1C635AF904,111.02265900124989,Petrašiūnų sen.,499402.3420938424,6084401.36498924,0.00020411431365197075
74269617088639703,Kauno m.,41.0,1962.0,1,ambiguous,citywide,26058,61044.0,9f1bcbe7-7777-4a80-b47c-63f8305ae147,40.99718746622927,Šilainių sen.,489915.4371500001,6087957.446799999,6.86007376287101e-05
75644305716342841,Centro sen.,85.0,1939.0,2,ambiguous,district,1385,56172.0,3425e356-1a34-450e-94ae-fedd89f04070,85.07047124950711,Centro sen.,495392.7264716961,6084321.290880832,0.0008287300319995694
75095104473851856,Kauno m.,18.0,1960.0,1,ambiguous,citywide,13645,12810.0,E5470CB3-C0D5-46A3-9ABF-28319CADAD23,18.000599997430665,Panemunės sen.,499372.8338694433,6080718.06656832,3.333263505433948e-05
64906114551974231,Šilainių sen.,85.0,2019.0,2,ambiguous,district,7121,31085.0,45467F62-64C7-476F-8AC2-A1BE671A22AA,84.9781977945557,Šilainių sen.,488006.74905087234,6088307.883345486,0.00025652943550102947
64816986491679329,Kauno m.,43.0,2026.0,2,ambiguous,citywide,27002,35176.0,D2DFDF38-46A4-464C-9014-D1132BA28EBA,43.00166006778807,Petrašiūnų sen.,501204.9332000003,6084448.050349999,3.860548242862194e-05
83661757689102612,Kauno m.,19.0,1996.0,0,ambiguous,citywide,14402,25601.0,06EC2A22-2355-40BE-BB99-EE0F7A2F6ECF,19.0,Petrašiūnų sen.,501135.92420000024,6084766.5735,0.0
74441273919256951,Kauno m.,31.0,1962.0,1,ambiguous,citywide,21068,37956.0,D74F9B33-AA42-4A40-9357-73300279589E,31.000705796529928,Vilijampolės sen.,491720.46673969046,6086516.7864471385,2.2767370819298804e-05
74209267025656528,Šančių sen.,169.0,2001.0,2,ambiguous,district,2723,42658.0,42E0F8E6-3C7A-446F-9796-1C5B7EE82529,168.97570667289324,Šančių sen.,496579.67210138467,6081536.724655636,0.00014375783033493406
64821468627234979,Kauno m.,169.0,2023.0,2,ambiguous,citywide,34348,43299.0,C434663E-43B0-4417-83FF-9E9C1716825E,168.9953999954,Aleksoto sen.,493443.5855859994,6080599.591912985,2.7219332572769872e-05
65307405153201145,Panemunės sen.,148.0,2021.0,2,ambiguous,district,5044,8703.0,09897D80-2287-476A-B911-81AF6FD86B8E,147.98605000925699,Panemunės sen.,500146.6166535167,6080070.251740873,9.426113665078617e-05
64931881092622698,Kauno m.,16.0,2017.0,1,ambiguous,citywide,12108,36148.0,42D62C8E-7585-4040-B6DD-350FA71FAB0F,16.0,Šančių sen.,496992.37090000045,6082192.865499999,0.0
75514465580790974,Gričiupio sen.,1222.0,1971.0,2,ambiguous,district,186,33488.0,80A48FD8-A3B9-4FAF-BC68-9A21DFAA1BBA,1222.9741000022102,Gričiupio sen.,496937.12835089664,6085904.518533232,0.0007968183006505924
64798756173607003,Kauno m.,398.0,2023.0,2,ambiguous,citywide,10806,40728.0,E2A9A4E4-C2A6-4FFC-A8C0-BF7A9385549D,398.02659399366604,Panemunės sen.,497925.98686036596,6081254.829949496,6.681684726750348e-05
74893462304197814,Kauno m.,29.0,1978.0,1,ambiguous,citywide,20122,61155.0,bae057a1-5e7d-4f8f-b6b2-7c2cf51afab8,28.999892065010798,Šilainių sen.,494649.80932389677,6090974.922940333,3.721903105713409e-06
64734828302864797,Kauno m.,163.0,2025.0,2,ambiguous,citywide,35272,18291.0,59033287-092F-4D38-BAD1-CC87B6695E93,163.0002499990575,Šilainių sen.,491766.56326008006,6089910.914944313,1.533735372483136e-06
7489954657114116,Kauno m.,24.0,1924.0,2,ambiguous,citywide,17670,12815.0,E8EABD14-F888-422C-ABA7-C5C8CCEC5C25,24.000599999125676,Šančių sen.,496818.5500000001,6081148.900000001,2.4999651075940932e-05
74468940251168431,Kauno m.,153.0,1970.0,1,ambiguous,citywide,36681,65684.0,e63aabce-44c1-4e73-b712-9bcef8304642,152.99983070189063,Panemunės sen.,500380.4153334387,6080451.979982716,1.1065242029317801e-06
74436216270653305,Kauno m.,19.0,1968.0,1,ambiguous,citywide,14402,25601.0,06EC2A22-2355-40BE-BB99-EE0F7A2F6ECF,19.0,Petrašiūnų sen.,501135.92420000024,6084766.5735,0.0
75692993970047501,Vilijampolės sen.,214.0,2018.0,1,ambiguous,district,2545,29428.0,9022264D-8AF7-4F57-9604-1C0525229DAB,213.96816362103024,Vilijampolės sen.,492935.95263924723,6086398.602169375,0.0001487791931022997
74205691482726793,Kauno m.,20.0,2001.0,1,ambiguous,citywide,15162,42659.0,62E3BCEC-CF1A-411E-BD41-7C2CD1C41A70,20.000999999978582,Aleksoto sen.,493055.17640744965,6080852.427823423,4.9998748970825346e-05
75026864119364253,Kauno m.,25.03,1997.0,1,ambiguous,citywide,18226,2050.0,9F7CAB8F-34A1-4A9D-B711-C6F4F8F2816B,25.02755000001639,Vilijampolės sen.,491595.7273389791,6086501.945544196,9.788733110438486e-05
84739388287391651,Aleksoto sen.,12.0,2004.0,1,ambiguous,district,1386,3686.0,282C79D9-04E1-45ED-A938-75CE10DBD054,12.0276000008896,Aleksoto sen.,491484.52499999997,6080874.100000001,0.002297359122646725
75341110374631509,Eigulių sen.,479.0,1992.0,12,ambiguous,district,677,2762.0,40273D41-617B-4F81-AE6F-BC6E24FD76D0,479.15924999303,Eigulių sen.,495923.416051475,6088241.697272443,0.00033240819727531346
75542027760755665,Dainavos sen.,924.0,1968.0,5,ambiguous,district,515,2293.0,0FEC806E-9287-4484-B79B-FFC49DA80601,923.164356320298,Dainavos sen.,498526.1513714779,6087735.742907596,0.00090478547168793
74568865209753532,Šančių sen.,25.0,1965.0,2,ambiguous,district,1735,44970.0,C3DE68A9-1710-407D-ABB9-0CA0F19294B6,24.990316359373608,Šančių sen.,495884.7124999999,6081259.6864,0.0003874206627498822
65056617728120755,Šilainių sen.,64.0,2016.0,2,ambiguous,district,6188,48206.0,d0513278-e13f-45b6-9d49-510f6eec9a07,64.00019821173042,Šilainių sen.,494084.6633797297,6090574.282557287,3.097053491885049e-06
75709703438370649,Centro sen.,150.0,1885.0,2,ambiguous,district,1648,56906.0,38ede2c6-2f1e-451f-aa70-9b1ba10bfa9d,149.9735536038354,Centro sen.,493696.2746930844,6084326.305779519,0.00017632485207652593
74833751071025689,Šančių sen.,26.0,1976.0,1,ambiguous,district,1798,33114.0,9AD95854-EBFF-4233-922F-E0960575D6C1,26.007450002162905,Šančių sen.,497117.3799567672,6084207.276368301,0.0002864975003986636
64911305601248886,Šilainių sen.,119.0,2018.0,2,ambiguous,district,7310,52261.0,c00bd702-f0b4-4e56-9854-2d10ddd390fa,118.9964895107399,Šilainių sen.,494497.59525714925,6090718.556186978,2.9500344879807017e-05
74991012358192222,Kauno m.,33.14,1973.0,1,ambiguous,citywide,22053,17151.0,D38FECA3-0724-45F4-B9A3-3AED201B3C61,33.141000004975126,Panemunės sen.,499472.61152105645,6081074.948607495,3.017470995070326e-05
74109148016057405,Petrašiūnų sen.,26.0,1970.0,1,ambiguous,district,3011,44676.0,82584874-6CE8-4597-8D0B-B6AC56F7B662,25.997602359832452,Petrašiūnų sen.,503705.52628313046,6087055.505543034,9.22211817635521e-05
74191410766120847,Petrašiūnų sen.,15.0,1970.0,1,ambiguous,district,2093,29576.0,C3508C2B-E0EE-4453-B6FC-3E4F16535072,14.996402098255855,Petrašiūnų sen.,500936.5730000003,6085321.47435,0.00023988888731496516
7562970471486867,Žaliakalnio sen.,87.0,1953.0,1,ambiguous,district,4661,55326.0,16572aee-b209-4c08-807e-86acb5585511,87.01146948997378,Žaliakalnio sen.,494957.3844687121,6085770.329266602,0.00013182452885462936
74873706181793162,Kauno m.,28.0,1975.0,1,ambiguous,citywide,19655,64435.0,b8b3c45b-50c8-439c-a780-10936b21dc7b,27.999818957143066,Eigulių sen.,496841.2465692256,6087032.037176935,6.465837222524584e-06
74937403019666157,Kauno m.,38.0,1991.0,1,ambiguous,citywide,24483,47285.0,e8a10eaa-5c92-49ae-9103-251bf906b46a,38.00377657364652,Vilijampolės sen.,493546.3028499998,6086931.695050001,9.937857879904755e-05
74180871291915515,Kauno m.,81.0,1984.0,1,ambiguous,citywide,39803,66033.0,3ad227e0-9889-4b75-b6ca-ad62dd339fd4,80.99984627571887,Šilainių sen.,490177.06605,6088154.659649999,1.8978324325402696e-06
75703205726677408,Vilijampolės sen.,1506.0,1941.0,2,ambiguous,district,199,10525.0,4D86FA1E-1A75-4D80-A79D-A7CA3ACAFC1D,1501.1571881193324,Vilijampolės sen.,493595.0649184253,6086456.344645466,0.003220859944658372
6479855558944933,Kauno m.,112.0,2021.0,3,ambiguous,citywide,40523,58194.0,8671a098-91d0-46fe-ab06-98c63afc3688,111.99769891734616,Šilainių sen.,492700.8328168152,6090335.235905631,2.0545591897125348e-05
84554038066529016,Dainavos sen.,606.0,2005.0,1,ambiguous,district,592,10544.0,CD392FBA-A6C7-49B1-8834-210B35DDFFD1,607.9585499689401,Dainavos sen.,497224.6179350474,6086929.561939348,0.0032267191796826467
74288106041947424,Kauno m.,46.0,1953.0,1,ambiguous,citywide,28608,21498.0,670D33CE-01EF-4EA9-B08C-9EF33B7C05F2,46.00600000535231,Šilainių sen.,486785.7866999997,6088022.945,0.00013042639307148107
74802296056132839,Centro sen.,128.0,1938.0,2,ambiguous,district,1654,32016.0,5A7E6C3E-3F2F-40F3-A2BF-E4995ECA2B2C,127.99095000330098,Centro sen.,494943.9287691557,6085058.69861462,7.070559879274185e-05
75686491394577907,Šančių sen.,153.0,1925.0,1,ambiguous,district,2949,11780.0,1F4FA884-8A57-4E15-8143-C3B9D5A6B48C,152.97590000307503,Šančių sen.,496277.9432008764,6080739.845967005,0.00015752872676966234
75672733999477645,Petrašiūnų sen.,194.0,1960.0,1,ambiguous,district,2332,34513.0,67474481-54EE-4812-B95C-52193B303917,194.10399999099226,Petrašiūnų sen.,499567.9156000001,6084879.9484,0.0005359387869434684
7567641496752936,Panemunės sen.,84.0,1930.0,1,ambiguous,district,5027,21847.0,4B6E9AF2-DE68-4C5F-B2A5-514F3513B1A7,83.99804999840613,Panemunės sen.,500004.7546785543,6080871.009910013,2.3214574144780897e-05
7442468086945199,Kauno m.,40.0,1979.0,1,ambiguous,citywide,25535,512.0,2119E511-AA18-4FFF-AE06-1B9C823F8464,39.99623781162094,Vilijampolės sen.,494215.36519710184,6088381.179617149,9.405913289795009e-05
75672705596487394,Petrašiūnų sen.,79.0,1980.0,1,ambiguous,district,3708,50819.0,4a2842b3-f355-4b13-b4ea-5a10340270e3,79.00796648231572,Petrašiūnų sen.,502135.78379999986,6084664.4852,0.0001008364641332804
75343190179787356,Šilainių sen.,232.0,2010.0,2,ambiguous,district,4797,19371.0,35F6CCF1-BE75-4059-A20D-EA1842F8009B,231.99271721955887,Šilainių sen.,487765.3675019852,6089635.650355341,3.1391787722157005e-05
74178953852363685,Kauno m.,7.0,1988.0,1,ambiguous,citywide,2461,3192.0,1E9685FE-87AF-4400-866F-38F9F4075B25,12.001999996529893,Šilainių sen.,492618.23000000004,6090486.250000001,0.5391631532228807
75624451151792352,Vilijampolės sen.,93.0,1956.0,1,ambiguous,district,4540,11191.0,9541730A-2969-4708-83D8-909D4B01929A,92.99989999337811,Vilijampolės sen.,493477.3360109918,6086971.639593835,1.0753405987884435e-06
81241923845792333,Eigulių sen.,196.0,2014.0,2,ambiguous,district,723,27768.0,8BA3E294-B210-4AB2-A978-A319F6F2DFEA,196.22185932448272,Eigulių sen.,496256.6549682093,6087511.626418262,0.0011312951732307397
65117756159357457,Žaliakalnio sen.,10.0,2012.0,1,ambiguous,district,587,64583.0,1ec050ce-730f-406e-aecc-3837dddb0640,12.018622208480666,Žaliakalnio sen.,494465.3844000001,6086394.878349999,0.18387220462466392
74988786204210331,Kauno m.,25.0,1952.0,1,ambiguous,citywide,18210,29207.0,0A56472F-66B2-41A7-B47B-01701314B5D5,25.00039999837093,Gričiupio sen.,497989.3960000001,6085158.809300002,1.5999806839861463e-05
75654661445493071,Aleksoto sen.,90.0,1936.0,2,ambiguous,district,8105,62291.0,a77ece8c-8430-4597-ab29-a7de4b015353,90.02470046880296,Aleksoto sen.,493990.9379683009,6081945.447450187,0.0002744119989497307
74499295857804307,Kauno m.,4.0,1973.0,1,no_match,citywide,0,,,,,,,
65116534576385762,Šančių sen.,131.0,2015.0,2,ambiguous,district,3226,45228.0,AE3C03ED-655F-4E95-9DC6-0FF3D4229A2B,131.00289999656417,Šančių sen.,495587.146400979,6081265.534281334,2.2137133324662273e-05
75019851620651723,Kauno m.,32.8,1962.0,1,ambiguous,citywide,21873,19469.0,18683EB5-1659-4A21-8230-8B715D3AE46C,32.80472060139968,Šilainių sen.,494719.2163026529,6091131.203737566,0.0001439104187794804
74980888020177217,Centro sen.,142.0,1920.0,2,ambiguous,district,1642,32080.0,65DC6223-71F9-454E-A9EE-D83A8FE1ED3D,141.81169152946745,Centro sen.,494957.128526359,6085095.141929772,0.001326996059610508
6495821006139102,Žaliakalnio sen.,484.0,1959.0,1,ambiguous,district,572,42980.0,899B9179-16CF-45DD-938A-1F0C3A1CE4B2,483.84710001920774,Žaliakalnio sen.,496605.1099999999,6085456.293200001,0.00031595896100000687
75333898476146341,Centro sen.,160.0,1996.0,2,ambiguous,district,1646,10634.0,DD43E408-158C-414B-86FD-1972E1CA04FC,159.98587377607902,Centro sen.,495333.3245842203,6084639.101575912,8.829279719968497e-05
65339906617134222,Šilainių sen.,251.0,2011.0,1,ambiguous,district,4342,19248.0,DD556434-EC82-4646-9821-4BDC2F5818E2,250.9312311385966,Šilainių sen.,487220.74593608594,6089658.043823503,0.00027401706675078685
74423921259472101,Kauno m.,12.0,1974.0,1,ambiguous,citywide,8594,3192.0,1E9685FE-87AF-4400-866F-38F9F4075B25,12.001999996529893,Šilainių sen.,492618.23000000004,6090486.250000001,0.00016665249019354178
7552428601611387,Petrašiūnų sen.,94.0,1970.0,1,ambiguous,district,3549,24815.0,942142B9-04FC-4358-A824-7EB4D649EE1E,93.97104999900777,Petrašiūnų sen.,503317.6587019419,6086363.430077916,0.0003080261691499331
74451761091631319,Vilijampolės sen.,33.0,1957.0,1,ambiguous,district,2717,55039.0,a8df22ad-94fb-44dd-a082-f4b3d8331579,33.008666491237676,Vilijampolės sen.,492738.5473363832,6086378.954181904,0.00026258646775190186
74286773482781246,Kauno m.,70.0,1969.0,1,ambiguous,citywide,37634,38532.0,F1C8B1B8-FBF8-48C0-B665-8610526B2072,70.00159998517167,Aleksoto sen.,493028.32152390364,6081648.667151224,2.2856669807502783e-05
74303383177894672,Kauno m.,32.0,1988.0,1,ambiguous,citywide,21525,28850.0,F9939F46-5896-456D-8FF8-83FA4EBC29E8,31.996313406877867,Žaliakalnio sen.,496262.0398589024,6087029.177061065,0.00011521267179182004
75021748596747456,Kauno m.,24.0,1933.0,1,ambiguous,citywide,17670,12815.0,E8EABD14-F888-422C-ABA7-C5C8CCEC5C25,24.000599999125676,Šančių sen.,496818.5500000001,6081148.900000001,2.4999651075940932e-05
75628152304743457,Šančių sen.,150.0,1954.0,1,ambiguous,district,2982,8180.0,5681EA7D-157D-44D7-9C1D-6FBB57EFBF20,150.00124999267516,Šančių sen.,496378.2592676037,6082560.953396932,8.333249780001495e-06
75624599344854562,Centro sen.,116.0,1956.0,2,ambiguous,district,1608,61519.0,2bda69a7-90b2-4338-9644-7cd4a68cbedc,115.91018723487824,Centro sen.,493982.5177674742,6084874.148421603,0.0007745478599510136
74449490378926911,Kauno m.,24.0,1959.0,1,ambiguous,citywide,17670,12815.0,E8EABD14-F888-422C-ABA7-C5C8CCEC5C25,24.000599999125676,Šančių sen.,496818.5500000001,6081148.900000001,2.4999651075940932e-05
74429950814075524,Kauno m.,74.0,1959.0,1,ambiguous,citywide,38578,11898.0,32504D89-6C13-4068-A000-5B89CEAA60E3,74.00440000552163,Panemunės sen.,498473.9614999998,6080739.3543,5.945776642768408e-05
75683011940827022,Žaliakalnio sen.,134.0,1974.0,1,ambiguous,district,4484,5535.0,13E2E1CC-8C6A-4EA7-A4B0-3A8057AA2558,133.99796999718876,Žaliakalnio sen.,493747.3860117911,6085139.079887845,1.5149389462010276e-05
75527971944886182,Kauno m.,19.0,1970.0,1,ambiguous,citywide,14402,25601.0,06EC2A22-2355-40BE-BB99-EE0F7A2F6ECF,19.0,Petrašiūnų sen.,501135.92420000024,6084766.5735,0.0
74835064528518347,Žaliakalnio sen.,24.0,1959.0,2,ambiguous,district,1695,63424.0,ff0e9f36-89d0-4cfd-b72d-d04bcd96008e,23.98458452756602,Žaliakalnio sen.,495542.10528848664,6086518.723027431,0.0006425177217259659
75689281525484542,Kauno m.,165.0,1924.0,2,ambiguous,citywide,34983,47796.0,4BC705B3-6A14-4979-87DF-2AC67C37803C,164.99997765821453,Vilijampolės sen.,488758.49294079945,6085847.581777779,1.3540476917484057e-07
75594553231408568,Šančių sen.,123.0,1962.0,1,ambiguous,district,3314,1408.0,D29D98B6-0A5F-45B5-BC6A-A12FAA67D6DD,123.00936005605591,Šančių sen.,496192.27491651976,6080819.408872543,7.609512140760444e-05
74328136403627426,Kauno m.,20.0,1965.0,1,ambiguous,citywide,15162,42659.0,62E3BCEC-CF1A-411E-BD41-7C2CD1C41A70,20.000999999978582,Aleksoto sen.,493055.17640744965,6080852.427823423,4.9998748970825346e-05
65148093633079954,Panemunės sen.,230.0,2016.0,1,ambiguous,district,3694,6196.0,495B1089-18A8-4E0D-A38C-F45AACBB593C,229.93674999176338,Panemunės sen.,498311.40941033163,6081430.642705268,0.000275037855255178
80546798942608744,Petrašiūnų sen.,2680.0,2006.0,1,ambiguous,district,284,48084.0,3a3c0002-0421-442e-82a4-a4c749ba3e22,2675.9472581520304,Petrašiūnų sen.,500746.0720442117,6085775.166800351,0.0015133616617637458
64849038923456351,Kauno m.,63.0,2024.0,2,ambiguous,citywide,35632,66119.0,f09ffdff-214b-4829-8cd2-c151a289cb32,63.00000373683122,Šilainių sen.,493820.5972292782,6089326.045856123,5.931477975451571e-08
74259259284924328,Kauno m.,29.0,1958.0,1,ambiguous,citywide,20122,61155.0,bae057a1-5e7d-4f8f-b6b2-7c2cf51afab8,28.999892065010798,Šilainių sen.,494649.80932389677,6090974.922940333,3.721903105713409e-06
75151844516265207,Vilijampolės sen.,178.0,1993.0,1,ambiguous,district,3234,43028.0,9602D7E3-82F8-45DC-A28A-21A7231C0B40,178.00033218664956,Vilijampolės sen.,487793.78350993816,6087291.276374667,1.8662153911108703e-06
75679178282069007,Žaliakalnio sen.,67.0,1929.0,1,ambiguous,district,4257,63262.0,dae9fd93-d9dc-4164-9eb5-b43d8be21918,66.92451708185328,Žaliakalnio sen.,495978.61786120187,6084052.855138324,0.001127245821517242
74263354185222952,Kauno m.,25.0,1970.0,1,ambiguous,citywide,18210,29207.0,0A56472F-66B2-41A7-B47B-01701314B5D5,25.00039999837093,Gričiupio sen.,497989.3960000001,6085158.809300002,1.5999806839861463e-05
74257017188623112,Kauno m.,19.0,1992.0,1,ambiguous,citywide,14402,25601.0,06EC2A22-2355-40BE-BB99-EE0F7A2F6ECF,19.0,Petrašiūnų sen.,501135.92420000024,6084766.5735,0.0
74982648876295563,Panemunės sen.,31.0,1992.0,1,ambiguous,district,2378,48883.0,89151B9C-B278-4E64-AFD5-F473A5B24450,30.972067109283145,Panemunės sen.,497818.0878705178,6081117.495660878,0.0009014671903462279
64906265986689055,Vilijampolės sen.,144.0,2019.0,2,ambiguous,district,3941,3842.0,DEB2292D-0110-4F04-AF5C-AE51FBF573ED,143.996350008424,Vilijampolės sen.,492945.6844738218,6085851.406657843,2.5347484966964373e-05
7569374097027011,Vilijampolės sen.,106.0,1920.0,2,ambiguous,district,4460,32196.0,E0EC908D-6DD3-4A6A-98B7-03F23EF75189,105.98547263279698,Vilijampolės sen.,493054.86098020256,6086821.9095242955,0.0001370600262866617
65207553196052953,Vilijampolės sen.,199.0,2010.0,2,ambiguous,district,2816,53253.0,5cdeb9f9-8313-4e43-a51f-c701122f2c3c,198.96615338192572,Vilijampolės sen.,491512.1451267131,6086572.795560261,0.00017009797375067137
64926899396538826,Šilainių sen.,74.0,2019.0,2,ambiguous,district,6697,51449.0,e440ec91-c55e-44e1-bd6a-933ecfb7f28d,73.99481597927792,Šilainių sen.,488594.9472442707,6089277.214274089,7.005678800187098e-05
65172174243197947,Šilainių sen.,177.0,2011.0,1,ambiguous,district,6168,31448.0,87A86D42-6D53-4FA5-B8A5-23FCE7B1E226,177.0212172370982,Šilainių sen.,493224.3862708805,6087391.503296554,0.00011986421203324937
7521769562186563,Panemunės sen.,72.9,1963.0,1,ambiguous,district,4596,61548.0,bf6c3e7f-6e65-4a14-9895-e017caf7bef9,72.89575481189246,Panemunės sen.,499214.38113122206,6079844.3140309965,5.823472863397683e-05
74447185404313346,Kauno m.,9.0,1950.0,1,ambiguous,citywide,5299,3192.0,1E9685FE-87AF-4400-866F-38F9F4075B25,12.001999996529893,Šilainių sen.,492618.23000000004,6090486.250000001,0.28784872494197433
75342075708521153,Šilainių sen.,116.0,1992.0,2,ambiguous,district,7340,60895.0,4e803aa7-48f8-44c7-8e22-f493f817be23,115.99742299597743,Šilainių sen.,489710.98429987306,6087229.052267969,2.221579868777468e-05
75671672880088581,Aleksoto sen.,88.0,1931.0,1,ambiguous,district,8072,45945.0,7408484E-4DF3-481F-8B85-2E45FC80446A,87.993479118974,Aleksoto sen.,492642.6684034745,6080529.915020978,7.410366635962617e-05
75339218722940027,Vilijampolės sen.,25.0,1993.0,1,ambiguous,district,2174,11326.0,5829156B-DF77-4C71-B6E6-DDFEA4DDE8ED,24.99914999632668,Vilijampolės sen.,491349.45878927363,6086208.81785914,3.4000724950633554e-05
75021786633913429,Kauno m.,16.0,1983.0,1,ambiguous,citywide,12108,36148.0,42D62C8E-7585-4040-B6DD-350FA71FAB0F,16.0,Šančių sen.,496992.37090000045,6082192.865499999,0.0
74444806885237622,Žaliakalnio sen.,18.0,1958.0,1,ambiguous,district,1298,16112.0,4CD097A7-EA41-4F5B-BAFE-09B6932C24F5,18.030799995936267,Žaliakalnio sen.,495553.4194512724,6085769.706689977,0.0017096486029646307
74944849051499438,Kauno m.,37.0,1979.0,1,ambiguous,citywide,24010,41033.0,72799223-CC61-4599-BDA9-9CE4A32480E5,36.99736197245942,Aleksoto sen.,493600.15641070926,6081430.292874727,7.130058346316304e-05
64859268663315692,Kauno m.,188.0,2019.0,1,ambiguous,citywide,31503,33528.0,C51DE379-A866-4BDA-B0F3-CB1367D53B96,187.99679999303706,Aleksoto sen.,491736.8786000003,6084481.867099999,1.7021458496913056e-05
75679242925836068,Panemunės sen.,107.0,1929.0,1,ambiguous,district,5338,50163.0,33FF9B30-E393-4983-AAFC-82D95F37F080,107.03343388897962,Panemunės sen.,499245.94685998,6079725.905226291,0.00031241744473398114
74462124984899514,Petrašiūnų sen.,109.0,2005.0,2,ambiguous,district,3406,31541.0,A7CAF8C5-FF25-4A4D-B503-CCB4C902ED9C,108.96725600322415,Petrašiūnų sen.,500868.08295139,6084776.266514907,0.00030044877035706463
75176617556672515,Aleksoto sen.,123.0,1981.0,1,ambiguous,district,7884,2741.0,628913F1-4F81-4978-B89D-6D0BB5AF9CE6,123.02225000260957,Aleksoto sen.,495951.0345661525,6079661.201791897,0.00018087797075327927
74335291805236778,Kauno m.,13.0,1975.0,2,ambiguous,citywide,9555,35456.0,3BA4D5F7-5D94-4C59-A9F0-989F391DA4E6,13.001844835072216,Šančių sen.,496448.3977335273,6083813.975750751,0.0001419003218434689
75657496589487797,Petrašiūnų sen.,50.0,1983.0,2,ambiguous,district,3558,26816.0,88BF0299-8BB7-40CD-A2A7-7FB72AA6E8FC,50.0004531627348,Petrašiūnų sen.,501001.5,6085811.019150002,9.063213624926902e-06
87828218216217516,Aleksoto sen.,146.0,2004.0,1,ambiguous,district,7422,12337.0,305907FB-CD9B-48F8-AFFE-614971B8D8F7,145.9973000087075,Aleksoto sen.,491531.42375335016,6080304.099451856,1.849326204350632e-05
74992630453884213,Kauno m.,17.0,1970.0,1,ambiguous,citywide,12896,7495.0,20E3F8ED-B037-4A40-9933-B4B5DFBA6909,17.000950002374314,Aleksoto sen.,495416.22617561574,6080355.553315051,5.588093123831683e-05
744871072940297,Šilainių sen.,7.0,1920.0,1,ambiguous,district,300,3192.0,1E9685FE-87AF-4400-866F-38F9F4075B25,12.001999996529893,Šilainių sen.,492618.23000000004,6090486.250000001,0.5391631532228807
64750085601423008,Kauno m.,99.0,2024.0,2,ambiguous,citywide,40954,65424.0,129f9b0d-e0f0-426d-800d-4c424eea2643,98.9998675070956,Panemunės sen.,496951.3542817712,6077750.622497141,1.3383130612609762e-06
74787268884086197,Kauno m.,32.0,1982.0,1,ambiguous,citywide,21525,28850.0,F9939F46-5896-456D-8FF8-83FA4EBC29E8,31.996313406877867,Žaliakalnio sen.,496262.0398589024,6087029.177061065,0.00011521267179182004
74258601058029047,Kauno m.,14.0,1951.0,1,ambiguous,citywide,10423,38523.0,CFB723D0-EC6D-4CE0-93F1-DCBE2FE943A2,13.998468149964506,Gričiupio sen.,498218.1656500003,6085042.26175,0.00010942384624845758
64750828846543887,Kauno m.,42.0,2025.0,1,ambiguous,citywide,26550,6596.0,DBE3FC5B-9F53-4252-8AFB-10AB81624EF3,42.000799998725576,Aleksoto sen.,490622.12500000006,6080355.694999998,1.9047407301187036e-05
65121846939288422,Dainavos sen.,94.0,2014.0,2,ambiguous,district,532,27228.0,81714C6F-6FD9-463D-8A26-3EE57766D8E7,94.1737500031013,Dainavos sen.,498672.0465422692,6086338.738609463,0.0018466980912767994
74470471121333967,Kauno m.,4.0,1970.0,1,no_match,citywide,0,,,,,,,
65188907053145201,Petrašiūnų sen.,230.0,2016.0,2,ambiguous,district,1950,50842.0,AEA81862-34B1-4DEC-A1C5-50E910C5873A,230.1891144655024,Petrašiūnų sen.,503400.5545562636,6086281.344715745,0.0008218989550323741
74435348701631099,Kauno m.,23.0,1962.0,1,ambiguous,citywide,17115,23510.0,B614982E-50C9-49D2-BD1F-20276B84190F,23.003700001622736,Vilijampolės sen.,493912.0850999998,6087234.5699,0.0001608566976387671
74266169977404622,Kauno m.,25.0,1975.0,1,ambiguous,citywide,18210,29207.0,0A56472F-66B2-41A7-B47B-01701314B5D5,25.00039999837093,Gričiupio sen.,497989.3960000001,6085158.809300002,1.5999806839861463e-05
64860965490190409,Kauno m.,137.0,2022.0,2,ambiguous,citywide,38496,10574.0,F61F2E7C-B5AA-4BB6-9FA1-81E759A3F3C3,137.00139999154155,Šilainių sen.,493639.0313000001,6090173.3169,1.021886414864781e-05
74460906886528441,Kauno m.,13.0,1927.0,1,ambiguous,citywide,9555,35456.0,3BA4D5F7-5D94-4C59-A9F0-989F391DA4E6,13.001844835072216,Šančių sen.,496448.3977335273,6083813.975750751,0.0001419003218434689
74704455870883785,Eigulių sen.,65.0,1964.0,1,ambiguous,district,674,25737.0,08D59EBA-C7DC-4D29-B1B2-C4B6CBBCB4B2,65.02856562265883,Eigulių sen.,495113.77196003566,6087415.633816226,0.00043937457868015173
74480283968815023,Kauno m.,21.0,1954.0,1,ambiguous,citywide,15889,28359.0,7954F990-38CB-4317-9E88-38DC85F535ED,21.000499999102203,Vilijampolės sen.,492868.10720000026,6086517.1454,2.3809197616131428e-05
75409268999053314,Kauno m.,39.0,1983.0,1,ambiguous,citywide,25058,54907.0,2986dd97-534c-46d5-8e66-387de25a99ae,39.00176693465833,Vilijampolės sen.,491702.9259369278,6086410.390419007,4.5304990593741934e-05
64872912744545472,Kauno m.,170.0,2021.0,2,ambiguous,citywide,34204,36775.0,5BECE06B-CA9E-4E70-90D7-638A72284677,169.99395620401398,Aleksoto sen.,493200.7609637546,6081125.920426016,3.555237307306669e-05
82678943925155124,Kauno m.,26.0,2007.0,1,ambiguous,citywide,18729,30248.0,0E85D2CF-C288-45B7-B007-683BF429F192,25.999763854411132,Vilijampolės sen.,492539.84290740883,6085427.240912551,9.0825638952019e-06
7429415505667189,Aleksoto sen.,56.0,1959.0,1,ambiguous,district,6288,35054.0,00142E01-6BEC-4539-955E-A683B04DD6C0,56.01544999977499,Aleksoto sen.,494422.2959715621,6082712.842277109,0.000275854801690123
75374635043460037,Kauno m.,854.0,1987.0,5,ambiguous,citywide,4367,36850.0,2D29D51A-4B70-4F9A-AE54-32D5DD515C2B,854.072301989376,Centro sen.,494762.8983292375,6084914.659499468,8.465916733690904e-05
74457656967954963,Panemunės sen.,14.0,1975.0,1,ambiguous,district,1300,35995.0,F37A5930-9769-449D-AD18-709435032D10,14.002474562702611,Panemunės sen.,496960.367,6078028.743300001,0.00017673885952573798
75672431903969051,Vilijampolės sen.,79.0,1931.0,1,ambiguous,district,4548,31388.0,4B366890-EE9B-473E-A2BB-9824A5C80C57,79.00480000908003,Vilijampolės sen.,492493.12350000005,6085521.7308,6.0757762817331695e-05
75649618097841417,Kauno m.,154.0,1939.0,2,ambiguous,citywide,36548,42175.0,F09D6542-A826-49DD-B84B-F68344C16C5A,154.0032180777126,Žaliakalnio sen.,494628.22032429266,6087542.660016776,2.0896390191538217e-05
7501118222988315,Kauno m.,34.0,1994.0,1,ambiguous,citywide,22473,31579.0,D64FC78D-52FC-4245-8DC4-EF5E74E3A922,34.00179999922104,Vilijampolės sen.,494278.27175430197,6087973.267618117,5.293975222642189e-05
64820485814060871,Kauno m.,141.0,2022.0,1,ambiguous,citywide,38078,16400.0,4631FB01-3287-4ADE-8F63-12341470518E,141.0016999988716,Žaliakalnio sen.,494432.2749999999,6085799.61,1.2056656903958185e-05
64803223254379011,Kauno m.,307.0,2022.0,1,ambiguous,citywide,17326,8036.0,FAFFD8F1-94A4-4F2A-A35E-B64662C84549,306.999299998001,Petrašiūnų sen.,500497.62499999994,6087601.2749999985,2.2801394035099065e-06
74922361799603168,Kauno m.,34.0,1932.0,1,ambiguous,citywide,22473,31579.0,D64FC78D-52FC-4245-8DC4-EF5E74E3A922,34.00179999922104,Vilijampolės sen.,494278.27175430197,6087973.267618117,5.293975222642189e-05
74562224464090207,Kauno m.,133.0,1937.0,1,ambiguous,citywide,38890,61828.0,daa1e792-d147-4403-8741-f90f3b727a1a,132.99710064293242,Aleksoto sen.,492829.1840000002,6080176.3364,2.179991481643384e-05
74993920012228321,Kauno m.,10.2,1972.0,0,ambiguous,citywide,6696,3192.0,1E9685FE-87AF-4400-866F-38F9F4075B25,12.001999996529893,Šilainių sen.,492618.23000000004,6090486.250000001,0.16268558198796867
75685051657293723,Žaliakalnio sen.,93.75,1926.0,1,ambiguous,district,4693,33946.0,36C68CF6-22C2-4313-9FD5-D02553C0D22F,93.74685140712135,Žaliakalnio sen.,494295.3151000003,6085351.5949,3.358555469379354e-05
7412846778272518,Kauno m.,17.0,2002.0,1,ambiguous,citywide,12896,7495.0,20E3F8ED-B037-4A40-9933-B4B5DFBA6909,17.000950002374314,Aleksoto sen.,495416.22617561574,6080355.553315051,5.588093123831683e-05
75573331065788479,Gričiupio sen.,692.0,1965.0,5,ambiguous,district,349,15899.0,699E6A63-4902-41E1-AC71-1BAD9F15FE6E,690.3097999943558,Gričiupio sen.,497862.3824440326,6086111.436158657,0.002445473291126987
64702904187232929,Kauno m.,184.0,2025.0,1,ambiguous,citywide,32106,49431.0,91a2a2eb-6ce5-4b85-b458-e74952dfacf3,183.99997621008683,Panemunės sen.,498669.35358679865,6078335.511358585,1.292930154050964e-07
74482409802728675,Kauno m.,20.0,1992.0,1,ambiguous,citywide,15162,42659.0,62E3BCEC-CF1A-411E-BD41-7C2CD1C41A70,20.000999999978582,Aleksoto sen.,493055.17640744965,6080852.427823423,4.9998748970825346e-05
7431752048624049,Kauno m.,29.0,1982.0,1,ambiguous,citywide,20122,61155.0,bae057a1-5e7d-4f8f-b6b2-7c2cf51afab8,28.999892065010798,Šilainių sen.,494649.80932389677,6090974.922940333,3.721903105713409e-06
75606822365240273,Kauno m.,2320.0,1974.0,9,ambiguous,citywide,1190,39212.0,068358B6-7D10-4745-88FF-EE27E6EC7F2E,2320.423150485369,Panemunės sen.,498024.466240334,6080947.939390681,0.0001823758191088487
75360593568968862,Eigulių sen.,590.0,1989.0,13,ambiguous,district,622,1794.0,2F43910E-F484-40D1-9693-CEEEBB70058D,591.6879499910718,Eigulių sen.,497743.6499592673,6087742.07213971,0.002856847510567917
65055056519037424,Šilainių sen.,202.0,2018.0,3,ambiguous,district,5555,18854.0,D3FB0A81-7F46-4F3F-A891-CFEEB4ACDB7B,202.0021499863904,Šilainių sen.,492762.7274174335,6090316.611454232,1.0643440340629695e-05
75669489451493044,Kauno m.,9342.0,1964.0,2,ambiguous,citywide,181,54107.0,a84fa051-9404-4cf0-9ddd-71b5c176787b,9356.410115107277,Šilainių sen.,491134.8674201444,6088568.250524684,0.0015413201305758406
80308520505493752,Šilainių sen.,232.0,2008.0,2,ambiguous,district,4797,19371.0,35F6CCF1-BE75-4059-A20D-EA1842F8009B,231.99271721955887,Šilainių sen.,487765.3675019852,6089635.650355341,3.1391787722157005e-05
74514216065107733,Kauno m.,24.0,1987.0,1,ambiguous,citywide,17670,12815.0,E8EABD14-F888-422C-ABA7-C5C8CCEC5C25,24.000599999125676,Šančių sen.,496818.5500000001,6081148.900000001,2.4999651075940932e-05
64811414596351619,Kauno m.,175.0,2022.0,1,ambiguous,citywide,33467,15355.0,D2A4F5F2-C543-455A-9658-B9E690D72F6C,175.00169999982623,Panemunės sen.,498782.00933001214,6082827.146006973,9.714237537927772e-06
74130949638745516,Aleksoto sen.,156.0,2009.0,2,ambiguous,district,7155,44559.0,FA098F95-0AA7-4B14-9CA6-C7AFA06F26CB,156.00299999756086,Aleksoto sen.,494169.2363293909,6080573.515717463,1.9230568686801064e-05
74621232885496505,Kauno m.,26.0,1968.0,1,ambiguous,citywide,18729,30248.0,0E85D2CF-C288-45B7-B007-683BF429F192,25.999763854411132,Vilijampolės sen.,492539.84290740883,6085427.240912551,9.0825638952019e-06
82492451462665914,Kauno m.,26.0,2005.0,1,ambiguous,citywide,18729,30248.0,0E85D2CF-C288-45B7-B007-683BF429F192,25.999763854411132,Vilijampolės sen.,492539.84290740883,6085427.240912551,9.0825638952019e-06
75568944453956025,Gričiupio sen.,1079.0,1965.0,1,ambiguous,district,216,7654.0,71A9DFC2-8B06-43B0-8E46-3AB399E35D42,1084.6282500577456,Gričiupio sen.,498168.83902730705,6085814.217564833,0.005202615331606708
74458248761553908,Kauno m.,17.0,1970.0,1,ambiguous,citywide,12896,7495.0,20E3F8ED-B037-4A40-9933-B4B5DFBA6909,17.000950002374314,Aleksoto sen.,495416.22617561574,6080355.553315051,5.588093123831683e-05
64915524054793158,Šilainių sen.,57.0,2019.0,2,ambiguous,district,5737,60563.0,292d0537-c44e-4d9a-82bb-d7a3ba58e48f,57.00851374182759,Šilainių sen.,488174.1819238617,6088838.746992207,0.00014935273803651228
79654791768972236,Kauno m.,22.0,1958.0,1,ambiguous,citywide,16561,54794.0,602187e6-288e-4b60-a8c1-e118443d91d0,21.998916665486203,Vilijampolės sen.,491043.35404556396,6086148.481079037,4.9243690350753155e-05
74886396102229705,Kauno m.,15.9,1998.0,2,ambiguous,citywide,12025,18819.0,FA9229F5-72D2-4E67-AB44-45B54F6D37E1,15.900694319597456,Šilainių sen.,492722.20085,6090341.782650001,4.366694579571728e-05
75706123095421227,Panemunės sen.,93.0,1900.0,1,ambiguous,district,5237,44387.0,CDA6D5D9-A7ED-46CF-9D05-17DD9251E007,92.97495000259597,Panemunės sen.,498482.07751451456,6080668.972958439,0.00026939109331891586
6484244646959933,Kauno m.,124.0,2021.0,1,ambiguous,citywide,39664,28032.0,187B5A7E-BE81-4304-BAAE-18A62BAB9BA0,123.99972570268179,Vilijampolės sen.,492481.7122426708,6086201.686349764,2.2120775939882265e-06
75027504808178436,Kauno m.,4.0,1978.0,1,no_match,citywide,0,,,,,,,
75533518947879227,Panemunės sen.,77.0,1969.0,1,ambiguous,district,4792,43389.0,A043D469-3DC4-4998-A39C-565B9F5F5718,76.99950000120512,Panemunės sen.,498581.38880500733,6080818.713293108,6.4935119254982965e-06
750309808995928,Kauno m.,38.0,1951.0,1,ambiguous,citywide,24483,47285.0,e8a10eaa-5c92-49ae-9103-251bf906b46a,38.00377657364652,Vilijampolės sen.,493546.3028499998,6086931.695050001,9.937857879904755e-05
74271124153803991,Kauno m.,23.0,1980.0,1,ambiguous,citywide,17115,23510.0,B614982E-50C9-49D2-BD1F-20276B84190F,23.003700001622736,Vilijampolės sen.,493912.0850999998,6087234.5699,0.0001608566976387671
75495128803811221,Petrašiūnų sen.,12452.0,1973.0,2,ambiguous,district,48,29766.0,C684B156-0981-4CCB-A827-98EC75EB456D,12430.907841458635,Petrašiūnų sen.,500597.01951397,6087051.1377242645,0.0016953134036814532
75222385336621858,Panemunės sen.,110.0,1982.0,1,ambiguous,district,5346,44500.0,F832FFC3-A1F3-46ED-96CE-CE1EA89C9207,110.01765000863597,Panemunės sen.,498521.33891287923,6080888.180893959,0.0001604417524969648
74494267259331975,Kauno m.,5.0,1975.0,1,ambiguous,citywide,345,3192.0,1E9685FE-87AF-4400-866F-38F9F4075B25,12.001999996529893,Šilainių sen.,492618.23000000004,6090486.250000001,0.8756353898440936
74472657579925702,Kauno m.,44.0,1980.0,1,ambiguous,citywide,27539,60527.0,db38a606-53d1-47e6-b5d4-e64aaa21ee43,44.00053074682302,Šilainių sen.,489971.9751714654,6088039.162789768,1.2062355045472373e-05
74733526758123378,Kauno m.,31.0,1989.0,1,ambiguous,citywide,21068,37956.0,D74F9B33-AA42-4A40-9357-73300279589E,31.000705796529928,Vilijampolės sen.,491720.46673969046,6086516.7864471385,2.2767370819298804e-05
74585350126736102,Kauno m.,17.23,1999.0,1,ambiguous,citywide,13070,35912.0,00C43D6A-F32C-4091-8849-09D506410487,17.227850000617654,Šančių sen.,496308.2983030566,6082518.098356716,0.00012479010646915256
74424786598668954,Kauno m.,33.0,1977.0,1,ambiguous,citywide,21974,5827.0,2919B7C4-75EB-499B-9E0A-49AE80F70E12,33.00240000490323,Žaliakalnio sen.,494503.0350000001,6085593.42,7.272477679931555e-05
74463319716798732,Kauno m.,10.0,1965.0,1,ambiguous,citywide,6494,3192.0,1E9685FE-87AF-4400-866F-38F9F4075B25,12.001999996529893,Šilainių sen.,492618.23000000004,6090486.250000001,0.182488209284148
74864107976490221,Kauno m.,15.0,1991.0,1,ambiguous,citywide,11269,32282.0,8B41C570-8FB4-453E-B4C6-A45E9968D4D0,15.000750000683592,Aleksoto sen.,491920.7975308333,6084434.660006409,4.999879561218279e-05
74843985603877367,Kauno m.,17.0,1890.0,1,ambiguous,citywide,12896,7495.0,20E3F8ED-B037-4A40-9933-B4B5DFBA6909,17.000950002374314,Aleksoto sen.,495416.22617561574,6080355.553315051,5.588093123831683e-05
75685359764461543,Kauno m.,153.0,1981.0,1,ambiguous,citywide,36681,65684.0,e63aabce-44c1-4e73-b712-9bcef8304642,152.99983070189063,Panemunės sen.,500380.4153334387,6080451.979982716,1.1065242029317801e-06
75369814418139336,Aleksoto sen.,150.0,1988.0,1,ambiguous,district,7315,14477.0,26F5EDA0-A326-4193-B1B3-C7098E1D09E4,149.99159998773746,Aleksoto sen.,493452.637956979,6082015.751931618,5.6001649813453014e-05
64847884155001936,Kauno m.,137.0,2022.0,2,ambiguous,citywide,38496,10574.0,F61F2E7C-B5AA-4BB6-9FA1-81E759A3F3C3,137.00139999154155,Šilainių sen.,493639.0313000001,6090173.3169,1.021886414864781e-05
75621855996267986,Žaliakalnio sen.,103.0,1956.0,2,ambiguous,district,4679,55227.0,a54058fc-5fbe-44cb-b817-8a2979a502ac,102.99206011137814,Žaliakalnio sen.,494751.004671961,6086204.048724592,7.708926860061638e-05
75602505225078165,Gričiupio sen.,66.0,1961.0,1,ambiguous,district,929,12195.0,1FF0D860-B5C7-44AB-B2DC-A0641581D282,66.16605000501946,Gričiupio sen.,497815.0578022542,6085324.393458198,0.0025127495658967547
74269798589992053,Kauno m.,27.0,1992.0,1,ambiguous,citywide,19219,8089.0,00F782A1-B0D3-4C33-BBDC-F90B7180B226,26.998350001438148,Panemunės sen.,496870.9255026141,6077850.352718684,6.111292520305511e-05
74889580166850517,Kauno m.,3.0,1973.0,1,no_match,citywide,0,,,,,,,
75097163047107826,Šančių sen.,877.0,1976.0,1,ambiguous,district,315,44211.0,885A7290-F8E5-4736-971C-A86835959522,877.804499976623,Šančių sen.,496564.7830320334,6080855.188463655,0.0009169112946736391
64704178201527046,Kauno m.,136.0,2025.0,1,ambiguous,citywide,38592,31276.0,AC030A42-EE00-4764-B4F1-7D61D9389FD1,135.99882131810594,Vilijampolės sen.,490606.211745856,6086404.170725999,8.666816190050497e-06
74420232734430991,Kauno m.,38.0,1986.0,2,ambiguous,citywide,24483,47285.0,e8a10eaa-5c92-49ae-9103-251bf906b46a,38.00377657364652,Vilijampolės sen.,493546.3028499998,6086931.695050001,9.937857879904755e-05
75712195195382165,Centro sen.,586.0,1875.0,2,ambiguous,district,617,55125.0,779b3638-804a-4114-b560-d0fa5b4f6a47,585.9883440021907,Centro sen.,493027.6766928449,6084732.174129948,1.989097906829329e-05
7464259221573262,Kauno m.,8.0,1970.0,1,ambiguous,citywide,3969,3192.0,1E9685FE-87AF-4400-866F-38F9F4075B25,12.001999996529893,Šilainių sen.,492618.23000000004,6090486.250000001,0.40563176059835815
74445530733079579,Kauno m.,12.0,1967.0,1,ambiguous,citywide,8594,3192.0,1E9685FE-87AF-4400-866F-38F9F4075B25,12.001999996529893,Šilainių sen.,492618.23000000004,6090486.250000001,0.00016665249019354178
64867445006039429,Kauno m.,144.0,2022.0,2,ambiguous,citywide,37748,9786.0,32787017-6822-4A9E-88B7-77860A0BC24A,143.9978999945339,Panemunės sen.,497177.99474701623,6078144.779360368,1.4583477630836228e-05
74469814404444848,Kauno m.,19.0,1974.0,1,ambiguous,citywide,14402,25601.0,06EC2A22-2355-40BE-BB99-EE0F7A2F6ECF,19.0,Petrašiūnų sen.,501135.92420000024,6084766.5735,0.0
65158683444881571,Šilainių sen.,139.0,2012.0,2,ambiguous,district,7003,20287.0,5E6C2131-42BC-4C5F-B96D-231E087C2822,138.98596965177845,Šilainių sen.,488803.96935211174,6088604.051538864,0.00010094285154771399
7456848096512439,Žaliakalnio sen.,166.0,1972.0,1,ambiguous,district,4027,14189.0,2EE9C962-3D4B-4761-AB60-68B1B094DAAE,166.00424999330008,Žaliakalnio sen.,495959.285859026,6085556.22646511,2.5602041541894494e-05
75687480828795797,Žaliakalnio sen.,40.0,1925.0,1,ambiguous,district,2608,265.0,AB9482DF-43C1-4CB5-B3B7-8CCE6B277F79,39.98750000090338,Žaliakalnio sen.,495456.91252012097,6086158.189720972,0.00031254881570808024
65259694143024863,Šilainių sen.,160.0,2017.0,2,ambiguous,district,6605,1256.0,99649F90-1717-47E6-84BF-1A529C813E3A,160.01490001099873,Šilainių sen.,488032.60462489765,6088160.110148086,9.312073287226497e-05
7446328219140784,Kauno m.,18.0,1998.0,1,ambiguous,citywide,13645,12810.0,E5470CB3-C0D5-46A3-9ABF-28319CADAD23,18.000599997430665,Panemunės sen.,499372.8338694433,6080718.06656832,3.333263505433948e-05
74417637927813585,Šilainių sen.,27.0,1992.0,1,ambiguous,district,3039,64746.0,3553e4fe-7f27-4642-8de4-a97b48ff7303,27.01161534421539,Šilainių sen.,492373.9112,6090538.1894499995,0.00043010542530241835
64808154406929719,Kauno m.,87.0,2023.0,2,ambiguous,citywide,40483,13372.0,6672360D-D480-4DFB-A7C0-770776E2437E,87.00095476772138,Panemunės sen.,497982.44090056396,6078772.556296796,1.097428140717227e-05
75604293151156715,Žaliakalnio sen.,86.0,1960.0,2,ambiguous,district,4654,2038.0,17AC714C-417E-453F-930D-AA1879694B63,85.99942678707804,Žaliakalnio sen.,495986.58415,6087412.830999999,6.665288746710019e-06
75390076541348078,Šilainių sen.,510.0,1985.0,9,ambiguous,district,980,23433.0,B0FAE558-CDE0-4D4D-B7D7-C08B3CD31802,510.0321941364905,Šilainių sen.,493923.3490952211,6089353.524967938,6.312376547779053e-05
75658088537920803,Žaliakalnio sen.,207.0,1935.0,2,ambiguous,district,3237,17844.0,B1DF4061-1E1C-4834-ACDA-353154C931A5,207.01910905556332,Žaliakalnio sen.,494484.8772863445,6085507.00969462,9.231001738285727e-05
74524568506355138,Kauno m.,24.0,1930.0,1,ambiguous,citywide,17670,12815.0,E8EABD14-F888-422C-ABA7-C5C8CCEC5C25,24.000599999125676,Šančių sen.,496818.5500000001,6081148.900000001,2.4999651075940932e-05
74490148324596606,Kauno m.,26.0,1973.0,1,ambiguous,citywide,18729,30248.0,0E85D2CF-C288-45B7-B007-683BF429F192,25.999763854411132,Vilijampolės sen.,492539.84290740883,6085427.240912551,9.0825638952019e-06
75558448342514892,Kauno m.,18.0,1966.0,1,ambiguous,citywide,13645,12810.0,E5470CB3-C0D5-46A3-9ABF-28319CADAD23,18.000599997430665,Panemunės sen.,499372.8338694433,6080718.06656832,3.333263505433948e-05
74172572097180756,Panemunės sen.,61.0,1985.0,1,ambiguous,district,3961,33464.0,FE05B47A-57AB-4A9A-B385-3574C4CABA1E,61.000800010134284,Panemunės sen.,501418.4887999999,6078938.8431,1.3114834234606576e-05
75644585431876743,Gričiupio sen.,183.0,1939.0,1,ambiguous,district,909,46827.0,4D9E8BE1-76F1-4901-B5D4-FCD0C405BA96,183.05762108492343,Gričiupio sen.,497292.78005829256,6084756.150825749,0.0003148197555811194
75148969130440682,Šilainių sen.,222.0,1996.0,1,ambiguous,district,5036,48033.0,023A16E4-2D5D-483C-9522-0A3C8A741D56,221.9769808366776,Šilainių sen.,489542.0098546126,6089383.878438405,0.00010369530104714642
74281466212413633,Kauno m.,75.0,1931.0,1,ambiguous,citywide,38786,59538.0,367cac22-e786-4f3d-bd68-f85ca1fa4a1b,74.99931672876731,Panemunės sen.,498036.76514870714,6078976.264416925,9.110324601380171e-06
74152955390180283,Panemunės sen.,178.0,2004.0,1,ambiguous,district,4582,35726.0,0A983C2F-0108-474C-8170-1AFE6913C330,177.99000000265892,Panemunės sen.,497868.51464878186,6082115.447230384,5.618133848450668e-05
75334346786736214,Petrašiūnų sen.,109.0,1995.0,2,ambiguous,district,3406,31541.0,A7CAF8C5-FF25-4A4D-B503-CCB4C902ED9C,108.96725600322415,Petrašiūnų sen.,500868.08295139,6084776.266514907,0.00030044877035706463
75017776599056812,Kauno m.,48.0,1959.0,1,ambiguous,citywide,29654,64389.0,8c9eaf79-2fef-4491-82c6-3f2a9f21edc4,48.00135606203484,Petrašiūnų sen.,499725.27001927845,6085914.936695124,2.825089333180486e-05
74421602120825187,Kauno m.,21.0,1983.0,1,ambiguous,citywide,15889,28359.0,7954F990-38CB-4317-9E88-38DC85F535ED,21.000499999102203,Vilijampolės sen.,492868.10720000026,6086517.1454,2.3809197616131428e-05
65162039564783572,Šilainių sen.,191.0,2016.0,1,ambiguous,district,5810,15339.0,D50DA13A-652E-4582-B342-4326EB951B03,191.0248499962069,Šilainių sen.,488774.2030474392,6087890.206578595,0.00013009622930137965
75503113427112703,Vilijampolės sen.,129.0,1972.0,2,ambiguous,district,4185,28209.0,0E33C026-6374-403B-9A49-242B9E7FB357,129.01679998821282,Vilijampolės sen.,492522.95919682557,6086139.834960047,0.00013022398725492934
64705735565002809,Kauno m.,138.0,2025.0,2,ambiguous,citywide,38414,30606.0,FE8E5597-C399-4227-963B-C765E631247A,137.99989187637405,Žaliakalnio sen.,494873.5292669438,6086490.138844004,7.835048432269787e-07
74425814652852584,Kauno m.,36.0,1973.0,1,ambiguous,citywide,23510,66201.0,2e2adc05-3da4-462e-a037-ff96eb198e87,36.00059857991784,Eigulių sen.,496593.7489499999,6091057.821900001,1.6627081709241764e-05
7444564876293254,Kauno m.,26.0,1982.0,1,ambiguous,citywide,18729,30248.0,0E85D2CF-C288-45B7-B007-683BF429F192,25.999763854411132,Vilijampolės sen.,492539.84290740883,6085427.240912551,9.0825638952019e-06
7428854841882046,Kauno m.,25.0,1973.0,1,ambiguous,citywide,18210,29207.0,0A56472F-66B2-41A7-B47B-01701314B5D5,25.00039999837093,Gričiupio sen.,497989.3960000001,6085158.809300002,1.5999806839861463e-05
64913629570790207,Kauno m.,88.0,2020.0,2,ambiguous,citywide,40553,7029.0,610A1701-E456-4DF8-9019-FA34E23E237C,88.00154999243355,Eigulių sen.,495153.2062933665,6088582.558235872,1.761339526407113e-05
87453541693809603,Kauno m.,74.0,2004.0,1,ambiguous,citywide,38578,11898.0,32504D89-6C13-4068-A000-5B89CEAA60E3,74.00440000552163,Panemunės sen.,498473.9614999998,6080739.3543,5.945776642768408e-05
75224292067171808,Šilainių sen.,106.0,1959.0,2,ambiguous,district,7436,66179.0,3d9e7c50-c8ae-45c4-9c0e-a965a6a8ae1d,105.98142020303392,Šilainių sen.,492490.30028145923,6090418.974365759,0.00017529646698122292
65064271544035046,Šilainių sen.,129.0,2016.0,2,ambiguous,district,7175,22617.0,D728CC7E-1CB2-4E4C-B5B3-0EBBB1C0F5E9,129.01114480675338,Šilainių sen.,492426.3299924014,6088469.5224882215,8.63901190681915e-05
74824826746159909,Šilainių sen.,21.0,1996.0,1,ambiguous,district,2376,59145.0,fb0ad70a-b7a3-40e6-9f79-685a50e1764a,20.965913073905046,Šilainių sen.,492224.59955127974,6086877.35541668,0.0016245057521451223
80136638325712536,Aleksoto sen.,141.0,2009.0,1,ambiguous,district,7537,62032.0,7704f502-5e30-46f0-8839-acda9871927f,140.99262315848625,Aleksoto sen.,494130.07149582304,6080594.766718347,5.2319393556210514e-05
75514822272168144,Kauno m.,21.59,1970.0,1,ambiguous,citywide,16295,64677.0,bec1421f-09e0-4901-ac3a-2c0871014a3e,21.589811756670148,Šilainių sen.,489140.94405000005,6088654.68405,8.71904356225528e-06
75027834148699457,Kauno m.,31.56,1962.0,1,ambiguous,citywide,21338,50351.0,6b8b4fec-2374-491a-8f4b-6cba0caeaebd,31.560586261270483,Panemunės sen.,500028.19422175025,6080086.751629025,1.857591335019393e-05
64880049072774157,Eigulių sen.,86.0,2020.0,2,ambiguous,district,757,33050.0,71530A51-FB5A-4497-8F9A-1C3148B12B41,86.31760798622548,Eigulių sen.,495673.0210457435,6088427.5623880075,0.003686313309466449
64711044064585208,Kauno m.,237.0,2026.0,1,ambiguous,citywide,24769,22788.0,2036DF44-039B-41A8-A49E-2DC369A3BA06,237.000236002894,Petrašiūnų sen.,500846.873793139,6084732.037866589,9.957923055026185e-07
75623792006323423,Vilijampolės sen.,96.0,1970.0,1,ambiguous,district,4526,9688.0,B7899E2F-6880-4ECC-9485-CC249F952EED,95.99956022278742,Vilijampolės sen.,493276.47633778467,6086729.852144239,4.581023123506611e-06
65115312154307395,Šilainių sen.,56.0,2014.0,2,ambiguous,district,5664,20601.0,CD6701E4-3788-41EE-99C9-BF92A29D8F32,55.97589999766871,Šilainių sen.,492824.8028988787,6089880.298353613,0.0004304498147176261
74473031661105402,Šančių sen.,20.0,1985.0,1,ambiguous,district,1428,7705.0,9475C9DF-4FAF-4D26-A163-A34E5AE71E8A,20.007199999063463,Šančių sen.,495733.36500000063,6081616.015000001,0.00035993516873800147
75705314262671256,Šančių sen.,134.0,1976.0,2,ambiguous,district,3177,10909.0,F4BA54EA-FD19-4012-A422-460F3EC0AADD,133.93740000155975,Šančių sen.,495897.7096556102,6080684.431514144,0.0004672733226405157
7502817919791005,Panemunės sen.,115.0,1993.0,1,ambiguous,district,5333,64074.0,1CC99BAE-464D-495F-8363-0622CC63CAFC,114.99592275123403,Panemunės sen.,499973.11129413586,6078764.527624103,3.545496561496719e-05
74931710334189633,Kauno m.,32.0,1969.0,1,ambiguous,citywide,21525,28850.0,F9939F46-5896-456D-8FF8-83FA4EBC29E8,31.996313406877867,Žaliakalnio sen.,496262.0398589024,6087029.177061065,0.00011521267179182004
75692060390936261,Panemunės sen.,139.0,1921.0,1,ambiguous,district,5137,36742.0,DFEA7DED-4C8C-4384-A507-F5DF938BFF54,139.01215000325664,Panemunės sen.,499726.32187369117,6081270.891098014,8.740627533221357e-05
74934178328041112,Kauno m.,15.0,1930.0,1,ambiguous,citywide,11269,32282.0,8B41C570-8FB4-453E-B4C6-A45E9968D4D0,15.000750000683592,Aleksoto sen.,491920.7975308333,6084434.660006409,4.999879561218279e-05
64789254532478371,Kauno m.,33.0,2010.0,1,ambiguous,citywide,21974,5827.0,2919B7C4-75EB-499B-9E0A-49AE80F70E12,33.00240000490323,Žaliakalnio sen.,494503.0350000001,6085593.42,7.272477679931555e-05
65062136275881838,Aleksoto sen.,80.0,2016.0,2,ambiguous,district,7830,34161.0,89313E76-101D-4FA9-9635-329D51A61FEC,79.99679999125358,Aleksoto sen.,493342.543572465,6082849.7147341585,4.000090935551981e-05
74546826806803287,Kauno m.,13.0,1966.0,1,ambiguous,citywide,9555,35456.0,3BA4D5F7-5D94-4C59-A9F0-989F391DA4E6,13.001844835072216,Šančių sen.,496448.3977335273,6083813.975750751,0.0001419003218434689
80133668295184327,Aleksoto sen.,148.0,2011.0,2,ambiguous,district,7363,44038.0,51F11070-F685-4DD8-BCF2-DE0D91A04340,148.01735125291987,Aleksoto sen.,492372.37638950546,6080748.733644142,0.00011723132354468646
74630662038209533,Šilainių sen.,147.0,2003.0,1,ambiguous,district,6860,15975.0,DB25C7D8-982B-4750-839A-DEA2664F0D97,147.00430000183806,Šilainių sen.,492969.5980490276,6087981.247396012,2.9251285361020507e-05
65324616154749368,Šilainių sen.,209.0,2009.0,1,ambiguous,district,5385,21788.0,F6047C25-B2A6-482C-9858-D3DE22C7E56A,209.01110000838395,Šilainių sen.,493140.01330383157,6087349.809214358,5.310867767072125e-05
74277468152931833,Kauno m.,32.0,1978.0,1,ambiguous,citywide,21525,28850.0,F9939F46-5896-456D-8FF8-83FA4EBC29E8,31.996313406877867,Žaliakalnio sen.,496262.0398589024,6087029.177061065,0.00011521267179182004
74248459032315708,Kauno m.,41.0,1935.0,1,ambiguous,citywide,26058,61044.0,9f1bcbe7-7777-4a80-b47c-63f8305ae147,40.99718746622927,Šilainių sen.,489915.4371500001,6087957.446799999,6.86007376287101e-05
74105616263037868,Kauno m.,108.0,1940.0,1,ambiguous,citywide,40750,66154.0,d2a8b79e-1107-40d6-b97c-2e1835a22a6d,107.9997808870303,Šilainių sen.,491205.1918572315,6089558.296033209,2.0288258522072056e-06
74992843872528359,Kauno m.,65.67,1981.0,1,ambiguous,citywide,36430,25921.0,EEBC70A6-6AAD-42F7-A355-F7A79EE4373D,65.67070125791702,Petrašiūnų sen.,503806.2170172228,6087087.561329433,1.0678455502954876e-05
75714633584752083,Centro sen.,386.0,1820.0,1,ambiguous,district,1033,10204.0,C7118458-E2E6-4473-84B2-6E443F520BF5,385.9377793247384,Centro sen.,494767.64115930337,6084124.6442932105,0.00016120645228934194
74470945916857392,Kauno m.,12.0,1953.0,1,ambiguous,citywide,8594,3192.0,1E9685FE-87AF-4400-866F-38F9F4075B25,12.001999996529893,Šilainių sen.,492618.23000000004,6090486.250000001,0.00016665249019354178
7449617296049868,Petrašiūnų sen.,103.0,1992.0,0,ambiguous,district,3475,23377.0,A7611639-033D-41F5-9065-29B4D8BF9823,103.01643111139937,Petrašiūnų sen.,503458.91378356295,6086483.106678654,0.00015951263057534248
74394883582461643,Kauno m.,11.0,1935.0,1,ambiguous,citywide,7571,3192.0,1E9685FE-87AF-4400-866F-38F9F4075B25,12.001999996529893,Šilainių sen.,492618.23000000004,6090486.250000001,0.08717802947982323
75547390887940047,Kauno m.,608.0,1983.0,1,ambiguous,citywide,5744,30836.0,FF112A66-0388-4767-9102-26C530EA7E5D,607.992816331725,Šilainių sen.,488148.8103163741,6088480.195303514,1.1815313674112815e-05
74304059534029257,Kauno m.,25.0,1951.0,1,ambiguous,citywide,18210,29207.0,0A56472F-66B2-41A7-B47B-01701314B5D5,25.00039999837093,Gričiupio sen.,497989.3960000001,6085158.809300002,1.5999806839861463e-05
7411731943536716,Aleksoto sen.,96.0,2003.0,1,ambiguous,district,8169,15945.0,11E3C64A-803A-4A8B-AA20-3FC63CE96ABC,96.00074999316782,Aleksoto sen.,493069.8961416066,6080073.965486201,7.812398314932523e-06
64874181475705964,Kauno m.,150.0,2021.0,2,ambiguous,citywide,37008,53097.0,56e065d7-2fb5-4cef-aed2-49674b211d32,149.99969999809247,Šilainių sen.,491731.84070000006,6087726.308000001,2.000014716507792e-06
74321135995351381,Dainavos sen.,10420.0,2000.0,2,ambiguous,district,4,30401.0,A882F3E4-DF58-483C-9552-8E7209F37A85,10337.957888246696,Dainavos sen.,498917.0511380721,6086241.410885421,0.007904683050993455
64945241871899539,Panemunės sen.,6.0,1988.0,1,ambiguous,district,173,40966.0,6BC7741E-BE0B-4521-864C-76922041A1B4,12.003531285301397,Panemunės sen.,498086.9745285435,6078705.792941683,0.6934414110450269
74112166281626923,Petrašiūnų sen.,112.0,2003.0,2,ambiguous,district,3377,48129.0,56DE5789-B415-4C21-A2A8-74CB11F0E5F1,112.00778944910378,Petrašiūnų sen.,500927.1129272332,6085213.914745965,6.954623431720819e-05
74461801179011411,Kauno m.,40.0,1924.0,1,ambiguous,citywide,25535,512.0,2119E511-AA18-4FFF-AE06-1B9C823F8464,39.99623781162094,Vilijampolės sen.,494215.36519710184,6088381.179617149,9.405913289795009e-05
75163738409992811,Vilijampolės sen.,119.0,1987.0,2,ambiguous,district,4314,10326.0,E8F857AF-A242-42DC-825D-E9DBACE4C514,119.00004999825153,Vilijampolės sen.,491489.1155019404,6086042.115058474,4.20153285496383e-07
75623217247660079,Vilijampolės sen.,80.0,1965.0,1,ambiguous,district,4554,31218.0,FCE8196B-32E7-45FB-9909-15BEF78F70C6,80.01219999924973,Vilijampolės sen.,490921.09804138984,6086301.025686084,0.00015248836368009222
74442384426568087,Kauno m.,31.0,1973.0,1,ambiguous,citywide,21068,37956.0,D74F9B33-AA42-4A40-9357-73300279589E,31.000705796529928,Vilijampolės sen.,491720.46673969046,6086516.7864471385,2.2767370819298804e-05
74832008972432792,Kauno m.,43.0,1972.0,1,ambiguous,citywide,27002,35176.0,D2DFDF38-46A4-464C-9014-D1132BA28EBA,43.00166006778807,Petrašiūnų sen.,501204.9332000003,6084448.050349999,3.860548242862194e-05
64854824339779751,Kauno m.,66.0,2020.0,2,ambiguous,citywide,36523,42869.0,785AAE15-0874-4808-87B2-125BD40B874A,65.99959813249541,Panemunės sen.,498776.66766893904,6080792.883337743,6.088920121882779e-06
74474577801327754,Kauno m.,26.0,1978.0,1,ambiguous,citywide,18729,30248.0,0E85D2CF-C288-45B7-B007-683BF429F192,25.999763854411132,Vilijampolės sen.,492539.84290740883,6085427.240912551,9.0825638952019e-06
74429860643483711,Kauno m.,22.0,1930.0,1,ambiguous,citywide,16561,54794.0,602187e6-288e-4b60-a8c1-e118443d91d0,21.998916665486203,Vilijampolės sen.,491043.35404556396,6086148.481079037,4.9243690350753155e-05
74572569813547901,Kauno m.,18.22,1962.0,1,ambiguous,citywide,13840,36474.0,E8489823-4A82-4D66-B256-ED7872CCF560,18.219622982152387,Aleksoto sen.,492014.8334281167,6078992.2755685495,2.069274140481525e-05
75159918716872595,Panemunės sen.,147.0,1989.0,1,ambiguous,district,5055,28824.0,33BDBB1E-49F9-4FAE-AC3E-73B360783EE0,146.98703443898248,Panemunės sen.,502022.89514583844,6079182.661289148,8.820498530237586e-05
65324498067653225,Šilainių sen.,289.0,2018.0,1,ambiguous,district,3608,18434.0,AA58E44D-DCA3-4BC1-9225-05137101C8EF,288.97627344679734,Šilainių sen.,490128.0443067584,6088551.334287076,8.210217030057976e-05
75690504848197976,Vilijampolės sen.,274.0,1928.0,2,ambiguous,district,1704,21562.0,1AA97855-105E-4695-9A92-888A857FBA97,274.237550007453,Vilijampolės sen.,493881.6156779279,6087207.572462921,0.0008665952279853784
7552444849435265,Petrašiūnų sen.,7794.0,1970.0,1,ambiguous,district,91,61171.0,b8d9e174-68be-4535-b0a8-7921270d73cf,7958.812804730349,Petrašiūnų sen.,500260.70280853595,6085613.308814381,0.02092563668215419
74415521360495743,Kauno m.,7.0,1969.0,1,ambiguous,citywide,2461,3192.0,1E9685FE-87AF-4400-866F-38F9F4075B25,12.001999996529893,Šilainių sen.,492618.23000000004,6090486.250000001,0.5391631532228807
75212359557431774,Aleksoto sen.,138.0,1982.0,2,ambiguous,district,7605,13273.0,81F0D977-7A47-4A3E-B682-0489D8489D77,137.99724999870267,Aleksoto sen.,490590.16969137813,6081054.222949542,1.992774418901888e-05
74250391832559284,Kauno m.,25.0,1957.0,1,ambiguous,citywide,18210,29207.0,0A56472F-66B2-41A7-B47B-01701314B5D5,25.00039999837093,Gričiupio sen.,497989.3960000001,6085158.809300002,1.5999806839861463e-05
74442942733334516,Aleksoto sen.,32.0,1980.0,1,ambiguous,district,3605,48186.0,3dee8732-5678-4bd8-87fa-c233c14534c2,32.00688563453347,Aleksoto sen.,495121.2435849495,6080533.626582461,0.0002151529321188228
74183062082979923,Kauno m.,107.0,1981.0,1,ambiguous,citywide,40814,45771.0,2F626B0E-5364-426F-AC2F-976B18CD97E2,106.99252679106144,Aleksoto sen.,491888.8039043546,6080679.158349491,6.984551333300004e-05
75020314606023916,Kauno m.,33.0,1963.0,1,ambiguous,citywide,21974,5827.0,2919B7C4-75EB-499B-9E0A-49AE80F70E12,33.00240000490323,Žaliakalnio sen.,494503.0350000001,6085593.42,7.272477679931555e-05
74453967925941153,Kauno m.,23.0,1930.0,1,ambiguous,citywide,17115,23510.0,B614982E-50C9-49D2-BD1F-20276B84190F,23.003700001622736,Vilijampolės sen.,493912.0850999998,6087234.5699,0.0001608566976387671
74891705580175272,Kauno m.,24.0,1987.0,1,ambiguous,citywide,17670,12815.0,E8EABD14-F888-422C-ABA7-C5C8CCEC5C25,24.000599999125676,Šančių sen.,496818.5500000001,6081148.900000001,2.4999651075940932e-05
74463738442651334,Kauno m.,16.0,1939.0,1,ambiguous,citywide,12108,36148.0,42D62C8E-7585-4040-B6DD-350FA71FAB0F,16.0,Šančių sen.,496992.37090000045,6082192.865499999,0.0
75008758678549114,Kauno m.,8.0,1939.0,1,ambiguous,citywide,3969,3192.0,1E9685FE-87AF-4400-866F-38F9F4075B25,12.001999996529893,Šilainių sen.,492618.23000000004,6090486.250000001,0.40563176059835815
75471587090379086,Panemunės sen.,57.0,1975.0,1,ambiguous,district,3718,64519.0,e97a5603-7d1f-465c-98e2-3ae56d95fa0a,56.97777544473408,Panemunės sen.,497424.6700187519,6080695.4123676075,0.0003899805108646959
75443139545360083,Žaliakalnio sen.,735.0,1959.0,4,ambiguous,district,311,11092.0,EC198E68-31E6-4D02-AFFC-EA3E9293A7F7,737.3903786935375,Žaliakalnio sen.,495964.7266012633,6086175.821163091,0.0032469388936480215
7486305597414214,Kauno m.,9.68,1956.0,1,ambiguous,citywide,6135,3192.0,1E9685FE-87AF-4400-866F-38F9F4075B25,12.001999996529893,Šilainių sen.,492618.23000000004,6090486.250000001,0.21501140098970817
75333713890526691,Centro sen.,251.0,1996.0,2,ambiguous,district,1484,12296.0,031AF561-04CB-467F-9F1F-A07E3D43C087,251.19735556146662,Centro sen.,492752.98613712314,6084713.158946954,0.0007859681833872756
74894360499019999,Kauno m.,18.0,1952.0,1,ambiguous,citywide,13645,12810.0,E5470CB3-C0D5-46A3-9ABF-28319CADAD23,18.000599997430665,Panemunės sen.,499372.8338694433,6080718.06656832,3.333263505433948e-05
74310260151048677,Kauno m.,45.0,1975.0,1,ambiguous,citywide,28078,65544.0,0c6bfe43-eb3f-4abb-9bff-55ab2bd80d1a,45.00034363380952,Panemunės sen.,500968.06799999974,6079315.238349998,7.636277722156137e-06
74457321653227646,Kauno m.,40.0,1976.0,1,ambiguous,citywide,25535,512.0,2119E511-AA18-4FFF-AE06-1B9C823F8464,39.99623781162094,Vilijampolės sen.,494215.36519710184,6088381.179617149,9.405913289795009e-05
74977753892309817,Žaliakalnio sen.,307.0,1959.0,2,ambiguous,district,1620,21679.0,E1ABB334-9951-4F84-BC74-D67187DE7B95,306.1835615453917,Žaliakalnio sen.,495290.0750102779,6086148.831259647,0.0026629511561546693
7568337943689124,Aleksoto sen.,137.0,1927.0,1,ambiguous,district,7631,62015.0,104b30d8-8ff3-468a-9e21-e2acb1dc37db,136.98078390561568,Aleksoto sen.,493853.5334509913,6080285.5848006895,0.00014027330049870557
75612379332383073,Kauno m.,3373.0,1983.0,1,ambiguous,citywide,720,8483.0,EA5450FA-4139-4AF5-BB87-39B48BDCDF18,3382.9747076673857,Petrašiūnų sen.,499863.8242071822,6085409.878948492,0.0029528573882391385
74294175968988449,Kauno m.,10.0,1994.0,1,ambiguous,citywide,6494,3192.0,1E9685FE-87AF-4400-866F-38F9F4075B25,12.001999996529893,Šilainių sen.,492618.23000000004,6090486.250000001,0.182488209284148
64982148951506655,Aleksoto sen.,43.0,1993.0,1,ambiguous,district,4907,46582.0,AF07421F-D3BC-4877-AB52-26BD857BF52A,42.98919999939315,Aleksoto sen.,494160.91740000015,6080961.214,0.0002511943514700299
10009757546415236,Aleksoto sen.,106.0,2011.0,1,ambiguous,district,8104,42615.0,67AB060E-3899-494F-9134-63FE49357357,105.99840000594352,Aleksoto sen.,491073.17500000016,6080039.324999999,1.5094397471493437e-05
65309410420499356,Kauno m.,34.0,2007.0,1,ambiguous,citywide,22473,31579.0,D64FC78D-52FC-4245-8DC4-EF5E74E3A922,34.00179999922104,Vilijampolės sen.,494278.27175430197,6087973.267618117,5.293975222642189e-05
75029308634554676,Kauno m.,42.5,1930.0,1,ambiguous,citywide,26784,21844.0,79EA9AA0-4E95-4F39-98FF-3C9A6ECEACC2,42.499500003905965,Petrašiūnų sen.,502957.08079231647,6086691.30792365,1.176468318098145e-05
74455243266458068,Kauno m.,26.0,1959.0,1,ambiguous,citywide,18729,30248.0,0E85D2CF-C288-45B7-B007-683BF429F192,25.999763854411132,Vilijampolės sen.,492539.84290740883,6085427.240912551,9.0825638952019e-06
75682584957768292,Kauno m.,129.0,1933.0,2,ambiguous,citywide,39219,61372.0,3c548eb7-c552-4247-8623-fc0194df1018,129.006177890811,Centro sen.,493642.0971673882,6084758.24784595,4.7889479722229567e-05
74123294265864142,Eigulių sen.,194.0,2002.0,2,ambiguous,district,714,66054.0,a0b841eb-a702-470b-b885-e4125ebce177,194.06204309125854,Eigulių sen.,494747.5741000002,6088492.8114,0.0003197586205185843
74191070869260814,"SB ""Zuikinė""",20.0,1969.0,1,ambiguous,citywide,15162,42659.0,62E3BCEC-CF1A-411E-BD41-7C2CD1C41A70,20.000999999978582,Aleksoto sen.,493055.17640744965,6080852.427823423,4.9998748970825346e-05
74457658940469393,Panemunės sen.,69.0,1932.0,1,ambiguous,district,4417,12575.0,84F0D06F-9295-4E45-9C77-BB2F94E1F3BD,69.0022999892149,Panemunės sen.,499004.3332214482,6082739.54012571,3.333262148963456e-05
74466401830277654,Kauno m.,9.0,1939.0,1,ambiguous,citywide,5299,3192.0,1E9685FE-87AF-4400-866F-38F9F4075B25,12.001999996529893,Šilainių sen.,492618.23000000004,6090486.250000001,0.28784872494197433
64788172938436625,Kauno m.,11.0,2021.0,1,ambiguous,citywide,7571,3192.0,1E9685FE-87AF-4400-866F-38F9F4075B25,12.001999996529893,Šilainių sen.,492618.23000000004,6090486.250000001,0.08717802947982323
74575615113914279,Kauno m.,58.0,1977.0,1,ambiguous,citywide,33853,41842.0,1523FB7E-71C7-44BF-8100-8D0DDEAD2F0B,58.00164999646638,Aleksoto sen.,491424.6507097699,6084562.346095046,2.8447810294984777e-05
75705883811707425,Centro sen.,298.0,2002.0,3,ambiguous,district,1324,34368.0,1247CD2B-093C-4889-A056-2361F1A36E70,297.94157762967745,Centro sen.,492694.24174515787,6084348.548618056,0.00019606744252342878
74276214529744949,Kauno m.,80.0,1939.0,1,ambiguous,citywide,39661,57417.0,e34f8cb1-1ad4-4ffb-a6e6-1954ce135f19,80.00006043697978,Žaliakalnio sen.,495087.96932264045,6085836.980005098,7.554619623206804e-07
96124328379584706,Šilainių sen.,189.0,2008.0,1,ambiguous,district,5858,47183.0,D2DFA247-2475-43FD-B7A5-6AE180FAF8F5,188.9925728778035,Šilainių sen.,488183.1633765006,6089602.31761005,3.92977149843432e-05
74291836303695916,Kauno m.,3.0,1963.0,1,no_match,citywide,0,,,,,,,
75669809416134423,Žaliakalnio sen.,112.0,1932.0,1,ambiguous,district,4635,11560.0,08FBC1DD-6841-476C-8B66-0D4D80C7E7A4,111.98516659787606,Žaliakalnio sen.,494718.84997950785,6086306.712599134,0.0001324498614874159
74486325026783221,Kauno m.,20.0,1980.0,1,ambiguous,citywide,15162,42659.0,62E3BCEC-CF1A-411E-BD41-7C2CD1C41A70,20.000999999978582,Aleksoto sen.,493055.17640744965,6080852.427823423,4.9998748970825346e-05
74553648187968696,Kauno m.,39.0,1992.0,1,ambiguous,citywide,25058,54907.0,2986dd97-534c-46d5-8e66-387de25a99ae,39.00176693465833,Vilijampolės sen.,491702.9259369278,6086410.390419007,4.5304990593741934e-05
74876177178074751,Kauno m.,11.0,1975.0,1,ambiguous,citywide,7571,3192.0,1E9685FE-87AF-4400-866F-38F9F4075B25,12.001999996529893,Šilainių sen.,492618.23000000004,6090486.250000001,0.08717802947982323
74791188874144779,Kauno m.,181.0,1970.0,1,ambiguous,citywide,32594,18913.0,C9E8B4C6-051A-4D45-A45A-BB91E03C5B75,180.9983059765646,Šilainių sen.,488022.5612186053,6089870.008653719,9.359289297350415e-06
74943593263130798,Kauno m.,21.04,1932.0,1,ambiguous,citywide,15912,9559.0,662319CE-1984-4CC0-A7B8-B46902399F43,21.04104999986924,Gričiupio sen.,496650.12551006227,6085640.104328388,4.990369154089791e-05
64701867801087276,Kauno m.,301.0,2026.0,1,ambiguous,citywide,17896,52198.0,6c0a4fcf-adf4-46b4-9606-c38a69c89494,300.9846849002527,Šilainių sen.,494153.3511591307,6090231.9103820305,5.088202452530055e-05
75509758869190841,Dainavos sen.,291.0,1989.0,2,ambiguous,district,509,38327.0,2AA0FF6B-CB2F-42A8-9C36-B78DE427F922,291.35040000835005,Dainavos sen.,497850.9156890263,6087650.415655995,0.001203399364476887
75577843287665314,Kauno m.,16.0,1964.0,1,ambiguous,citywide,12108,36148.0,42D62C8E-7585-4040-B6DD-350FA71FAB0F,16.0,Šančių sen.,496992.37090000045,6082192.865499999,0.0
74446195675512028,Kauno m.,23.0,1949.0,1,ambiguous,citywide,17115,23510.0,B614982E-50C9-49D2-BD1F-20276B84190F,23.003700001622736,Vilijampolės sen.,493912.0850999998,6087234.5699,0.0001608566976387671
74192118504220042,Eigulių sen.,65.0,1975.0,1,ambiguous,district,674,25737.0,08D59EBA-C7DC-4D29-B1B2-C4B6CBBCB4B2,65.02856562265883,Eigulių sen.,495113.77196003566,6087415.633816226,0.00043937457868015173
74457615545354253,Kauno m.,17.0,2014.0,1,ambiguous,citywide,12896,7495.0,20E3F8ED-B037-4A40-9933-B4B5DFBA6909,17.000950002374314,Aleksoto sen.,495416.22617561574,6080355.553315051,5.588093123831683e-05
74955187978346965,Kauno m.,35.21,1984.0,1,ambiguous,citywide,23144,35015.0,3B221D08-99C7-4128-987D-689A6A261619,35.20898508147528,Panemunės sen.,496440.92025613907,6077888.451669669,2.8825139232857566e-05
7558240553777501,Vilijampolės sen.,189.0,1987.0,1,ambiguous,district,3012,32884.0,1D30F4C0-AE3D-4DF1-A828-969BC1496794,188.98412641137256,Vilijampolės sen.,490127.5259870859,6086578.591923017,8.399076854104237e-05
74624385327313109,Kauno m.,27.0,1950.0,0,ambiguous,citywide,19219,8089.0,00F782A1-B0D3-4C33-BBDC-F90B7180B226,26.998350001438148,Panemunės sen.,496870.9255026141,6077850.352718684,6.111292520305511e-05
75334176567344993,Kauno m.,20.0,1996.0,1,ambiguous,citywide,15162,42659.0,62E3BCEC-CF1A-411E-BD41-7C2CD1C41A70,20.000999999978582,Aleksoto sen.,493055.17640744965,6080852.427823423,4.9998748970825346e-05
74289249097579987,Kauno m.,34.0,1988.0,1,ambiguous,citywide,22473,31579.0,D64FC78D-52FC-4245-8DC4-EF5E74E3A922,34.00179999922104,Vilijampolės sen.,494278.27175430197,6087973.267618117,5.293975222642189e-05
75384992238126849,Aleksoto sen.,52.0,1986.0,1,ambiguous,district,5928,35716.0,DAB6D150-4798-4652-A6BD-16AB6B98933B,51.99880000980459,Aleksoto sen.,491809.2518208051,6081940.25269496,2.3077000799176517e-05
74992490403394396,Kauno m.,20.0,1972.0,1,ambiguous,citywide,15162,42659.0,62E3BCEC-CF1A-411E-BD41-7C2CD1C41A70,20.000999999978582,Aleksoto sen.,493055.17640744965,6080852.427823423,4.9998748970825346e-05
75148987541826945,Panemunės sen.,143.0,1996.0,1,ambiguous,district,5098,58131.0,d73a1aeb-b2ca-430b-b1c4-a63b4cd8be4f,143.00144004770678,Panemunės sen.,500187.01873453794,6078442.735680688,1.0070212979051973e-05
74484844258000477,Kauno m.,18.0,1974.0,1,ambiguous,citywide,13645,12810.0,E5470CB3-C0D5-46A3-9ABF-28319CADAD23,18.000599997430665,Panemunės sen.,499372.8338694433,6080718.06656832,3.333263505433948e-05
86672227412601416,Šilainių sen.,58.0,2014.0,1,ambiguous,district,5805,48786.0,0f5f7be0-3646-4d30-b7ec-46c20b30587a,57.99539177605002,Šilainių sen.,494321.12209390494,6091044.7270062445,7.945529355701808e-05
74495806875210319,Kauno m.,26.0,1975.0,1,ambiguous,citywide,18729,30248.0,0E85D2CF-C288-45B7-B007-683BF429F192,25.999763854411132,Vilijampolės sen.,492539.84290740883,6085427.240912551,9.0825638952019e-06
74235328226632674,Kauno m.,27.0,1968.0,1,ambiguous,citywide,19219,8089.0,00F782A1-B0D3-4C33-BBDC-F90B7180B226,26.998350001438148,Panemunės sen.,496870.9255026141,6077850.352718684,6.111292520305511e-05
74465552059974155,Kauno m.,16.0,1978.0,1,ambiguous,citywide,12108,36148.0,42D62C8E-7585-4040-B6DD-350FA71FAB0F,16.0,Šančių sen.,496992.37090000045,6082192.865499999,0.0
7420662330568481,Aleksoto sen.,9.0,1974.0,1,ambiguous,district,841,3686.0,282C79D9-04E1-45ED-A938-75CE10DBD054,12.0276000008896,Aleksoto sen.,491484.52499999997,6080874.100000001,0.2899794315744275
74453575738695474,Kauno m.,18.0,1976.0,1,ambiguous,citywide,13645,12810.0,E5470CB3-C0D5-46A3-9ABF-28319CADAD23,18.000599997430665,Panemunės sen.,499372.8338694433,6080718.06656832,3.333263505433948e-05
75605929092666696,Žaliakalnio sen.,125.0,1993.0,2,ambiguous,district,4545,22815.0,D76B6C98-4AAD-4046-9DC3-577CD77A5DF8,124.99847781498023,Žaliakalnio sen.,495554.62094337813,6085124.500698722,1.2177554304493299e-05
74699994543030987,Kauno m.,23.14,1968.0,1,ambiguous,citywide,17186,51875.0,56478991-c0a7-4add-bc2f-60fac2888715,23.141680829955458,Aleksoto sen.,495722.37903314934,6079456.339349759,7.263478447860905e-05
7452029340581684,Kauno m.,22.0,1973.0,1,ambiguous,citywide,16561,54794.0,602187e6-288e-4b60-a8c1-e118443d91d0,21.998916665486203,Vilijampolės sen.,491043.35404556396,6086148.481079037,4.9243690350753155e-05
6469528776055794,Kauno m.,52.0,2025.0,1,ambiguous,citywide,31562,40433.0,9B00ABBD-786B-4D0E-B68F-AF907456F362,52.00089999741726,Panemunės sen.,498972.8616937943,6079406.447299824,1.7307492863771756e-05
75435970130655214,Aleksoto sen.,534.0,1979.0,1,ambiguous,district,605,41220.0,A0A88717-2C37-4545-AAA6-ABF75AD2ABD4,534.1872029530148,Aleksoto sen.,493217.59212568897,6083190.128894114,0.00035050589337437543
87455126477337664,Šilainių sen.,174.0,2006.0,1,ambiguous,district,6239,42155.0,A77673EA-1017-495D-9DBD-13F6F6FDD2B5,173.99924999797065,Šilainių sen.,493034.3342878275,6089815.666252099,4.310365779858216e-06
64843637333770437,Kauno m.,218.0,2022.0,1,ambiguous,citywide,27421,44888.0,B268A1E3-7347-4AC4-BD98-EE0A4AAAAC83,218.0028938980855,Šančių sen.,495830.79086196265,6080680.2493336825,1.327467375134006e-05
75014949578376802,Kauno m.,16.53,1977.0,1,ambiguous,citywide,12525,7449.0,646BC2F7-CC16-4A1F-9374-228B784AB875,16.530299999232216,Žaliakalnio sen.,494981.3916970655,6085657.430083482,1.8148609191470655e-05
7560677400698769,Dainavos sen.,147.0,1960.0,1,ambiguous,district,456,14479.0,A4B9FC11-823E-45B4-9F41-A76C81746E47,147.4974610146453,Dainavos sen.,497774.31399346207,6087420.042461134,0.003378375392953714
75443149367492524,Šilainių sen.,119.0,1978.0,1,ambiguous,district,7310,52261.0,c00bd702-f0b4-4e56-9854-2d10ddd390fa,118.9964895107399,Šilainių sen.,494497.59525714925,6090718.556186978,2.9500344879807017e-05
74937310790788442,Petrašiūnų sen.,91.0,1997.0,1,ambiguous,district,3587,61299.0,ef740410-9441-4743-b693-b6dd567084df,90.99666151243242,Petrašiūnų sen.,500663.26649999985,6084483.1839000005,3.668734953876651e-05
65249088013186823,Šilainių sen.,218.0,2014.0,2,ambiguous,district,5149,47493.0,EB47973E-DA94-4392-B9A0-5CE0A2DC44B9,217.98769406059324,Šilainių sen.,487549.20812512026,6089423.566151473,5.6450856653178505e-05
64861813037940363,Kauno m.,233.0,2021.0,1,ambiguous,citywide,25317,40712.0,18F44FFF-52BC-4C7F-ACB1-21052615F386,232.99560522961414,Panemunės sen.,497900.0439587213,6081261.336146521,1.8861853359197767e-05
65089071856600192,Šančių sen.,30.0,1920.0,1,ambiguous,district,2011,32315.0,1D2ADB04-101A-46C1-BB4A-C1F15F43C025,29.97857186305101,Šančių sen.,496940.6043746731,6084137.55465849,0.0007145264448640276
74832270673128171,Žaliakalnio sen.,247.0,1998.0,1,ambiguous,district,2498,26695.0,D26E661B-47D4-47E9-8F2F-99BF7E54F2B8,247.1229280115358,Žaliakalnio sen.,496170.0766955862,6085755.812463439,0.0004975604534944722
75659156812408479,Šančių sen.,85.0,1935.0,1,ambiguous,district,3590,56284.0,062f5adb-6c3c-40b5-a4b4-de7d59494f79,84.98763479188474,Šančių sen.,497354.7934379802,6084332.649230684,0.0001454836188790054
74274119007672015,Kauno m.,42.0,1960.0,1,ambiguous,citywide,26550,6596.0,DBE3FC5B-9F53-4252-8AFB-10AB81624EF3,42.000799998725576,Aleksoto sen.,490622.12500000006,6080355.694999998,1.9047407301187036e-05
7489251863189865,Kauno m.,12.0,1975.0,1,ambiguous,citywide,8594,3192.0,1E9685FE-87AF-4400-866F-38F9F4075B25,12.001999996529893,Šilainių sen.,492618.23000000004,6090486.250000001,0.00016665249019354178
75698973383187471,Centro sen.,101.0,1910.0,1,ambiguous,district,1528,33688.0,9C72A797-2C82-482E-A957-6EBA5EA16B12,101.09858188878911,Centro sen.,494669.4057583382,6085072.80730324,0.0009755822696684291
75622619575227368,Šančių sen.,730.0,1956.0,1,ambiguous,district,364,56356.0,c638b9ad-4a03-4f1c-b069-ee5d549684d6,729.7964090337374,Šančių sen.,496458.3839016534,6083543.430637733,0.0002789306321382412
64798969027635503,Kauno m.,53.0,2021.0,1,ambiguous,citywide,31970,24762.0,AF857F01-A02A-405E-BE3C-A6626B3D8168,52.99909993728964,Žaliakalnio sen.,495607.0272298793,6086424.393855643,1.6982459491110546e-05
64895412969488808,Centro sen.,8605.0,2018.0,2,ambiguous,district,13,62695.0,f34f2490-0110-4f33-9613-b98f0c6bcbc8,8440.574863361318,Centro sen.,494759.8544903282,6084045.161141754,0.01929301160247121
75648295203270571,Aleksoto sen.,136.0,1938.0,1,ambiguous,district,7657,478.0,06149BC1-FD43-4A76-AC5A-9A895CFF8626,136.0042499823244,Aleksoto sen.,494264.747602527,6080713.37576937,3.1249381764908435e-05
74989681421291046,Kauno m.,21.0,1971.0,1,ambiguous,citywide,15889,28359.0,7954F990-38CB-4317-9E88-38DC85F535ED,21.000499999102203,Vilijampolės sen.,492868.10720000026,6086517.1454,2.3809197616131428e-05
75582813148274378,Aleksoto sen.,247.0,1971.0,1,ambiguous,district,4240,42199.0,803F3129-095B-4034-B977-F33FC6D93E6D,247.04790198827374,Aleksoto sen.,491710.8654310923,6080188.665873931,0.00019391637220156355
74256766461321316,Kauno m.,18.0,1978.0,1,ambiguous,citywide,13645,12810.0,E5470CB3-C0D5-46A3-9ABF-28319CADAD23,18.000599997430665,Panemunės sen.,499372.8338694433,6080718.06656832,3.333263505433948e-05
74496208774807809,Kauno m.,26.0,1965.0,1,ambiguous,citywide,18729,30248.0,0E85D2CF-C288-45B7-B007-683BF429F192,25.999763854411132,Vilijampolės sen.,492539.84290740883,6085427.240912551,9.0825638952019e-06
75629336385409793,Vilijampolės sen.,98.0,1954.0,1,ambiguous,district,4511,31241.0,84E0EC66-A689-46E8-BA2E-7E4C4CDF9304,98.01166714932403,Vilijampolės sen.,490774.36447504506,6086342.673893798,0.00011904545793051113
6487499469940225,Kauno m.,122.0,2021.0,2,ambiguous,citywide,39814,60830.0,3bca7363-9ab6-4e0c-8f4d-18be39ef68e8,122.00070054993178,Šilainių sen.,489436.44224652933,6087285.621929972,5.742196068858618e-06
75619624726615098,Vilijampolės sen.,103.0,1957.0,1,ambiguous,district,4491,18474.0,C41D0DE9-FA21-4410-8610-80AA0D42471F,103.0097550065992,Vilijampolės sen.,489997.37790742086,6085839.7700685,9.470431733848983e-05
74246327721465041,Kauno m.,25.0,1960.0,1,ambiguous,citywide,18210,29207.0,0A56472F-66B2-41A7-B47B-01701314B5D5,25.00039999837093,Gričiupio sen.,497989.3960000001,6085158.809300002,1.5999806839861463e-05
75713291789145709,Šančių sen.,56.0,1862.0,1,ambiguous,district,3114,14071.0,0F96AE8A-F62B-4422-88C5-DA46B1EE9E33,56.00254999397211,Šančių sen.,496252.91843155964,6083642.204585592,4.5534569929728264e-05
7445044933284696,Kauno m.,49.0,1972.0,1,ambiguous,citywide,30146,10202.0,D1F23270-3E6E-4795-A68C-A43F6BF9F19A,48.999461777963496,Panemunės sen.,496374.05184999993,6077903.242950002,1.0984183519635593e-05
74245680818930085,Kauno m.,22.0,1974.0,1,ambiguous,citywide,16561,54794.0,602187e6-288e-4b60-a8c1-e118443d91d0,21.998916665486203,Vilijampolės sen.,491043.35404556396,6086148.481079037,4.9243690350753155e-05
64859765549910089,Kauno m.,52.0,2019.0,1,ambiguous,citywide,31562,40433.0,9B00ABBD-786B-4D0E-B68F-AF907456F362,52.00089999741726,Panemunės sen.,498972.8616937943,6079406.447299824,1.7307492863771756e-05
75630134470042215,Centro sen.,85.0,1973.0,1,ambiguous,district,1385,56172.0,3425e356-1a34-450e-94ae-fedd89f04070,85.07047124950711,Centro sen.,495392.7264716961,6084321.290880832,0.0008287300319995694
87568678076726358,Šilainių sen.,268.0,2010.0,2,ambiguous,district,4006,18641.0,67DF93B4-301D-400E-B962-903281C88C69,268.0391448118056,Šilainių sen.,488237.6667532768,6089412.168627728,0.0001460520644958052
74615833875566001,Kauno m.,11.0,1920.0,1,ambiguous,citywide,7571,3192.0,1E9685FE-87AF-4400-866F-38F9F4075B25,12.001999996529893,Šilainių sen.,492618.23000000004,6090486.250000001,0.08717802947982323
75369352931259806,Šilainių sen.,778.0,1988.0,9,ambiguous,district,509,21628.0,082B2FB8-20EE-4039-B7A4-8AD46573856F,779.1473659074544,Šilainių sen.,493298.2091621772,6088503.470155222,0.001473676981667893
64915916549578581,Kauno m.,83.0,2023.0,2,ambiguous,citywide,40054,32610.0,9A464A72-9A2A-4174-B6AE-D603AF7D3E29,83.00050000228266,Žaliakalnio sen.,495495.637680156,6085140.448780734,6.024105742241659e-06
65258408318132982,Šilainių sen.,211.0,2016.0,2,ambiguous,district,5338,27482.0,466C2924-C287-4DB2-AFF6-76C0084199A4,211.0198801349163,Šilainių sen.,491290.5400307245,6087154.026091514,9.421421059396806e-05
75612045520062635,Petrašiūnų sen.,277.0,1959.0,2,ambiguous,district,1584,30299.0,E8D64BD3-5E43-499E-AA93-0FC283D8EC40,276.6672275911792,Petrašiūnų sen.,499656.17557081056,6086425.54264813,0.0012020666288625748
75648076898193056,Petrašiūnų sen.,144.44,1938.0,1,ambiguous,district,3028,24676.0,E6873CEF-D6A6-484C-B2D4-8F202D37819E,144.3975999994833,Petrašiūnų sen.,503172.5685502098,6085689.826129206,0.0002935905908465486
75679586846009589,Panemunės sen.,163.0,1929.0,1,ambiguous,district,4822,42325.0,685F0529-5A58-4061-8946-74BCABC5853F,162.9928986582517,Panemunės sen.,501119.4340676513,6079470.25039422,4.356746284095436e-05
75029765867936749,Kauno m.,503.0,1917.0,1,ambiguous,citywide,7231,8155.0,5DB0137A-CC1D-4C97-B66B-64FEBFAFAA96,502.970699984234,Vilijampolės sen.,492096.86000000004,6086115.154999998,5.825222498945237e-05
74836655357074788,Kauno m.,7.65,1988.0,1,ambiguous,citywide,3422,3192.0,1E9685FE-87AF-4400-866F-38F9F4075B25,12.001999996529893,Šilainių sen.,492618.23000000004,6090486.250000001,0.45036765443974947
75672021395847375,Vilijampolės sen.,62.0,1931.0,1,ambiguous,district,4276,27635.0,28748BD1-DF1A-4276-8D72-2A211BD08941,62.018000008769334,Vilijampolės sen.,492617.63600000006,6086412.0104,0.0002902805865998559
64900972647776028,Vilijampolės sen.,333.0,2018.0,3,ambiguous,district,1238,3399.0,0511B569-0ECE-48D3-BB64-6062940D5900,333.428541121881,Vilijampolės sen.,491560.26202327805,6085653.194445273,0.0012860829166383425
75682753158466246,Aleksoto sen.,185.0,1928.0,1,ambiguous,district,6138,38623.0,68C93CBB-09D3-4B64-B2BB-BF2075235585,185.01582865236378,Aleksoto sen.,491942.53955897014,6079032.540043032,8.555662297560218e-05
75568315975444528,Šilainių sen.,238.0,1965.0,3,ambiguous,district,4642,30839.0,C1C5E401-9842-454D-B611-D9ACEEA24B30,238.00041441710025,Šilainių sen.,493674.3415363356,6089923.113522186,1.7412468036326345e-06
75224647767077893,Panemunės sen.,106.0,1959.0,1,ambiguous,district,5344,40777.0,F9E592CF-8D8D-485E-AB89-218170BCFCDA,106.02261419147256,Panemunės sen.,497377.6632770132,6080603.651224228,0.0002133186749402327
74295873998585352,Kauno m.,32.0,1982.0,1,ambiguous,citywide,21525,28850.0,F9939F46-5896-456D-8FF8-83FA4EBC29E8,31.996313406877867,Žaliakalnio sen.,496262.0398589024,6087029.177061065,0.00011521267179182004
75654576572599636,Eigulių sen.,243.0,2005.0,2,ambiguous,district,741,5169.0,B2690CF4-2371-435C-BB40-16FB15991005,242.59780000922066,Eigulių sen.,496296.6799999996,6087345.614999998,0.0016565152591008214
75681177489322932,Panemunės sen.,86.0,1928.0,1,ambiguous,district,5082,40580.0,DE5B94DB-422B-44B1-891A-DC480D5C0765,86.02150000199582,Panemunės sen.,499182.98089999997,6079663.4574,0.0002499687784087712
75681656083575924,Kauno m.,178.0,1989.0,1,ambiguous,citywide,33040,43028.0,9602D7E3-82F8-45DC-A28A-21A7231C0B40,178.00033218664956,Vilijampolės sen.,487793.78350993816,6087291.276374667,1.8662153911108703e-06
64845322736090477,Kauno m.,247.0,2023.0,1,ambiguous,citywide,23443,55134.0,ea3d7906-5059-441e-be66-66cb03b73198,247.00447106938995,Centro sen.,493022.04619812145,6084602.69241759,1.8101331675346444e-05
74414524988440894,Kauno m.,34.0,1960.0,1,ambiguous,citywide,22473,31579.0,D64FC78D-52FC-4245-8DC4-EF5E74E3A922,34.00179999922104,Vilijampolės sen.,494278.27175430197,6087973.267618117,5.293975222642189e-05
64816090036381821,Kauno m.,192.0,2023.0,2,ambiguous,citywide,30948,19677.0,9863C83A-700D-4569-8F38-F4F76BCB45F3,191.99954701619254,Eigulių sen.,496741.5877758241,6091003.886393253,2.3592934468297244e-06
95923758618902566,Panemunės sen.,276.0,2003.0,2,ambiguous,district,2901,57710.0,8f23d128-fd31-4d4b-969f-a19053b4f0b0,275.9861237981862,Panemunės sen.,497360.4703279537,6078219.3810849,5.027735741336414e-05
74559933016692517,Kauno m.,22.62,1953.0,1,ambiguous,citywide,16895,59636.0,379611e3-7933-4452-b76f-1ccabc79c875,22.62344276633839,Petrašiūnų sen.,502797.182710161,6087894.278584526,0.00015218852211651424
75183560203558861,Panemunės sen.,96.0,1978.0,2,ambiguous,district,5268,65148.0,33f1381c-be2a-49f3-a6ef-98e3cb13222f,96.03149978710285,Panemunės sen.,502541.9107029486,6078592.355568606,0.00032806896181369893
74449149773653592,Kauno m.,24.0,1977.0,1,ambiguous,citywide,17670,12815.0,E8EABD14-F888-422C-ABA7-C5C8CCEC5C25,24.000599999125676,Šančių sen.,496818.5500000001,6081148.900000001,2.4999651075940932e-05
833219385607053,Šilainių sen.,160.0,2005.0,2,ambiguous,district,6605,1256.0,99649F90-1717-47E6-84BF-1A529C813E3A,160.01490001099873,Šilainių sen.,488032.60462489765,6088160.110148086,9.312073287226497e-05
74258486019834521,Kauno m.,60.0,1989.0,1,ambiguous,citywide,34595,63684.0,54db530d-779b-48e5-a1fd-59597f10cda9,60.003942929867115,Gričiupio sen.,497457.74720463646,6084449.381218072,6.571333861682405e-05
74547340010546331,Kauno m.,24.0,1957.0,1,ambiguous,citywide,17670,12815.0,E8EABD14-F888-422C-ABA7-C5C8CCEC5C25,24.000599999125676,Šančių sen.,496818.5500000001,6081148.900000001,2.4999651075940932e-05
75667619137688324,Šančių sen.,116.0,1932.0,1,ambiguous,district,3408,56595.0,48726628-c534-4de4-97b9-3210a2db4822,116.0633733510269,Šančių sen.,496573.82802194613,6081568.3434626125,0.0005461728120828013
74491760059542195,Žaliakalnio sen.,95.0,1962.0,1,ambiguous,district,4700,14314.0,82418D45-D43F-4970-856A-BB0EF629EDF8,94.99295000350028,Žaliakalnio sen.,496093.19508495065,6085732.1575659,7.421324320500133e-05
75653704787583431,Panemunės sen.,360.0,1974.0,2,ambiguous,district,1607,5880.0,19965D80-B8FC-4218-A9EB-CA8B870D6B1A,359.1692999955563,Panemunės sen.,500710.99830261857,6080177.798729631,0.0023101663930695793
75190806180320688,Šilainių sen.,106.0,1975.0,2,ambiguous,district,7436,66179.0,3d9e7c50-c8ae-45c4-9c0e-a965a6a8ae1d,105.98142020303392,Šilainių sen.,492490.30028145923,6090418.974365759,0.00017529646698122292
74176998366571087,Kauno m.,165.0,1968.0,1,ambiguous,citywide,34983,47796.0,4BC705B3-6A14-4979-87DF-2AC67C37803C,164.99997765821453,Vilijampolės sen.,488758.49294079945,6085847.581777779,1.3540476917484057e-07
74961782495405679,Kauno m.,62.0,1934.0,2,ambiguous,citywide,35267,2783.0,8CB27B84-E170-4B07-AA42-0C7333328F6B,61.996376273567854,Šančių sen.,495566.5714434239,6081470.911622688,5.8448908622388274e-05
65163673167513619,Šilainių sen.,409.0,2016.0,2,ambiguous,district,1817,6702.0,6E1509B5-6922-442F-8F31-C106DF23E512,408.81372171250405,Šilainių sen.,493423.61386695586,6088321.516570202,0.0004555518836921735
74569154426248049,Dainavos sen.,87.0,1995.0,1,ambiguous,district,542,26943.0,EA7524D2-8FCB-43F9-9826-1832C3A984BC,87.01354999429994,Dainavos sen.,499137.94589570764,6088367.319132263,0.0001557349336041014
74412890250613067,Kauno m.,99.0,1995.0,1,ambiguous,citywide,40954,65424.0,129f9b0d-e0f0-426d-800d-4c424eea2643,98.9998675070956,Panemunės sen.,496951.3542817712,6077750.622497141,1.3383130612609762e-06
75587722518822661,Žaliakalnio sen.,115.0,1963.0,2,ambiguous,district,4615,23671.0,B9EA0E3C-A87D-4047-8F0E-5031959E9446,115.00420362091396,Žaliakalnio sen.,495462.99479957996,6086774.719264057,3.6552557285851606e-05
6484999987474134,Kauno m.,235.0,2022.0,1,ambiguous,citywide,25067,39126.0,4B293A9A-4EA3-4DF7-99CF-4A506DE5C17A,234.99939999076017,Šilainių sen.,487437.6595958254,6088347.380497874,2.5532340668377174e-06
83562649553866997,Šilainių sen.,209.0,2009.0,1,ambiguous,district,5385,21788.0,F6047C25-B2A6-482C-9858-D3DE22C7E56A,209.01110000838395,Šilainių sen.,493140.01330383157,6087349.809214358,5.310867767072125e-05
74961941465515103,Centro sen.,120.0,1935.0,1,ambiguous,district,1634,9458.0,A572E2AE-341D-475E-ACE3-292AE295995C,119.9203999875117,Centro sen.,495475.8244910275,6084223.804695046,0.0006635535403667348
74360135715495587,Kauno m.,13.0,1977.0,1,ambiguous,citywide,9555,35456.0,3BA4D5F7-5D94-4C59-A9F0-989F391DA4E6,13.001844835072216,Šančių sen.,496448.3977335273,6083813.975750751,0.0001419003218434689
74965369520214223,Kauno m.,66.0,1993.0,1,ambiguous,citywide,36523,42869.0,785AAE15-0874-4808-87B2-125BD40B874A,65.99959813249541,Panemunės sen.,498776.66766893904,6080792.883337743,6.088920121882779e-06
64820833725981242,Kauno m.,259.0,2024.0,1,ambiguous,citywide,22051,34547.0,8578399B-AC4F-4703-B8CC-B507E461FECB,259.0223136282919,Vilijampolės sen.,492796.52245459403,6085389.962808921,8.614929403183424e-05
64735388885292802,Kauno m.,146.0,2023.0,2,ambiguous,citywide,37489,12337.0,305907FB-CD9B-48F8-AFFE-614971B8D8F7,145.9973000087075,Aleksoto sen.,491531.42375335016,6080304.099451856,1.849326204350632e-05
74473576015344364,Kauno m.,18.0,1963.0,1,ambiguous,citywide,13645,12810.0,E5470CB3-C0D5-46A3-9ABF-28319CADAD23,18.000599997430665,Panemunės sen.,499372.8338694433,6080718.06656832,3.333263505433948e-05
75398856450819438,Eigulių sen.,785.0,1984.0,9,ambiguous,district,545,5859.0,FE166802-B2E1-4E98-8328-B64DC716C97B,782.703200008588,Eigulių sen.,495836.73562605743,6087728.923401327,0.002930148557093837
74410270457250696,Kauno m.,27.0,1990.0,1,ambiguous,citywide,19219,8089.0,00F782A1-B0D3-4C33-BBDC-F90B7180B226,26.998350001438148,Panemunės sen.,496870.9255026141,6077850.352718684,6.111292520305511e-05
74442478783347699,Kauno m.,43.0,1971.0,1,ambiguous,citywide,27002,35176.0,D2DFDF38-46A4-464C-9014-D1132BA28EBA,43.00166006778807,Petrašiūnų sen.,501204.9332000003,6084448.050349999,3.860548242862194e-05
75456642855718473,Eigulių sen.,116.0,1976.0,1,ambiguous,district,786,19487.0,36FA19CA-CE80-4CB8-BA15-6EFA42553744,116.11329999960567,Eigulių sen.,496977.42404696555,6090944.39197443,0.0009762474498824503
74251376436398717,Kauno m.,16.0,1984.0,1,ambiguous,citywide,12108,36148.0,42D62C8E-7585-4040-B6DD-350FA71FAB0F,16.0,Šančių sen.,496992.37090000045,6082192.865499999,0.0
75514969446665636,Žaliakalnio sen.,202.0,1970.0,2,ambiguous,district,3332,30953.0,B395595A-7D74-4C1C-9AFD-29F3CF234347,202.21099428076894,Žaliakalnio sen.,496193.53800897003,6083994.387057328,0.0010439810045630438
6514717051060348,Kauno m.,86.0,2021.0,1,ambiguous,citywide,40381,2038.0,17AC714C-417E-453F-930D-AA1879694B63,85.99942678707804,Žaliakalnio sen.,495986.58415,6087412.830999999,6.665288746710019e-06
75695878893577151,Kauno m.,1345.0,1917.0,3,ambiguous,citywide,2555,49084.0,4ADDE79F-1455-468C-B882-DD86E0B488DD,1345.4189715806435,Centro sen.,494633.8652020027,6084919.678062878,0.0003114545269387037
75579280044353256,Aleksoto sen.,86.0,1964.0,1,ambiguous,district,8017,52930.0,c4d9af94-c31a-4eb5-a2ea-857aa0299ded,86.00074160823311,Aleksoto sen.,490014.91120000003,6079668.827900001,8.623314367461887e-06
74464208568680815,Kauno m.,8.0,1990.0,1,ambiguous,citywide,3969,3192.0,1E9685FE-87AF-4400-866F-38F9F4075B25,12.001999996529893,Šilainių sen.,492618.23000000004,6090486.250000001,0.40563176059835815
64816857436925016,Kauno m.,191.0,2021.0,1,ambiguous,citywide,31085,41219.0,0BC4EB41-4934-46F7-90BF-2BF7CA12531F,191.00842882030355,Aleksoto sen.,492041.77192562196,6079791.423452262,4.4128975535961956e-05
74456345439707153,Kauno m.,26.0,1936.0,1,ambiguous,citywide,18729,30248.0,0E85D2CF-C288-45B7-B007-683BF429F192,25.999763854411132,Vilijampolės sen.,492539.84290740883,6085427.240912551,9.0825638952019e-06
74823661870673006,Kauno m.,13.0,1959.0,1,ambiguous,citywide,9555,35456.0,3BA4D5F7-5D94-4C59-A9F0-989F391DA4E6,13.001844835072216,Šančių sen.,496448.3977335273,6083813.975750751,0.0001419003218434689
74308569946140213,Kauno m.,102.0,1993.0,0,ambiguous,citywide,40958,9870.0,9DE5A805-43CA-4FB0-8D00-55E89BE3D9C4,102.00095022016454,Vilijampolės sen.,492562.9676774037,6085898.443922536,9.315840573620449e-06
74163068414335051,Vilijampolės sen.,255.0,2008.0,1,ambiguous,district,1900,15518.0,9D95E8BB-5060-4654-8A8D-D254A2E73E20,255.06559999845513,Vilijampolės sen.,492666.63,6086045.574999998,0.0002572218115357572
74257224567811253,Kauno m.,10.0,1958.0,1,ambiguous,citywide,6494,3192.0,1E9685FE-87AF-4400-866F-38F9F4075B25,12.001999996529893,Šilainių sen.,492618.23000000004,6090486.250000001,0.182488209284148
74958072579989973,Žaliakalnio sen.,40.0,1970.0,1,ambiguous,district,2608,265.0,AB9482DF-43C1-4CB5-B3B7-8CCE6B277F79,39.98750000090338,Žaliakalnio sen.,495456.91252012097,6086158.189720972,0.00031254881570808024
65239535521205178,Panemunės sen.,139.0,2018.0,2,ambiguous,district,5137,36742.0,DFEA7DED-4C8C-4384-A507-F5DF938BFF54,139.01215000325664,Panemunės sen.,499726.32187369117,6081270.891098014,8.740627533221357e-05
7492463853630002,Panemunės sen.,106.0,1930.0,1,ambiguous,district,5344,40777.0,F9E592CF-8D8D-485E-AB89-218170BCFCDA,106.02261419147256,Panemunės sen.,497377.6632770132,6080603.651224228,0.0002133186749402327
7489277083826669,Kauno m.,22.0,1974.0,1,ambiguous,citywide,16561,54794.0,602187e6-288e-4b60-a8c1-e118443d91d0,21.998916665486203,Vilijampolės sen.,491043.35404556396,6086148.481079037,4.9243690350753155e-05
7561240736353389,Kauno m.,207.0,1967.0,3,ambiguous,citywide,28948,65662.0,cd70edb8-dc12-4280-be4a-0c5dd927ecba,207.00038533371128,Aleksoto sen.,493572.88842020574,6080285.245839828,1.861513781342694e-06
75616210999437369,Petrašiūnų sen.,127.0,1958.0,1,ambiguous,district,3232,24621.0,E6A27B05-E876-4763-99F8-CBAD8C2C6136,126.94890000968371,Petrašiūnų sen.,503730.7092469985,6086717.52314106,0.00040244309783599164
75494132949526366,Vilijampolės sen.,149.0,1972.0,2,ambiguous,district,3826,53465.0,cab65c33-a7dc-4b49-abc3-d3bdb55ee955,149.0229696209764,Vilijampolės sen.,492523.2723444592,6086266.752024845,0.00015414664883817153
75461699365144005,Žaliakalnio sen.,86.0,1976.0,1,ambiguous,district,4654,2038.0,17AC714C-417E-453F-930D-AA1879694B63,85.99942678707804,Žaliakalnio sen.,495986.58415,6087412.830999999,6.665288746710019e-06
75335562482458499,Aleksoto sen.,328.0,1995.0,2,ambiguous,district,2467,17963.0,4F9D84C3-F3B1-4C89-A822-6142C3E42AD7,328.08253097811973,Aleksoto sen.,492582.34987584484,6080911.458623527,0.0002515871850201634
75004182927027097,Kauno m.,26.85,1973.0,1,ambiguous,citywide,19132,27665.0,E88F4E19-B804-4697-AE99-211901A0B066,26.85149999656621,Vilijampolės sen.,488150.7087999999,6087132.5663,5.5864233464486546e-05
65149396691538436,Petrašiūnų sen.,103.0,2019.0,1,ambiguous,district,3475,23377.0,A7611639-033D-41F5-9065-29B4D8BF9823,103.01643111139937,Petrašiūnų sen.,503458.91378356295,6086483.106678654,0.00015951263057534248
74598568245411459,Vilijampolės sen.,195.0,2008.0,2,ambiguous,district,2901,22840.0,F83E4A5A-FD3D-4CE4-A8FA-CE1A652A1A02,195.06515109146937,Vilijampolės sen.,493753.0558278367,6087719.508727339,0.00033405235967887137
74191535215779203,Dainavos sen.,53.0,1970.0,1,ambiguous,district,499,4887.0,C3B598F8-E8F3-4D95-B5E7-A1A2571B6618,53.047399994705245,Dainavos sen.,497737.4493376239,6086364.4676443525,0.0008939398394334219
75695248310088892,Centro sen.,113.0,1919.0,1,ambiguous,district,1599,34543.0,7BE2CF2B-588C-4695-BC70-38F1764C1E8D,112.99032421933224,Centro sen.,493319.90398397326,6084888.705464795,8.563004373840499e-05
75360750311927016,Panemunės sen.,164.0,1989.0,1,ambiguous,district,4811,40925.0,F31B9621-9498-4833-A051-EE054B1C07BD,164.00383830913512,Panemunės sen.,496992.232157914,6078646.950900445,2.3404050117470376e-05
75359457946823402,Žaliakalnio sen.,180.0,2006.0,1,ambiguous,district,3770,23450.0,285D42C8-78F5-4FB8-8B4F-73F04681F71C,180.03615000638402,Žaliakalnio sen.,495483.03630498616,6086761.117765513,0.00020081320447840056
64749048823521435,Kauno m.,24.0,1985.0,1,ambiguous,citywide,17670,12815.0,E8EABD14-F888-422C-ABA7-C5C8CCEC5C25,24.000599999125676,Šančių sen.,496818.5500000001,6081148.900000001,2.4999651075940932e-05
7429463986760021,Kauno m.,26.0,1930.0,1,ambiguous,citywide,18729,30248.0,0E85D2CF-C288-45B7-B007-683BF429F192,25.999763854411132,Vilijampolės sen.,492539.84290740883,6085427.240912551,9.0825638952019e-06
74163723629355291,Žaliakalnio sen.,34.0,1968.0,1,ambiguous,district,2200,589.0,A583851B-BF22-4BD2-91FE-66CC4326AAA6,34.01449999130051,Žaliakalnio sen.,494942.8000000001,6086617.345000001,0.00042637941974232874
74283743499708843,Kauno m.,44.0,1932.0,1,ambiguous,citywide,27539,60527.0,db38a606-53d1-47e6-b5d4-e64aaa21ee43,44.00053074682302,Šilainių sen.,489971.9751714654,6088039.162789768,1.2062355045472373e-05
64884617469800912,Kauno m.,68.0,2020.0,2,ambiguous,citywide,37079,63830.0,d7dc1133-9057-4518-8557-59aacb1dd84b,67.99994953840422,Žaliakalnio sen.,494518.17389460985,6086192.982883021,7.420825660631181e-07
74446925652950621,Kauno m.,64.0,1964.0,1,ambiguous,citywide,35945,48206.0,d0513278-e13f-45b6-9d49-510f6eec9a07,64.00019821173042,Šilainių sen.,494084.6633797297,6090574.282557287,3.097053491885049e-06
74142716702374614,Kauno m.,6795.0,2002.0,2,ambiguous,citywide,276,42163.0,E6FD66D6-83A9-4487-BE28-C8F5D4B18625,6750.235293584222,Petrašiūnų sen.,500448.7648025342,6086861.244881941,0.006609685017432199
75622550618047027,Aleksoto sen.,58.0,1956.0,1,ambiguous,district,6433,41842.0,1523FB7E-71C7-44BF-8100-8D0DDEAD2F0B,58.00164999646638,Aleksoto sen.,491424.6507097699,6084562.346095046,2.8447810294984777e-05
74444488272212991,Kauno m.,32.0,1970.0,1,ambiguous,citywide,21525,28850.0,F9939F46-5896-456D-8FF8-83FA4EBC29E8,31.996313406877867,Žaliakalnio sen.,496262.0398589024,6087029.177061065,0.00011521267179182004
75608604341577859,Gričiupio sen.,116.0,1959.0,1,ambiguous,district,1024,1163.0,20B27F8E-ABB1-4EBC-954C-1A56C0CD12BA,116.04834999882112,Gričiupio sen.,497112.46783467266,6085914.360635375,0.0004167234933678543
74102890112475811,Kauno m.,15.0,1999.0,1,ambiguous,citywide,11269,32282.0,8B41C570-8FB4-453E-B4C6-A45E9968D4D0,15.000750000683592,Aleksoto sen.,491920.7975308333,6084434.660006409,4.999879561218279e-05
64921896762572845,Žaliakalnio sen.,92.0,2019.0,2,ambiguous,district,4689,15622.0,9DC53892-716A-41E3-8E0C-FDA607BCD922,92.0203086720965,Žaliakalnio sen.,493662.2862235684,6085302.032024753,0.0002207220749221861
64953651507084112,Panemunės sen.,1145.0,2016.0,1,ambiguous,district,132,12095.0,E1C02E37-520E-40B2-A248-1702601E73D6,1145.9260000472943,Panemunės sen.,497157.0672563859,6080181.789740404,0.0008084068168985326
8040930379896491,Aleksoto sen.,170.0,2010.0,1,ambiguous,district,6635,36775.0,5BECE06B-CA9E-4E70-90D7-638A72284677,169.99395620401398,Aleksoto sen.,493200.7609637546,6081125.920426016,3.555237307306669e-05
74288081361278513,Kauno m.,12.0,1986.0,1,ambiguous,citywide,8594,3192.0,1E9685FE-87AF-4400-866F-38F9F4075B25,12.001999996529893,Šilainių sen.,492618.23000000004,6090486.250000001,0.00016665249019354178
75687656980846812,Vilijampolės sen.,129.0,1925.0,2,ambiguous,district,4185,28209.0,0E33C026-6374-403B-9A49-242B9E7FB357,129.01679998821282,Vilijampolės sen.,492522.95919682557,6086139.834960047,0.00013022398725492934
75645411847321015,Vilijampolės sen.,64.28,1939.0,1,ambiguous,district,4310,622.0,17600DCC-4384-491D-9D70-E0EB3AF2A509,64.28869999371581,Vilijampolės sen.,491156.065,6086377.04,0.00013533610792482165
75634864442333236,Žaliakalnio sen.,112.0,1950.0,1,ambiguous,district,4635,11560.0,08FBC1DD-6841-476C-8B66-0D4D80C7E7A4,111.98516659787606,Žaliakalnio sen.,494718.84997950785,6086306.712599134,0.0001324498614874159
65314507064455837,Kauno m.,44.0,2007.0,1,ambiguous,citywide,27539,60527.0,db38a606-53d1-47e6-b5d4-e64aaa21ee43,44.00053074682302,Šilainių sen.,489971.9751714654,6088039.162789768,1.2062355045472373e-05
74482836281726306,Kauno m.,13.0,1935.0,1,ambiguous,citywide,9555,35456.0,3BA4D5F7-5D94-4C59-A9F0-989F391DA4E6,13.001844835072216,Šančių sen.,496448.3977335273,6083813.975750751,0.0001419003218434689
75022164785550169,Kauno m.,26.0,1980.0,1,ambiguous,citywide,18729,30248.0,0E85D2CF-C288-45B7-B007-683BF429F192,25.999763854411132,Vilijampolės sen.,492539.84290740883,6085427.240912551,9.0825638952019e-06
8509424597286025,Šilainių sen.,176.0,2010.0,1,ambiguous,district,6203,38603.0,CFCE6D2D-A0EF-4B5A-9AD7-4C345F62F748,176.0142321706533,Šilainių sen.,488044.0915619418,6088524.010268054,8.086133661855399e-05
7430788527250462,Kauno m.,29.0,1966.0,1,ambiguous,citywide,20122,61155.0,bae057a1-5e7d-4f8f-b6b2-7c2cf51afab8,28.999892065010798,Šilainių sen.,494649.80932389677,6090974.922940333,3.721903105713409e-06
7480664511827452,Kauno m.,16.0,1939.0,1,ambiguous,citywide,12108,36148.0,42D62C8E-7585-4040-B6DD-350FA71FAB0F,16.0,Šančių sen.,496992.37090000045,6082192.865499999,0.0
74956976301757725,Kauno m.,26.0,1974.0,1,ambiguous,citywide,18729,30248.0,0E85D2CF-C288-45B7-B007-683BF429F192,25.999763854411132,Vilijampolės sen.,492539.84290740883,6085427.240912551,9.0825638952019e-06
7427319933586303,Kauno m.,22.0,1968.0,1,ambiguous,citywide,16561,54794.0,602187e6-288e-4b60-a8c1-e118443d91d0,21.998916665486203,Vilijampolės sen.,491043.35404556396,6086148.481079037,4.9243690350753155e-05
74618919100662318,Kauno m.,19.0,1963.0,1,ambiguous,citywide,14402,25601.0,06EC2A22-2355-40BE-BB99-EE0F7A2F6ECF,19.0,Petrašiūnų sen.,501135.92420000024,6084766.5735,0.0
74933261173088461,Kauno m.,22.47,1957.0,1,ambiguous,citywide,16827,36083.0,C4D31172-967A-4AD9-802C-041F1C043034,22.468919370996076,Panemunės sen.,496872.82661768433,6077939.1079346575,4.80932349624652e-05
74335286048662089,Kauno m.,13.0,1992.0,1,ambiguous,citywide,9555,35456.0,3BA4D5F7-5D94-4C59-A9F0-989F391DA4E6,13.001844835072216,Šančių sen.,496448.3977335273,6083813.975750751,0.0001419003218434689
74962281503765812,Kauno m.,114.0,1953.0,1,ambiguous,citywide,40400,23419.0,2F1EF9E1-3F75-4C11-A837-64C07AD362F6,113.99804799935723,Petrašiūnų sen.,500230.7305125479,6086676.85942219,1.7122959253157433e-05
75542446842023311,Aleksoto sen.,85.0,1968.0,2,ambiguous,district,7992,6322.0,F93CDF99-8350-4EBD-9781-1CB522CE6BE4,84.98394645067646,Aleksoto sen.,491540.2256883347,6081472.313886299,0.00018888312345399783
75619793182684525,Šilainių sen.,76.0,1957.0,1,ambiguous,district,6803,54512.0,ddc11176-8c6e-4727-85c0-cc5960c4187c,76.01152878963047,Šilainių sen.,492599.60426751577,6088036.922796939,0.00015168309593871498
74503512957699969,Kauno m.,11.0,1927.0,1,ambiguous,citywide,7571,3192.0,1E9685FE-87AF-4400-866F-38F9F4075B25,12.001999996529893,Šilainių sen.,492618.23000000004,6090486.250000001,0.08717802947982323
64854578013515143,Kauno m.,24.0,1971.0,1,ambiguous,citywide,17670,12815.0,E8EABD14-F888-422C-ABA7-C5C8CCEC5C25,24.000599999125676,Šančių sen.,496818.5500000001,6081148.900000001,2.4999651075940932e-05
75615043058947187,Vilijampolės sen.,115.0,1958.0,2,ambiguous,district,4371,50811.0,C30EDE4D-9C06-4845-95B0-C164E8F48F04,115.0031689316092,Vilijampolės sen.,492286.80825311743,6085359.904054674,2.755554737898791e-05
65144496956446266,Šilainių sen.,122.0,2013.0,2,ambiguous,district,7255,60830.0,3bca7363-9ab6-4e0c-8f4d-18be39ef68e8,122.00070054993178,Šilainių sen.,489436.44224652933,6087285.621929972,5.742196068858618e-06
7470232988160723,Kauno m.,6.0,1968.0,1,ambiguous,citywide,1255,3192.0,1E9685FE-87AF-4400-866F-38F9F4075B25,12.001999996529893,Šilainių sen.,492618.23000000004,6090486.250000001,0.6933138330501389
75627040110625182,Šančių sen.,185.0,1955.0,1,ambiguous,district,2500,32778.0,BB77FAB1-087F-43DE-ADB9-0099F1AE0976,185.05989999408126,Šančių sen.,497050.0367000001,6083603.085000001,0.0003237313451442958
74428980596240771,Kauno m.,25.0,1936.0,1,ambiguous,citywide,18210,29207.0,0A56472F-66B2-41A7-B47B-01701314B5D5,25.00039999837093,Gričiupio sen.,497989.3960000001,6085158.809300002,1.5999806839861463e-05
64904068446157495,Kauno m.,77.0,2023.0,1,ambiguous,citywide,39216,43389.0,A043D469-3DC4-4998-A39C-565B9F5F5718,76.99950000120512,Panemunės sen.,498581.38880500733,6080818.713293108,6.4935119254982965e-06
75653396230887557,Aleksoto sen.,134.0,1937.0,1,ambiguous,district,7690,13465.0,4D788603-2E01-4FB0-BA4C-DA8A593DAC0E,134.00480000070743,Aleksoto sen.,493223.4084,6080682.7781,3.582025924853127e-05
75603792054434085,Panemunės sen.,242.0,1959.0,3,ambiguous,district,3472,65688.0,2e27b406-8262-4af4-a92b-8297642e471a,242.01946528499846,Panemunės sen.,498232.8693544702,6080534.97520796,8.043182725092635e-05
75560733094814161,Žaliakalnio sen.,579.0,1966.0,4,ambiguous,district,427,31675.0,0528BA8E-D64A-46A9-85DB-5B6E10402BFE,580.0101327663742,Žaliakalnio sen.,496364.99167832214,6086943.115817002,0.001743096101717967
75684642605835711,Dainavos sen.,138.0,1927.0,1,ambiguous,district,465,26694.0,693E750F-C9D8-4EBF-B1B4-2BAC7FA02BBE,137.6885174207457,Dainavos sen.,497062.51132355386,6086621.293502207,0.0022596712747215975
74439114630010655,Kauno m.,28.0,1975.0,1,ambiguous,citywide,19655,64435.0,b8b3c45b-50c8-439c-a780-10936b21dc7b,27.999818957143066,Eigulių sen.,496841.2465692256,6087032.037176935,6.465837222524584e-06
65311063558254681,Kauno m.,36.0,2007.0,1,ambiguous,citywide,23510,66201.0,2e2adc05-3da4-462e-a037-ff96eb198e87,36.00059857991784,Eigulių sen.,496593.7489499999,6091057.821900001,1.6627081709241764e-05
74308163706389568,Petrašiūnų sen.,30.0,1984.0,1,ambiguous,district,3142,51224.0,b6544bba-5308-473e-ab97-9740b6fe840d,29.993453789019153,Petrašiūnų sen.,501283.984322,6085168.066033555,0.000218230843313183
74895230592565476,Kauno m.,7.5,1982.0,1,ambiguous,citywide,3177,3192.0,1E9685FE-87AF-4400-866F-38F9F4075B25,12.001999996529893,Šilainių sen.,492618.23000000004,6090486.250000001,0.47017028173592923
93300305512426948,Kauno m.,45.0,1971.0,0,ambiguous,citywide,28078,65544.0,0c6bfe43-eb3f-4abb-9bff-55ab2bd80d1a,45.00034363380952,Panemunės sen.,500968.06799999974,6079315.238349998,7.636277722156137e-06
65096022317256211,Šilainių sen.,165.0,2013.0,2,ambiguous,district,6478,20762.0,E73E97F2-0D7F-48B0-B2E3-8F1CE13E810E,165.04090000413674,Šilainių sen.,488560.19694077404,6088774.633728799,0.0002478480960732554
74604154309330886,Žaliakalnio sen.,134.0,1980.0,1,ambiguous,district,4484,5535.0,13E2E1CC-8C6A-4EA7-A4B0-3A8057AA2558,133.99796999718876,Žaliakalnio sen.,493747.3860117911,6085139.079887845,1.5149389462010276e-05
75624062806536121,Vilijampolės sen.,143.0,1956.0,1,ambiguous,district,3965,51823.0,d0763bc0-899e-47ef-94ea-61bc4e15a734,142.9216583771332,Vilijampolės sen.,487418.3409500001,6087402.93815,0.0005479936376406869
75644788172166494,Dainavos sen.,51.0,1939.0,1,ambiguous,district,495,57022.0,28250ec2-c2d2-4092-9813-33d6710d5729,50.98772821121574,Dainavos sen.,499590.01332679426,6087554.264944961,0.00024065226392844252
75666917644491391,Kauno m.,35.0,1932.0,1,ambiguous,citywide,23010,43237.0,03C2C4FA-968F-486F-AF14-6AFEC83AE024,35.00125000765081,Žaliakalnio sen.,494072.2256530612,6085760.255303067,3.57138665614265e-05
75027238216806291,Kauno m.,22.0,1981.0,1,ambiguous,citywide,16561,54794.0,602187e6-288e-4b60-a8c1-e118443d91d0,21.998916665486203,Vilijampolės sen.,491043.35404556396,6086148.481079037,4.9243690350753155e-05
65127756599218725,Kauno m.,39.0,2012.0,2,ambiguous,citywide,25058,54907.0,2986dd97-534c-46d5-8e66-387de25a99ae,39.00176693465833,Vilijampolės sen.,491702.9259369278,6086410.390419007,4.5304990593741934e-05
85959729863931647,Kauno m.,53.0,2004.0,0,ambiguous,citywide,31970,24762.0,AF857F01-A02A-405E-BE3C-A6626B3D8168,52.99909993728964,Žaliakalnio sen.,495607.0272298793,6086424.393855643,1.6982459491110546e-05
75528677461883242,Žaliakalnio sen.,151.0,1969.0,1,ambiguous,district,4278,24278.0,E64630CA-8F1B-46B7-A45F-0E4B801CC736,150.99090606097488,Žaliakalnio sen.,494891.4319461462,6086544.537834272,6.022657533932829e-05
75622233939156958,Petrašiūnų sen.,95.0,1956.0,1,ambiguous,district,3535,29048.0,4E444BE6-2D85-47EA-851E-6D176241D5B4,95.03903558436714,Petrašiūnų sen.,500812.71140721184,6085079.986323299,0.0004108164914233825
74462885231675907,Kauno m.,14.0,1969.0,0,ambiguous,citywide,10423,38523.0,CFB723D0-EC6D-4CE0-93F1-DCBE2FE943A2,13.998468149964506,Gričiupio sen.,498218.1656500003,6085042.26175,0.00010942384624845758
6493329380274182,Šilainių sen.,41.0,2010.0,1,ambiguous,district,4299,61044.0,9f1bcbe7-7777-4a80-b47c-63f8305ae147,40.99718746622927,Šilainių sen.,489915.4371500001,6087957.446799999,6.86007376287101e-05
64961918661795487,Vilijampolės sen.,90.0,2023.0,2,ambiguous,district,4538,3284.0,470C9599-12F0-4754-95DC-E52DCB0FEB11,90.00124999977648,Vilijampolės sen.,492912.0048790359,6085916.990122299,1.3888789955451841e-05
75688879869955608,Šančių sen.,104.0,1925.0,1,ambiguous,district,3514,11582.0,5010A2E4-B506-41BB-A5AB-1DE9F8EA4EBB,104.06779999287127,Šančių sen.,496335.8101909942,6082248.844727846,0.0006517105988850247
64862756991412876,Kauno m.,124.0,2023.0,1,ambiguous,citywide,39664,28032.0,187B5A7E-BE81-4304-BAAE-18A62BAB9BA0,123.99972570268179,Vilijampolės sen.,492481.7122426708,6086201.686349764,2.2120775939882265e-06
74799413930094483,Kauno m.,10.54,1989.0,1,ambiguous,citywide,7067,3192.0,1E9685FE-87AF-4400-866F-38F9F4075B25,12.001999996529893,Šilainių sen.,492618.23000000004,6090486.250000001,0.12989575916497786
75633988721617876,Vilijampolės sen.,353.0,1950.0,2,ambiguous,district,1106,991.0,B43A470E-E740-4B0F-8C9F-21335CFBF8C3,353.7392999992677,Vilijampolės sen.,492701.3050000004,6085313.475000001,0.002092144214796754
74573247941714452,Kauno m.,77.0,1992.0,1,ambiguous,citywide,39216,43389.0,A043D469-3DC4-4998-A39C-565B9F5F5718,76.99950000120512,Panemunės sen.,498581.38880500733,6080818.713293108,6.4935119254982965e-06
75537716218230314,Dainavos sen.,65.0,1968.0,1,ambiguous,district,525,63650.0,1eba33f9-814f-4cdd-9464-88d150d65cc0,64.81773351095899,Dainavos sen.,499829.6506344864,6088162.029258941,0.0028080386843463145
74449771939415044,Kauno m.,15.0,1963.0,1,ambiguous,citywide,11269,32282.0,8B41C570-8FB4-453E-B4C6-A45E9968D4D0,15.000750000683592,Aleksoto sen.,491920.7975308333,6084434.660006409,4.999879561218279e-05
64959415090957123,Petrašiūnų sen.,1857.0,2016.0,1,ambiguous,district,381,23305.0,D1DE0DC7-A902-45BD-9C19-A1ACC4DD4A82,1852.3448209788266,Petrašiūnų sen.,500526.3165957679,6087340.885406003,0.002509975044005408
74483913571283603,Kauno m.,9.0,1966.0,1,ambiguous,citywide,5299,3192.0,1E9685FE-87AF-4400-866F-38F9F4075B25,12.001999996529893,Šilainių sen.,492618.23000000004,6090486.250000001,0.28784872494197433
75629300577182437,Žaliakalnio sen.,95.0,1954.0,1,ambiguous,district,4700,14314.0,82418D45-D43F-4970-856A-BB0EF629EDF8,94.99295000350028,Žaliakalnio sen.,496093.19508495065,6085732.1575659,7.421324320500133e-05
74601853437852111,Kauno m.,39.0,1930.0,1,ambiguous,citywide,25058,54907.0,2986dd97-534c-46d5-8e66-387de25a99ae,39.00176693465833,Vilijampolės sen.,491702.9259369278,6086410.390419007,4.5304990593741934e-05
6490526144657377,Šilainių sen.,107.0,2019.0,1,ambiguous,district,7438,53884.0,d3806235-040e-4ea2-ae80-ab270c03356e,106.99176258064011,Šilainių sen.,493847.95984999975,6089389.7053999975,7.698819117685218e-05
74257718546509005,Kauno m.,35.0,1989.0,1,ambiguous,citywide,23010,43237.0,03C2C4FA-968F-486F-AF14-6AFEC83AE024,35.00125000765081,Žaliakalnio sen.,494072.2256530612,6085760.255303067,3.57138665614265e-05
7420396999119562,Panemunės sen.,176.0,2001.0,1,ambiguous,district,4615,8678.0,38289A9B-993F-421B-9851-1BB784849F3D,175.99489999986943,Panemunės sen.,499743.2672514857,6081299.7665451765,2.8977693317777664e-05
64732415175846589,Kauno m.,169.0,2023.0,1,ambiguous,citywide,34348,43299.0,C434663E-43B0-4417-83FF-9E9C1716825E,168.9953999954,Aleksoto sen.,493443.5855859994,6080599.591912985,2.7219332572769872e-05
65158681973452856,Panemunės sen.,185.0,2014.0,1,ambiguous,district,4472,18418.0,C2C75268-C857-4FDB-A214-33DE34EA0095,184.96321903438206,Panemunės sen.,499892.2164496959,6080149.781473162,0.00019883579689405906
75586169087895935,Vilijampolės sen.,816.0,1963.0,5,ambiguous,district,422,56013.0,dff59918-d33e-4b3c-b39e-b1f26baf4d2e,817.0054721952941,Vilijampolės sen.,492431.81059999997,6085287.62965,0.0012314377869220294
8010183470679326,Eigulių sen.,983.0,2006.0,1,ambiguous,district,420,7068.0,D3F2A781-D0EE-4EFC-8D85-966C084597F3,983.8738499506494,Eigulių sen.,496140.67375904886,6087869.551672508,0.0008885674169363256
7549768524562557,Gričiupio sen.,819.0,1972.0,2,ambiguous,district,299,3989.0,441ED72C-2B68-43FF-8462-CA87B16A0716,817.8576339505498,Gričiupio sen.,497623.93515000085,6085816.577000001,0.0013958040225690027
74123135148871477,Panemunės sen.,120.0,2002.0,1,ambiguous,district,5300,49604.0,b3c8cd7c-ebcc-45e7-a4ed-6a4550edc2a8,120.02786201377153,Panemunės sen.,497286.32251253835,6078239.658582011,0.00023215649769081637
75696317498675322,Šančių sen.,530.0,1960.0,1,ambiguous,district,450,39503.0,014466C3-2483-48B7-8407-5362B46E8417,532.4673500269546,Šančių sen.,496510.9618717495,6083325.512143582,0.004644574654229849
82325964916343641,Aleksoto sen.,211.0,2006.0,1,ambiguous,district,5350,34172.0,E9F5C3BC-C6C6-4FAA-B019-027071BFAEE5,211.01339920553625,Aleksoto sen.,492043.9736849679,6083756.66504072,6.350132752164228e-05
7447902917270352,Kauno m.,24.0,1954.0,1,ambiguous,citywide,17670,12815.0,E8EABD14-F888-422C-ABA7-C5C8CCEC5C25,24.000599999125676,Šančių sen.,496818.5500000001,6081148.900000001,2.4999651075940932e-05
64739869210975229,Kauno m.,23.0,2023.0,1,ambiguous,citywide,17115,23510.0,B614982E-50C9-49D2-BD1F-20276B84190F,23.003700001622736,Vilijampolės sen.,493912.0850999998,6087234.5699,0.0001608566976387671
65227501348259942,Centro sen.,433.0,2011.0,2,ambiguous,district,923,61594.0,fafae469-c4ed-4a45-89c8-9df0c3a9c66f,432.6950501589167,Centro sen.,493911.798879691,6084700.605834726,0.0007045202664395234
64861288862944094,Kauno m.,158.0,2021.0,2,ambiguous,citywide,36014,27758.0,2200F84F-97BA-4C91-B479-ACD3F10D6E8E,158.0005447796126,Šilainių sen.,494609.0287997932,6090795.368445978,3.44796628759525e-06
74555896073169939,Kauno m.,64.0,1996.0,1,ambiguous,citywide,35945,48206.0,d0513278-e13f-45b6-9d49-510f6eec9a07,64.00019821173042,Šilainių sen.,494084.6633797297,6090574.282557287,3.097053491885049e-06
75644541805393345,Vilijampolės sen.,91.0,1939.0,1,ambiguous,district,4539,54882.0,a3bc2275-4b6d-4f0d-94ef-bfb8b39f3aeb,90.98981843061692,Vilijampolės sen.,491682.88243281987,6086023.331228928,0.00011189163747182818
75616287512495786,Eigulių sen.,146.0,1958.0,1,ambiguous,district,745,20023.0,059871AA-E9A3-4B58-857E-F3FF64571B70,145.96704475497083,Eigulių sen.,496891.66292947286,6090804.295833356,0.00022574633515048959
75707673540301904,Žaliakalnio sen.,96.0,1890.0,1,ambiguous,district,4699,2265.0,18F44E0A-DBEA-476D-8F08-C6E82718B8A7,95.9992499995539,Žaliakalnio sen.,494485.3152499646,6085539.121074682,7.812535164575252e-06
64937271011060602,Petrašiūnų sen.,141.0,2016.0,2,ambiguous,district,3067,35323.0,06CA7FE0-E618-47C2-BB39-7D22DE08A72C,140.98225000271665,Petrašiūnų sen.,503745.1898743606,6087264.711006225,0.0001258944299271647
74820654721781926,Kauno m.,31.0,1998.0,1,ambiguous,citywide,21068,37956.0,D74F9B33-AA42-4A40-9357-73300279589E,31.000705796529928,Vilijampolės sen.,491720.46673969046,6086516.7864471385,2.2767370819298804e-05
74304979925397641,Kauno m.,29.0,1956.0,1,ambiguous,citywide,20122,61155.0,bae057a1-5e7d-4f8f-b6b2-7c2cf51afab8,28.999892065010798,Šilainių sen.,494649.80932389677,6090974.922940333,3.721903105713409e-06
75446249308157964,Eigulių sen.,2221.0,2009.0,2,ambiguous,district,63,53901.0,9946005e-d410-4676-936c-ab09862ad4b8,2211.3483492307396,Eigulių sen.,494658.1007647859,6088090.015258019,0.004355102651669718
80308560844758528,Eigulių sen.,161.0,2007.0,2,ambiguous,district,735,57198.0,fd3c40eb-8c62-427c-87d0-86345b551164,161.01564928496512,Eigulių sen.,496761.9101516822,6087275.91490132,9.71958040683063e-05
7562868932280295,Aleksoto sen.,86.0,1954.0,1,ambiguous,district,8017,52930.0,c4d9af94-c31a-4eb5-a2ea-857aa0299ded,86.00074160823311,Aleksoto sen.,490014.91120000003,6079668.827900001,8.623314367461887e-06
74236431448504753,Kauno m.,20.0,1992.0,1,ambiguous,citywide,15162,42659.0,62E3BCEC-CF1A-411E-BD41-7C2CD1C41A70,20.000999999978582,Aleksoto sen.,493055.17640744965,6080852.427823423,4.9998748970825346e-05
75640847893942251,Vilijampolės sen.,221.0,1940.0,1,ambiguous,district,2417,22641.0,56C34916-E7DF-4342-A0E1-DECC0A8C0A3B,220.89010000560677,Vilijampolės sen.,487905.62138362054,6087087.182580832,0.0004974087297169305
64878731539336446,Kauno m.,316.0,2021.0,2,ambiguous,citywide,16517,65331.0,ee0a7439-de9a-49fd-b21b-6e4813c63246,316.0300406168696,Panemunės sen.,497288.67245842126,6078207.686877866,9.506072484377626e-05
74442728445327441,Kauno m.,17.0,1989.0,1,ambiguous,citywide,12896,7495.0,20E3F8ED-B037-4A40-9933-B4B5DFBA6909,17.000950002374314,Aleksoto sen.,495416.22617561574,6080355.553315051,5.588093123831683e-05
75595053316713026,Šančių sen.,460.0,1962.0,4,ambiguous,district,543,56442.0,3f9cb008-00a6-4bdb-a103-71279b762feb,461.2753098166723,Šančių sen.,495642.173060449,6082776.718897174,0.0027685765974378995
65258234727625847,Šilainių sen.,238.0,2012.0,2,ambiguous,district,4642,30839.0,C1C5E401-9842-454D-B611-D9ACEEA24B30,238.00041441710025,Šilainių sen.,493674.3415363356,6089923.113522186,1.7412468036326345e-06
74305570753617128,Kauno m.,8.0,1931.0,1,ambiguous,citywide,3969,3192.0,1E9685FE-87AF-4400-866F-38F9F4075B25,12.001999996529893,Šilainių sen.,492618.23000000004,6090486.250000001,0.40563176059835815
64929444578520457,Šilainių sen.,84.0,2018.0,2,ambiguous,district,7081,60303.0,c081aca6-65fd-4496-b684-9ca5eee37fd2,83.97363765385903,Šilainių sen.,488876.8501000001,6089646.75415,0.0003138867113392507
74548900110466054,Kauno m.,21.22,1935.0,1,ambiguous,citywide,16040,33595.0,161FD05F-6597-4D8D-9BA8-53757413C5B6,21.219099994936585,Panemunės sen.,501109.36834275327,6078954.893306337,4.2413956170328504e-05
75585951193637466,Šančių sen.,149.0,1935.0,1,ambiguous,district,2992,37526.0,92EFEAEB-D99C-45EE-8A88-28D3C70DE586,149.0232048900982,Šančių sen.,496918.20164466306,6082015.646365852,0.0001557253916093515
64791628666139592,Kauno m.,134.0,1967.0,1,ambiguous,citywide,38782,5535.0,13E2E1CC-8C6A-4EA7-A4B0-3A8057AA2558,133.99796999718876,Žaliakalnio sen.,493747.3860117911,6085139.079887845,1.5149389462010276e-05
74454772116586104,Kauno m.,18.0,1974.0,1,ambiguous,citywide,13645,12810.0,E5470CB3-C0D5-46A3-9ABF-28319CADAD23,18.000599997430665,Panemunės sen.,499372.8338694433,6080718.06656832,3.333263505433948e-05
74568630614356798,Kauno m.,5.0,1920.0,1,ambiguous,citywide,345,3192.0,1E9685FE-87AF-4400-866F-38F9F4075B25,12.001999996529893,Šilainių sen.,492618.23000000004,6090486.250000001,0.8756353898440936
64763200474264135,Kauno m.,415.0,2024.0,6,ambiguous,citywide,9995,62890.0,2d26958e-4f3c-4e9e-af42-166165125cac,415.0354953539016,Centro sen.,494118.79452966654,6084687.0669207955,8.55273156918912e-05
74405392237370666,Šančių sen.,85.0,2012.0,1,ambiguous,district,3590,56284.0,062f5adb-6c3c-40b5-a4b4-de7d59494f79,84.98763479188474,Šančių sen.,497354.7934379802,6084332.649230684,0.0001454836188790054
74622499735688158,Kauno m.,16.0,1963.0,1,ambiguous,citywide,12108,36148.0,42D62C8E-7585-4040-B6DD-350FA71FAB0F,16.0,Šančių sen.,496992.37090000045,6082192.865499999,0.0
75620107140092582,Petrašiūnų sen.,497.0,1957.0,2,ambiguous,district,907,21114.0,A7AFF2E9-F7EC-405B-A36D-50559F8292A9,498.648899974191,Petrašiūnų sen.,500144.7395354441,6084024.360722668,0.0033122147409754277
75684588240985728,Žaliakalnio sen.,159.0,1927.0,1,ambiguous,district,4154,31677.0,6FA91CDD-0E0E-4096-9BC8-8F1C9334B29C,158.98645000652428,Žaliakalnio sen.,494281.97894278396,6085701.80328216,8.52237161907965e-05
74512374510622884,Kauno m.,13.0,1992.0,1,ambiguous,citywide,9555,35456.0,3BA4D5F7-5D94-4C59-A9F0-989F391DA4E6,13.001844835072216,Šančių sen.,496448.3977335273,6083813.975750751,0.0001419003218434689
74936043933099133,Kauno m.,21.96,1963.0,1,ambiguous,citywide,16536,6845.0,EE095C85-96C0-4CA7-A4B2-C2D962EE0C2A,21.960900003899262,Aleksoto sen.,495517.70500000013,6079784.1099999985,4.09829443070997e-05
64746645037036268,Kauno m.,10.0,2023.0,1,ambiguous,citywide,6494,3192.0,1E9685FE-87AF-4400-866F-38F9F4075B25,12.001999996529893,Šilainių sen.,492618.23000000004,6090486.250000001,0.182488209284148
74828612538773029,Kauno m.,15.0,1986.0,1,ambiguous,citywide,11269,32282.0,8B41C570-8FB4-453E-B4C6-A45E9968D4D0,15.000750000683592,Aleksoto sen.,491920.7975308333,6084434.660006409,4.999879561218279e-05
75649094031750713,Vilijampolės sen.,86.0,1969.0,1,ambiguous,district,4549,53408.0,b74776f5-d14b-4f7b-a87f-575989db1766,85.99393253296172,Vilijampolės sen.,492012.1119000001,6085353.7086499985,7.055443121029015e-05
64901958007676092,Šilainių sen.,50.0,2018.0,1,ambiguous,district,5194,53247.0,a27e4b68-3b55-4f18-b271-1f343af0ce60,50.00029855039059,Šilainių sen.,491810.95530000003,6086831.844749999,5.9709899855597826e-06
75151280345257226,Šilainių sen.,137.0,1993.0,1,ambiguous,district,7044,10574.0,F61F2E7C-B5AA-4BB6-9FA1-81E759A3F3C3,137.00139999154155,Šilainių sen.,493639.0313000001,6090173.3169,1.021886414864781e-05
74889362901076839,Kauno m.,38.0,1924.0,1,ambiguous,citywide,24483,47285.0,e8a10eaa-5c92-49ae-9103-251bf906b46a,38.00377657364652,Vilijampolės sen.,493546.3028499998,6086931.695050001,9.937857879904755e-05
74526040523253706,Kauno m.,13.0,1977.0,0,ambiguous,citywide,9555,35456.0,3BA4D5F7-5D94-4C59-A9F0-989F391DA4E6,13.001844835072216,Šančių sen.,496448.3977335273,6083813.975750751,0.0001419003218434689
74295020148630944,Kauno m.,24.0,1936.0,1,ambiguous,citywide,17670,12815.0,E8EABD14-F888-422C-ABA7-C5C8CCEC5C25,24.000599999125676,Šančių sen.,496818.5500000001,6081148.900000001,2.4999651075940932e-05
65209001290589846,Kauno m.,45.0,2008.0,1,ambiguous,citywide,28078,65544.0,0c6bfe43-eb3f-4abb-9bff-55ab2bd80d1a,45.00034363380952,Panemunės sen.,500968.06799999974,6079315.238349998,7.636277722156137e-06
75505315882599996,Žaliakalnio sen.,114.0,1971.0,2,ambiguous,district,4617,60347.0,2a2d2b1d-da30-4403-b974-5b340d2abfef,113.99665118665989,Žaliakalnio sen.,495880.45619999996,6085380.20885,2.937598708552258e-05
75712077997783095,Centro sen.,198.0,1878.0,1,ambiguous,district,1636,6402.0,D98CE7CB-E5D2-440C-A1DC-DA3F99ABB3C3,198.01561969377082,Centro sen.,495487.19603670697,6083838.154197879,7.888423083457496e-05
75008999636343901,Kauno m.,16.0,1973.0,1,ambiguous,citywide,12108,36148.0,42D62C8E-7585-4040-B6DD-350FA71FAB0F,16.0,Šančių sen.,496992.37090000045,6082192.865499999,0.0
75647565848189782,Žaliakalnio sen.,40.0,1964.0,1,ambiguous,district,2608,265.0,AB9482DF-43C1-4CB5-B3B7-8CCE6B277F79,39.98750000090338,Žaliakalnio sen.,495456.91252012097,6086158.189720972,0.00031254881570808024
7414430786722985,Kauno m.,15.0,2002.0,1,ambiguous,citywide,11269,32282.0,8B41C570-8FB4-453E-B4C6-A45E9968D4D0,15.000750000683592,Aleksoto sen.,491920.7975308333,6084434.660006409,4.999879561218279e-05
74600148420322171,Kauno m.,14.0,1958.0,1,ambiguous,citywide,10423,38523.0,CFB723D0-EC6D-4CE0-93F1-DCBE2FE943A2,13.998468149964506,Gričiupio sen.,498218.1656500003,6085042.26175,0.00010942384624845758
75649235318173108,Vilijampolės sen.,122.0,1938.0,1,ambiguous,district,4285,6817.0,9237D879-BF40-4B47-8222-AA29B9C7E034,121.99209999428093,Vilijampolės sen.,488886.77394966333,6086063.37598952,6.475624187896045e-05
74307591600944176,Panemunės sen.,44.0,1981.0,1,ambiguous,district,2966,57736.0,4c2a8749-129a-4b19-9dfd-f913c60c1d8e,43.951789662263494,Panemunės sen.,498401.15826119285,6079794.736938052,0.0010962902005768882
6523033039458323,Šilainių sen.,209.0,2017.0,1,ambiguous,district,5385,21788.0,F6047C25-B2A6-482C-9858-D3DE22C7E56A,209.01110000838395,Šilainių sen.,493140.01330383157,6087349.809214358,5.310867767072125e-05
74728908484188672,Kauno m.,80.0,1995.0,1,ambiguous,citywide,39661,57417.0,e34f8cb1-1ad4-4ffb-a6e6-1954ce135f19,80.00006043697978,Žaliakalnio sen.,495087.96932264045,6085836.980005098,7.554619623206804e-07
74450679748918586,Kauno m.,28.0,1983.0,1,ambiguous,citywide,19655,64435.0,b8b3c45b-50c8-439c-a780-10936b21dc7b,27.999818957143066,Eigulių sen.,496841.2465692256,6087032.037176935,6.465837222524584e-06
74739517476846401,Kauno m.,14.0,1990.0,1,ambiguous,citywide,10423,38523.0,CFB723D0-EC6D-4CE0-93F1-DCBE2FE943A2,13.998468149964506,Gričiupio sen.,498218.1656500003,6085042.26175,0.00010942384624845758
75526923878054694,Dainavos sen.,671.0,1970.0,5,ambiguous,district,573,6705.0,0BE0D692-DC23-496C-8FBB-76DDDB3045E1,671.0042420827606,Dainavos sen.,498875.2388690282,6086758.664609692,6.322010955628343e-06
74238315817938133,Kauno m.,18.0,1973.0,1,ambiguous,citywide,13645,12810.0,E5470CB3-C0D5-46A3-9ABF-28319CADAD23,18.000599997430665,Panemunės sen.,499372.8338694433,6080718.06656832,3.333263505433948e-05
75639645450718135,Vilijampolės sen.,132.0,1941.0,2,ambiguous,district,4137,55931.0,3ae832a2-a49a-4a85-afdd-f067f758f732,131.99690565449498,Vilijampolės sen.,492488.8211493341,6085450.442328282,2.3442286170016757e-05
74429137384763075,Kauno m.,22.0,1991.0,1,ambiguous,citywide,16561,54794.0,602187e6-288e-4b60-a8c1-e118443d91d0,21.998916665486203,Vilijampolės sen.,491043.35404556396,6086148.481079037,4.9243690350753155e-05
74390785784082425,Kauno m.,18.0,1989.0,1,ambiguous,citywide,13645,12810.0,E5470CB3-C0D5-46A3-9ABF-28319CADAD23,18.000599997430665,Panemunės sen.,499372.8338694433,6080718.06656832,3.333263505433948e-05
75634034808004763,Vilijampolės sen.,74.0,1950.0,2,ambiguous,district,4483,28223.0,0DDDC237-7E96-4DEA-9F20-6A90727D128D,74.00586115312089,Vilijampolės sen.,492903.14586986136,6086073.884141367,7.920163537100677e-05
74439503578223126,Kauno m.,27.0,1985.0,1,ambiguous,citywide,19219,8089.0,00F782A1-B0D3-4C33-BBDC-F90B7180B226,26.998350001438148,Panemunės sen.,496870.9255026141,6077850.352718684,6.111292520305511e-05
74143712491202038,Kauno m.,9.0,1996.0,1,ambiguous,citywide,5299,3192.0,1E9685FE-87AF-4400-866F-38F9F4075B25,12.001999996529893,Šilainių sen.,492618.23000000004,6090486.250000001,0.28784872494197433
64883339096891923,Kauno m.,219.0,2018.0,2,ambiguous,citywide,27250,47314.0,a6971ba8-2957-43c1-a822-0a4679f71941,218.99454460104747,Šilainių sen.,488801.219947746,6089644.798528949,2.4910807772116073e-05
75604242275888883,Žaliakalnio sen.,111.0,1960.0,2,ambiguous,district,4634,57392.0,2a1f72f4-04a7-439a-a345-f14a77504f44,110.97237237406374,Žaliakalnio sen.,495936.89456111524,6086427.380638212,0.00024892851108848646
74401613889406679,Kauno m.,19.0,1974.0,1,ambiguous,citywide,14402,25601.0,06EC2A22-2355-40BE-BB99-EE0F7A2F6ECF,19.0,Petrašiūnų sen.,501135.92420000024,6084766.5735,0.0
75612764138641153,Gričiupio sen.,390.0,1995.0,3,ambiguous,district,514,3279.0,34B9AF74-CC88-40DE-AC74-ED44036364AE,390.1750499937206,Gričiupio sen.,496892.93163592246,6085901.442502728,0.0004487454364490162
65239614410889255,Panemunės sen.,137.0,2016.0,2,ambiguous,district,5162,39137.0,55FC6A1B-D988-4052-829E-4DD184E70DC7,136.99158897017685,Panemunės sen.,496545.1075406472,6077570.562487845,6.139626298296008e-05
65173226343723578,Aleksoto sen.,72.0,2019.0,2,ambiguous,district,7372,42510.0,6F921728-74D7-424F-9B75-C7794E25B8F1,72.00204828508265,Aleksoto sen.,493009.88485,6080685.073799999,2.844799927714803e-05
75001930207387338,Šilainių sen.,74.0,1960.0,1,ambiguous,district,6697,51449.0,e440ec91-c55e-44e1-bd6a-933ecfb7f28d,73.99481597927792,Šilainių sen.,488594.9472442707,6089277.214274089,7.005678800187098e-05
75228356197377472,Šilainių sen.,81.0,1957.0,1,ambiguous,district,6999,66033.0,3ad227e0-9889-4b75-b6ca-ad62dd339fd4,80.99984627571887,Šilainių sen.,490177.06605,6088154.659649999,1.8978324325402696e-06
65146380872939877,Panemunės sen.,131.0,2016.0,1,ambiguous,district,5234,59039.0,7ebfd602-d265-4826-ad9d-f9facf034bcd,130.99611436835573,Panemunės sen.,496493.56579999975,6078629.818849999,2.966175016627659e-05
64754461986304468,Kauno m.,109.0,2024.0,2,ambiguous,citywide,40707,64096.0,e924747f-7cb6-4933-a15a-7dc2c2e86eda,108.9995183724897,Šilainių sen.,488299.61125677143,6088537.493568262,4.418610773271325e-06
75009994839290384,Kauno m.,20.0,1996.0,1,ambiguous,citywide,15162,42659.0,62E3BCEC-CF1A-411E-BD41-7C2CD1C41A70,20.000999999978582,Aleksoto sen.,493055.17640744965,6080852.427823423,4.9998748970825346e-05
74773871228834735,Kauno m.,22.26,1979.0,1,ambiguous,citywide,16699,63603.0,2350c6b1-f257-4f81-82a9-43ffcfb1d201,22.261666856077916,Aleksoto sen.,490970.1364917866,6080834.391782348,7.487842196374217e-05
74261289277642764,Petrašiūnų sen.,127.0,1975.0,1,ambiguous,district,3232,24621.0,E6A27B05-E876-4763-99F8-CBAD8C2C6136,126.94890000968371,Petrašiūnų sen.,503730.7092469985,6086717.52314106,0.00040244309783599164
74882472339502293,Kauno m.,41.0,1990.0,1,ambiguous,citywide,26058,61044.0,9f1bcbe7-7777-4a80-b47c-63f8305ae147,40.99718746622927,Šilainių sen.,489915.4371500001,6087957.446799999,6.86007376287101e-05
74522888798814912,Kauno m.,40.0,1959.0,1,ambiguous,citywide,25535,512.0,2119E511-AA18-4FFF-AE06-1B9C823F8464,39.99623781162094,Vilijampolės sen.,494215.36519710184,6088381.179617149,9.405913289795009e-05
74456215294106037,Kauno m.,26.0,1987.0,1,ambiguous,citywide,18729,30248.0,0E85D2CF-C288-45B7-B007-683BF429F192,25.999763854411132,Vilijampolės sen.,492539.84290740883,6085427.240912551,9.0825638952019e-06
64720395149923227,Kauno m.,148.0,2025.0,2,ambiguous,citywide,37230,27657.0,CFCFC786-1DA5-4608-AD10-0029B8E7276F,147.99605000070744,Žaliakalnio sen.,494910.2898978699,6086232.687046607,2.6689540571389614e-05
75339677160115123,Aleksoto sen.,152.0,2024.0,3,ambiguous,district,7275,4550.0,3C6BDA80-9D9D-4D59-B69A-F464A7FB4CD8,152.0013499902958,Aleksoto sen.,493353.7379035756,6081478.967449436,8.881475663358174e-06
75700407109826437,Vilijampolės sen.,29.0,1936.0,1,ambiguous,district,2428,31516.0,A15954DD-F2AF-4711-A6D2-940B684DE70C,28.999084751712033,Vilijampolės sen.,487730.4039000001,6087019.7185499985,3.156078382859917e-05
65230322320102785,Šilainių sen.,257.0,2009.0,2,ambiguous,district,4219,20557.0,D65B3B2C-C3AD-4ADA-8FA6-108B2BA77B20,256.99879521357207,Šilainių sen.,489248.6614122774,6088705.208257137,4.687895922117491e-06
64821584015851211,Kauno m.,269.0,2022.0,2,ambiguous,citywide,21009,19894.0,39AF9BB4-D5D3-4551-8FA4-7128EC5D4236,268.99770792392553,Eigulių sen.,496301.52578401635,6091130.2383127455,8.520765202746361e-06
75709432733369095,Kauno m.,125.4,1969.0,1,ambiguous,citywide,39529,61529.0,e62d0511-7631-4129-aa24-28f3981bfe18,125.39843356650795,Panemunės sen.,496288.8348356482,6077500.289707077,1.2491573171402592e-05
74563925136556075,Kauno m.,81.0,1965.0,1,ambiguous,citywide,39803,66033.0,3ad227e0-9889-4b75-b6ca-ad62dd339fd4,80.99984627571887,Šilainių sen.,490177.06605,6088154.659649999,1.8978324325402696e-06
74484802581295168,Kauno m.,22.0,1986.0,1,ambiguous,citywide,16561,54794.0,602187e6-288e-4b60-a8c1-e118443d91d0,21.998916665486203,Vilijampolės sen.,491043.35404556396,6086148.481079037,4.9243690350753155e-05
74555121785545256,Kauno m.,25.0,1966.0,1,ambiguous,citywide,18210,29207.0,0A56472F-66B2-41A7-B47B-01701314B5D5,25.00039999837093,Gričiupio sen.,497989.3960000001,6085158.809300002,1.5999806839861463e-05
74516697976099611,Kauno m.,8.0,1930.0,1,ambiguous,citywide,3969,3192.0,1E9685FE-87AF-4400-866F-38F9F4075B25,12.001999996529893,Šilainių sen.,492618.23000000004,6090486.250000001,0.40563176059835815
75540803360406014,Dainavos sen.,1450.0,1968.0,5,ambiguous,district,288,3120.0,2AD9CCD3-405F-49BF-995F-4ED81E8C8F97,1449.9460999121502,Dainavos sen.,498750.7784020002,6087111.1383782225,3.7173165292614385e-05
75698420271584119,Centro sen.,35.0,1930.0,1,ambiguous,district,646,34643.0,CFF21694-56D9-4905-8657-9696CE85CA29,34.96956378197866,Centro sen.,494934.314982654,6085006.260088257,0.0008699845560240504
7442094476264477,Kauno m.,95.0,1984.0,1,ambiguous,citywide,40922,50361.0,F4518575-459D-4224-AC2E-1964E8C94BBB,95.00208082472325,Aleksoto sen.,494537.3691793992,6082987.302129179,2.1903178263116274e-05
74556839918198586,Kauno m.,32.0,1991.0,1,ambiguous,citywide,21525,28850.0,F9939F46-5896-456D-8FF8-83FA4EBC29E8,31.996313406877867,Žaliakalnio sen.,496262.0398589024,6087029.177061065,0.00011521267179182004
65188933586047118,Aleksoto sen.,154.0,2013.0,2,ambiguous,district,7228,43623.0,A21A885E-0714-4ACB-BA96-1D509DAA1196,154.00366636475323,Aleksoto sen.,491638.77532164543,6080789.456767091,2.3807279936782777e-05
74462201990991503,Kauno m.,94.0,1991.0,1,ambiguous,citywide,40907,36629.0,F21D773D-92B2-4F1D-986E-0D7D26661D87,93.99588703884244,Aleksoto sen.,493231.80659041327,6081000.028604903,4.375586320559677e-05
74430342881413758,Panemunės sen.,17.0,1974.0,1,ambiguous,district,1591,14265.0,4117EA63-C140-4396-8FE7-C201D49176A3,16.990099998673053,Panemunės sen.,500169.75999999983,6080287.305,0.0005825226526128269
75549011610423586,Žaliakalnio sen.,232.52,1967.0,1,ambiguous,district,2752,60386.0,f8785f99-22f8-4874-ad30-6feff3afa872,232.54162909606956,Žaliakalnio sen.,495251.7700000665,6085198.0418500705,9.301604231293226e-05
74992001372344103,Kauno m.,24.0,1971.0,1,ambiguous,citywide,17670,12815.0,E8EABD14-F888-422C-ABA7-C5C8CCEC5C25,24.000599999125676,Šančių sen.,496818.5500000001,6081148.900000001,2.4999651075940932e-05
74409419649907188,Kauno m.,26.0,1988.0,1,ambiguous,citywide,18729,30248.0,0E85D2CF-C288-45B7-B007-683BF429F192,25.999763854411132,Vilijampolės sen.,492539.84290740883,6085427.240912551,9.0825638952019e-06
74418521595185499,Kauno m.,9.0,1966.0,1,ambiguous,citywide,5299,3192.0,1E9685FE-87AF-4400-866F-38F9F4075B25,12.001999996529893,Šilainių sen.,492618.23000000004,6090486.250000001,0.28784872494197433
75336992000450367,Petrašiūnų sen.,613.0,1994.0,1,ambiguous,district,795,41647.0,65EC768D-7B85-407B-8EC0-8A4F7F9D218A,611.4987600279179,Petrašiūnų sen.,498872.5247999995,6084575.430149999,0.002452008565875907
9297088864295476,Kauno m.,77.0,1880.0,0,ambiguous,citywide,39216,43389.0,A043D469-3DC4-4998-A39C-565B9F5F5718,76.99950000120512,Panemunės sen.,498581.38880500733,6080818.713293108,6.4935119254982965e-06
74454125598910792,Kauno m.,22.0,1989.0,1,ambiguous,citywide,16561,54794.0,602187e6-288e-4b60-a8c1-e118443d91d0,21.998916665486203,Vilijampolės sen.,491043.35404556396,6086148.481079037,4.9243690350753155e-05
75706710954088027,Centro sen.,547.0,1898.0,2,ambiguous,district,691,63213.0,e752aee2-795a-4d0a-8a81-1a031d58cdb4,546.7916029727083,Centro sen.,494889.5022984615,6084586.346829547,0.00038105436034996387
75180370268753391,Aleksoto sen.,85.0,1980.0,1,ambiguous,district,7992,6322.0,F93CDF99-8350-4EBD-9781-1CB522CE6BE4,84.98394645067646,Aleksoto sen.,491540.2256883347,6081472.313886299,0.00018888312345399783
74161346862413977,Kauno m.,72.0,1968.0,1,ambiguous,citywide,38109,42510.0,6F921728-74D7-424F-9B75-C7794E25B8F1,72.00204828508265,Aleksoto sen.,493009.88485,6080685.073799999,2.844799927714803e-05
74573213526755097,Kauno m.,5.0,1966.0,1,ambiguous,citywide,345,3192.0,1E9685FE-87AF-4400-866F-38F9F4075B25,12.001999996529893,Šilainių sen.,492618.23000000004,6090486.250000001,0.8756353898440936
74272478492266925,Šančių sen.,25.0,1957.0,1,ambiguous,district,1735,44970.0,C3DE68A9-1710-407D-ABB9-0CA0F19294B6,24.990316359373608,Šančių sen.,495884.7124999999,6081259.6864,0.0003874206627498822
64926162134975193,Panemunės sen.,171.0,2020.0,2,ambiguous,district,4698,29266.0,B4EAB106-B936-458E-94C1-3BE2D8C9012B,171.00018163142425,Panemunės sen.,501304.83654707094,6079470.41087976,1.0621715071934545e-06
75496624235298751,Gričiupio sen.,20.0,1972.0,1,ambiguous,district,439,57606.0,236b314a-d50c-4cae-9574-a84fb30d3a50,20.04572480833325,Gričiupio sen.,498050.8010500002,6085588.67575,0.002283630945536519
75670655881976842,Žaliakalnio sen.,186.0,1931.0,1,ambiguous,district,3643,9634.0,BF9F486A-D15B-4DE5-8C0C-01DAFC661799,185.98250000949483,Žaliakalnio sen.,496318.6017945946,6085618.71172465,9.409039682051201e-05
74283493149340921,Kauno m.,31.0,1981.0,1,ambiguous,citywide,21068,37956.0,D74F9B33-AA42-4A40-9357-73300279589E,31.000705796529928,Vilijampolės sen.,491720.46673969046,6086516.7864471385,2.2767370819298804e-05
7502134363270492,Kauno m.,11.0,1975.0,1,ambiguous,citywide,7571,3192.0,1E9685FE-87AF-4400-866F-38F9F4075B25,12.001999996529893,Šilainių sen.,492618.23000000004,6090486.250000001,0.08717802947982323
64784899359116493,Kauno m.,118.0,2023.0,2,ambiguous,citywide,40130,60061.0,8b975f5f-302d-4a49-a1fc-3f040568841d,117.99928193124543,Vilijampolės sen.,491753.3769625628,6085883.836697491,6.085346944573189e-06
65133369272351249,Aleksoto sen.,220.0,2014.0,1,ambiguous,district,5061,52706.0,254f4e9c-0bd8-483b-8407-af3661db1823,220.0110958269773,Aleksoto sen.,494898.1419855219,6081372.356870288,5.043430533824278e-05
74302748830708268,Kauno m.,19.0,1974.0,1,ambiguous,citywide,14402,25601.0,06EC2A22-2355-40BE-BB99-EE0F7A2F6ECF,19.0,Petrašiūnų sen.,501135.92420000024,6084766.5735,0.0
75339758771582901,Petrašiūnų sen.,122.0,1993.0,0,ambiguous,district,3283,30210.0,F3D86798-0620-4A12-9987-8FBE16457D4C,121.99780213751148,Petrašiūnų sen.,501183.39136645256,6085235.0957994955,1.8015428576489967e-05
75012244897264616,Kauno m.,23.0,1959.0,1,ambiguous,citywide,17115,23510.0,B614982E-50C9-49D2-BD1F-20276B84190F,23.003700001622736,Vilijampolės sen.,493912.0850999998,6087234.5699,0.0001608566976387671
75615262343813175,Šančių sen.,66.0,1958.0,2,ambiguous,district,3419,2223.0,E98F0668-1B31-4329-AB00-51690B9F21F7,65.98269999545552,Šančių sen.,495961.32266716904,6081478.374398052,0.000262155640763595
75192734514506129,Aleksoto sen.,178.0,1975.0,1,ambiguous,district,6369,38459.0,6E3FB2EE-1399-4678-A841-AF9DE50747F5,178.0237456872025,Aleksoto sen.,492113.91079999995,6081780.533399999,0.0001333938397394263
74260028912253154,Kauno m.,19.0,1975.0,1,ambiguous,citywide,14402,25601.0,06EC2A22-2355-40BE-BB99-EE0F7A2F6ECF,19.0,Petrašiūnų sen.,501135.92420000024,6084766.5735,0.0
74581989844509131,Kauno m.,16.0,1988.0,1,ambiguous,citywide,12108,36148.0,42D62C8E-7585-4040-B6DD-350FA71FAB0F,16.0,Šančių sen.,496992.37090000045,6082192.865499999,0.0
75000861061126356,Kauno m.,22.0,1980.0,1,ambiguous,citywide,16561,54794.0,602187e6-288e-4b60-a8c1-e118443d91d0,21.998916665486203,Vilijampolės sen.,491043.35404556396,6086148.481079037,4.9243690350753155e-05
75410775519584305,Šilainių sen.,376.0,1982.0,1,ambiguous,district,2268,24189.0,D0F91F28-E4C1-400E-BFA2-29D128152CD2,375.8967491801073,Šilainių sen.,490468.34487514343,6088630.497793839,0.0002746409547702555
74305988192701192,Kauno m.,29.0,1926.0,1,ambiguous,citywide,20122,61155.0,bae057a1-5e7d-4f8f-b6b2-7c2cf51afab8,28.999892065010798,Šilainių sen.,494649.80932389677,6090974.922940333,3.721903105713409e-06
75695720590801652,Šančių sen.,1605.0,1917.0,2,ambiguous,district,153,61495.0,29efeb12-f8dc-4209-b428-dd52d5c1f834,1598.3618635692724,Šančių sen.,497116.40652284556,6084253.876980751,0.004144487082793802
74999340192340114,Kauno m.,46.0,1956.0,1,ambiguous,citywide,28608,21498.0,670D33CE-01EF-4EA9-B08C-9EF33B7C05F2,46.00600000535231,Šilainių sen.,486785.7866999997,6088022.945,0.00013042639307148107
83717052788881641,Centro sen.,281.0,2006.0,5,ambiguous,district,1376,62992.0,644d1d98-8abb-4f6b-af97-10e5477d4453,280.99153441926325,Centro sen.,494335.0872207101,6084574.85090896,3.0127075654640123e-05
74459187902479601,Šilainių sen.,162.0,1991.0,1,ambiguous,district,6557,66088.0,a37835d4-7da1-494d-8c20-23d21fd5d93b,161.9998048594447,Šilainių sen.,490894.2047120007,6089073.448531851,1.204572053659092e-06
75386250656084661,Dainavos sen.,2381.0,1986.0,2,ambiguous,district,123,15641.0,343DE042-97EC-46DB-B8DA-6F07D95EB5E3,2381.0428623987777,Dainavos sen.,498994.776292253,6086552.59829122,1.800168541876701e-05
64747026135607746,Kauno m.,137.0,2024.0,2,ambiguous,citywide,38496,10574.0,F61F2E7C-B5AA-4BB6-9FA1-81E759A3F3C3,137.00139999154155,Šilainių sen.,493639.0313000001,6090173.3169,1.021886414864781e-05
74272393361015876,Kauno m.,26.0,1972.0,1,ambiguous,citywide,18729,30248.0,0E85D2CF-C288-45B7-B007-683BF429F192,25.999763854411132,Vilijampolės sen.,492539.84290740883,6085427.240912551,9.0825638952019e-06
75005979671026818,Kauno m.,34.0,1979.0,1,ambiguous,citywide,22473,31579.0,D64FC78D-52FC-4245-8DC4-EF5E74E3A922,34.00179999922104,Vilijampolės sen.,494278.27175430197,6087973.267618117,5.293975222642189e-05
75645234745738255,Aleksoto sen.,77.0,1971.0,1,ambiguous,district,7698,43139.0,AEC97F88-AE6D-4B74-A31F-14CC0B27E244,76.99949999756366,Aleksoto sen.,491541.5114,6080451.496399999,6.493559217446432e-06
75181580139220258,Šilainių sen.,157.0,1979.0,1,ambiguous,district,6661,26917.0,48BFE27E-5F67-4E4B-8321-7003DCEF9CE0,156.99544557724602,Šilainių sen.,488105.3433068195,6088790.031156732,2.9009482897635053e-05
75616973636772541,Vilijampolės sen.,90.0,1958.0,1,ambiguous,district,4538,3284.0,470C9599-12F0-4754-95DC-E52DCB0FEB11,90.00124999977648,Vilijampolės sen.,492912.0048790359,6085916.990122299,1.3888789955451841e-05
64834345770975257,Kauno m.,150.0,1964.0,1,ambiguous,citywide,37008,53097.0,56e065d7-2fb5-4cef-aed2-49674b211d32,149.99969999809247,Šilainių sen.,491731.84070000006,6087726.308000001,2.000014716507792e-06
74279443993308769,Kauno m.,23.0,1971.0,1,ambiguous,citywide,17115,23510.0,B614982E-50C9-49D2-BD1F-20276B84190F,23.003700001622736,Vilijampolės sen.,493912.0850999998,6087234.5699,0.0001608566976387671
74459306295673947,Kauno m.,15.0,1983.0,1,ambiguous,citywide,11269,32282.0,8B41C570-8FB4-453E-B4C6-A45E9968D4D0,15.000750000683592,Aleksoto sen.,491920.7975308333,6084434.660006409,4.999879561218279e-05
74280658730107169,Kauno m.,42.0,1982.0,1,ambiguous,citywide,26550,6596.0,DBE3FC5B-9F53-4252-8AFB-10AB81624EF3,42.000799998725576,Aleksoto sen.,490622.12500000006,6080355.694999998,1.9047407301187036e-05
74638504439192177,Kauno m.,32.0,1974.0,1,ambiguous,citywide,21525,28850.0,F9939F46-5896-456D-8FF8-83FA4EBC29E8,31.996313406877867,Žaliakalnio sen.,496262.0398589024,6087029.177061065,0.00011521267179182004
7562692762788166,Žaliakalnio sen.,76.0,1955.0,2,ambiguous,district,4493,21818.0,21EDEB79-8E55-4AFF-8CCE-4FA6A38DB755,76.02124999739229,Žaliakalnio sen.,495833.88928598,6086327.118813753,0.0002795661465890831
74984854244002752,Kauno m.,32.0,1961.0,0,ambiguous,citywide,21525,28850.0,F9939F46-5896-456D-8FF8-83FA4EBC29E8,31.996313406877867,Žaliakalnio sen.,496262.0398589024,6087029.177061065,0.00011521267179182004
74781718777131814,Kauno m.,30.0,1978.0,1,ambiguous,citywide,20562,52501.0,4120f24f-00d4-43b3-953d-e33775681ef2,30.00104933864251,Aleksoto sen.,494062.8141000001,6080861.18965,3.4977343035702546e-05
75509213224702582,Dainavos sen.,688.0,1971.0,5,ambiguous,district,572,2632.0,680425A2-9152-4EA9-8265-293CA1DC6F73,687.852400029425,Dainavos sen.,497173.89499999996,6086793.4799999995,0.00021455785684310058
74979841590640472,Kauno m.,24.0,1945.0,1,ambiguous,citywide,17670,12815.0,E8EABD14-F888-422C-ABA7-C5C8CCEC5C25,24.000599999125676,Šančių sen.,496818.5500000001,6081148.900000001,2.4999651075940932e-05
74472724872630833,Kauno m.,34.0,1991.0,1,ambiguous,citywide,22473,31579.0,D64FC78D-52FC-4245-8DC4-EF5E74E3A922,34.00179999922104,Vilijampolės sen.,494278.27175430197,6087973.267618117,5.293975222642189e-05
74622381017167255,Kauno m.,25.15,1958.0,1,ambiguous,citywide,18284,4451.0,4F4743B2-DC65-49E3-B312-2E543016F871,25.15070000578947,Vilijampolės sen.,489209.96148087335,6087073.580233207,2.7832844848862948e-05
64936867615966815,Aleksoto sen.,97.0,1988.0,2,ambiguous,district,8178,12362.0,96766D28-5241-461C-949D-7E784FAFF966,96.99475000128243,Aleksoto sen.,493603.04004081903,6081386.83351893,5.412516285918656e-05
7509414943260824,Šilainių sen.,169.0,1992.0,1,ambiguous,district,6369,47143.0,38df724d-b0c3-44ef-a89f-c8e4feb6442b,168.94332160025118,Šilainių sen.,487273.51828287466,6088800.967316534,0.0003354313972643297
7497841865934525,Kauno m.,23.0,1940.0,1,ambiguous,citywide,17115,23510.0,B614982E-50C9-49D2-BD1F-20276B84190F,23.003700001622736,Vilijampolės sen.,493912.0850999998,6087234.5699,0.0001608566976387671
64898656213272121,Šilainių sen.,48.0,2020.0,3,ambiguous,district,5012,63855.0,786e0460-6f59-487e-9cee-f8a47fef5b27,47.99505379380777,Šilainių sen.,491340.5014128921,6089589.7253401885,0.00010305127193843688
65073496567993633,Petrašiūnų sen.,483.0,1955.0,2,ambiguous,district,921,28482.0,83560E56-10BD-48B3-A1D5-6C5C2DC8DA37,482.6855999916285,Petrašiūnų sen.,500212.5206,6085091.466200001,0.0006511436423668471
74459385226222446,Kauno m.,31.0,1959.0,1,ambiguous,citywide,21068,37956.0,D74F9B33-AA42-4A40-9357-73300279589E,31.000705796529928,Vilijampolės sen.,491720.46673969046,6086516.7864471385,2.2767370819298804e-05
74552042098545865,Kauno m.,34.0,1957.0,1,ambiguous,citywide,22473,31579.0,D64FC78D-52FC-4245-8DC4-EF5E74E3A922,34.00179999922104,Vilijampolės sen.,494278.27175430197,6087973.267618117,5.293975222642189e-05
74656457664302331,Kauno m.,43.0,1993.0,1,ambiguous,citywide,27002,35176.0,D2DFDF38-46A4-464C-9014-D1132BA28EBA,43.00166006778807,Petrašiūnų sen.,501204.9332000003,6084448.050349999,3.860548242862194e-05
75008076034763033,Kauno m.,65.0,1940.0,1,ambiguous,citywide,36225,9893.0,9C700EDC-BE42-462F-8261-C2C35E2390A4,65.00085000092126,Vilijampolės sen.,491195.41710918397,6085977.424533079,1.3076851748117235e-05
74640499562863005,Kauno m.,9.0,1979.0,1,ambiguous,citywide,5299,3192.0,1E9685FE-87AF-4400-866F-38F9F4075B25,12.001999996529893,Šilainių sen.,492618.23000000004,6090486.250000001,0.28784872494197433
75449004670672268,Eigulių sen.,573.0,1977.0,5,ambiguous,district,626,2335.0,D1838007-93E7-4B0C-BCAE-E04A83596C39,573.2429500043105,Eigulių sen.,496645.2969954719,6088100.186594973,0.0004239066559970084
75380502112303377,Eigulių sen.,933.0,1987.0,5,ambiguous,district,472,16344.0,7759E939-201C-4743-9777-1102842F6D8C,935.1363000001421,Eigulių sen.,495340.85640218726,6088496.192665413,0.0022870932183636228
75582889104558959,Aleksoto sen.,119.0,1964.0,1,ambiguous,district,7959,51992.0,da2cb37a-6562-47e0-bab1-c278bcf210b5,119.00257321651576,Aleksoto sen.,490654.6004500002,6084843.636100003,2.1623434411033315e-05
756437104154037,Žaliakalnio sen.,119.0,1939.0,2,ambiguous,district,4597,14302.0,F7E96037-FD76-4177-B5E6-03DF92F9A8E5,119.04319999854845,Žaliakalnio sen.,495107.90199690295,6086465.3173973495,0.00036295932018148847
74238481020098251,Kauno m.,22.0,1974.0,1,ambiguous,citywide,16561,54794.0,602187e6-288e-4b60-a8c1-e118443d91d0,21.998916665486203,Vilijampolės sen.,491043.35404556396,6086148.481079037,4.9243690350753155e-05
79715861764273588,Žaliakalnio sen.,66.0,2006.0,1,ambiguous,district,4216,14819.0,3BE752D0-4FBA-4539-824F-58136A09A68A,65.99614999741073,Žaliakalnio sen.,494491.1337646087,6086103.526881374,5.8335074021975686e-05
74276898108013245,Kauno m.,48.0,1936.0,1,ambiguous,citywide,29654,64389.0,8c9eaf79-2fef-4491-82c6-3f2a9f21edc4,48.00135606203484,Petrašiūnų sen.,499725.27001927845,6085914.936695124,2.825089333180486e-05
75017222229150526,Žaliakalnio sen.,15.0,1932.0,2,ambiguous,district,1058,24637.0,126C1A63-0F7F-46D7-BA38-2241E5F97C8F,15.011349999744072,Žaliakalnio sen.,495258.02314039017,6087236.560019006,0.0007563805217221109
75660863994651925,Kauno m.,111.0,1935.0,1,ambiguous,citywide,40563,29612.0,1242AAD1-4D7A-495F-905F-67AF76DA076C,110.9986315838343,Gričiupio sen.,497234.1223822742,6086001.999575283,1.2328149556317669e-05
75662674869694357,Aleksoto sen.,108.0,1934.0,1,ambiguous,district,8092,36851.0,07161EE9-7197-42FA-8403-7E7F89DCB6B3,108.0115500009086,Aleksoto sen.,493392.0794549204,6083803.3921024455,0.00010693873470657422
75700656499367469,Šančių sen.,201.0,2018.0,1,ambiguous,district,2285,11620.0,03A274E4-5918-4338-99D2-781FAC307A77,201.00750000126195,Šančių sen.,497155.17628453736,6084333.448083294,3.731274298512943e-05
7533432281178816,Aleksoto sen.,100.0,1995.0,1,ambiguous,district,8164,38966.0,91639037-57DE-4FDF-9F0C-5F53D5FB8D2E,100.00537942091916,Aleksoto sen.,493187.57578044914,6083413.707559224,5.3792762334303745e-05
75003532174211074,Kauno m.,37.0,1978.0,1,ambiguous,citywide,24010,41033.0,72799223-CC61-4599-BDA9-9CE4A32480E5,36.99736197245942,Aleksoto sen.,493600.15641070926,6081430.292874727,7.130058346316304e-05
74472849564747409,Kauno m.,33.0,1990.0,1,ambiguous,citywide,21974,5827.0,2919B7C4-75EB-499B-9E0A-49AE80F70E12,33.00240000490323,Žaliakalnio sen.,494503.0350000001,6085593.42,7.272477679931555e-05
75334428302506015,Šilainių sen.,132.0,1995.0,2,ambiguous,district,7131,51781.0,6cb8967c-f8a3-47e2-863f-b858a5164878,131.97990748926404,Šilainių sen.,489397.16860896256,6088925.269946387,0.00015222757645361185
75695422166010592,Panemunės sen.,117.0,1918.0,1,ambiguous,district,5323,65428.0,1149297a-cf91-40bc-ad60-2af69d8a0138,117.00078491224286,Panemunės sen.,496348.36295000004,6077809.77545,6.708629145535383e-06
75712403554065263,Centro sen.,169.0,1870.0,1,ambiguous,district,1654,61504.0,c6520dbb-b25a-4b21-9470-23ed3ca52dc5,168.9684051154855,Centro sen.,494479.2755492583,6084995.041431855,0.00018696945707574741
7540059549263145,Žaliakalnio sen.,175.0,1984.0,1,ambiguous,district,3859,25927.0,D7EED26F-2CDF-4638-ACA3-16FC39BBCC06,174.91503638526635,Žaliakalnio sen.,494992.6913990083,6086035.296198276,0.0004856242662860666
74921700886225295,Kauno m.,21.32,1959.0,1,ambiguous,citywide,16107,55771.0,73e5a09e-8f4b-4eb4-8133-7dfa1bc3c5ef,21.320938350290014,Vilijampolės sen.,492749.2027838772,6085682.881277124,4.401170923884479e-05
7560011309177736,Petrašiūnų sen.,91.0,1961.0,1,ambiguous,district,3587,61299.0,ef740410-9441-4743-b693-b6dd567084df,90.99666151243242,Petrašiūnų sen.,500663.26649999985,6084483.1839000005,3.668734953876651e-05
75660750677772323,Šančių sen.,124.0,1935.0,1,ambiguous,district,3301,44050.0,378FA94F-AD98-49A3-9E66-E7BA0F37F622,124.03829999414347,Šančių sen.,496818.3782200505,6081686.042404543,0.00030882322970882115
74456733927276711,Kauno m.,10.0,1988.0,1,ambiguous,citywide,6494,3192.0,1E9685FE-87AF-4400-866F-38F9F4075B25,12.001999996529893,Šilainių sen.,492618.23000000004,6090486.250000001,0.182488209284148
75335243540662469,Aleksoto sen.,115.0,1995.0,2,ambiguous,district,8010,4498.0,2923C442-1844-4C0E-90EC-D532F20C9DD6,114.99210000494924,Aleksoto sen.,493292.09499999986,6083666.904999999,6.869796878827827e-05
75013544549665606,Kauno m.,21.0,1979.0,1,ambiguous,citywide,15889,28359.0,7954F990-38CB-4317-9E88-38DC85F535ED,21.000499999102203,Vilijampolės sen.,492868.10720000026,6086517.1454,2.3809197616131428e-05
74489955591452925,Žaliakalnio sen.,27.0,1978.0,1,ambiguous,district,1839,26806.0,0396E805-C131-4B49-884A-2F0347F57EA2,26.96798856639099,Žaliakalnio sen.,496530.87622461596,6087220.85715633,0.0011863120421420348
74212935057399718,Kauno m.,30.0,2001.0,1,ambiguous,citywide,20562,52501.0,4120f24f-00d4-43b3-953d-e33775681ef2,30.00104933864251,Aleksoto sen.,494062.8141000001,6080861.18965,3.4977343035702546e-05
65150550689236503,Panemunės sen.,51.0,2011.0,1,ambiguous,district,3404,11483.0,3AA85717-7FA7-422B-A163-292D3E7FCC1D,50.98887251174668,Panemunės sen.,496761.0346499998,6078421.8037,0.00021820985022058537
75692075949030005,Petrašiūnų sen.,459.0,1984.0,1,ambiguous,district,948,29295.0,937BBFD0-EBEF-4A69-B923-01521E96358E,458.98207329455266,Petrašiūnų sen.,499189.89776223653,6086284.784883105,3.905676585880258e-05
75515044282976312,Petrašiūnų sen.,84.89,1970.0,1,ambiguous,district,3635,63378.0,37e23c20-1427-4a24-828f-cbc253df8a4d,84.88829682673048,Petrašiūnų sen.,500299.2409999999,6082596.760449999,2.0063498119782253e-05
65074815190291443,Šilainių sen.,59.0,2014.0,2,ambiguous,district,5886,18800.0,67DCA9FC-8B6E-4D6C-8B80-2AF484C21FEC,59.008119974659174,Šilainių sen.,493121.6387499999,6090126.465600001,0.00013761721945471095
74329613702818653,Kauno m.,46.0,1990.0,1,ambiguous,citywide,28608,21498.0,670D33CE-01EF-4EA9-B08C-9EF33B7C05F2,46.00600000535231,Šilainių sen.,486785.7866999997,6088022.945,0.00013042639307148107
64906454691221971,Kauno m.,148.0,2019.0,1,ambiguous,citywide,37230,27657.0,CFCFC786-1DA5-4608-AD10-0029B8E7276F,147.99605000070744,Žaliakalnio sen.,494910.2898978699,6086232.687046607,2.6689540571389614e-05
65062941743593242,Aleksoto sen.,151.0,1989.0,2,ambiguous,district,7298,18298.0,6E215971-7ED3-4DCC-BB28-5B40704ECA9A,151.0278000058958,Aleksoto sen.,491987.6128000001,6079323.038900001,0.0001840890538806761
74479050974984154,Kauno m.,35.0,1978.0,1,ambiguous,citywide,23010,43237.0,03C2C4FA-968F-486F-AF14-6AFEC83AE024,35.00125000765081,Žaliakalnio sen.,494072.2256530612,6085760.255303067,3.57138665614265e-05
75659803046367602,Žaliakalnio sen.,43.0,1935.0,1,ambiguous,district,2829,16934.0,ADA9A77E-5C18-4586-9178-C3D71C0E4EF1,42.97015000317842,Žaliakalnio sen.,494883.32325095806,6085360.894487382,0.0006944270312434497
75650663840323359,Aleksoto sen.,151.0,1938.0,2,ambiguous,district,7298,18298.0,6E215971-7ED3-4DCC-BB28-5B40704ECA9A,151.0278000058958,Aleksoto sen.,491987.6128000001,6079323.038900001,0.0001840890538806761
75660802185097298,Eigulių sen.,63.0,1935.0,1,ambiguous,district,665,1049.0,F5A468A4-3BC5-47EE-8758-E6C64942A075,62.89270000045672,Eigulių sen.,497400.9899999997,6087562.555,0.0017046266467417581
74253696676184436,Kauno m.,15.0,1987.0,1,ambiguous,citywide,11269,32282.0,8B41C570-8FB4-453E-B4C6-A45E9968D4D0,15.000750000683592,Aleksoto sen.,491920.7975308333,6084434.660006409,4.999879561218279e-05
75680825689750222,Centro sen.,121.0,1928.0,2,ambiguous,district,1641,10057.0,92C431D0-5919-4A76-B5F7-2C948B43DFB1,121.01740000683107,Centro sen.,493685.02806506597,6084426.964832484,0.00014379137087239258
7550589591497342,Aleksoto sen.,189.0,1971.0,2,ambiguous,district,5999,34159.0,63A1F8F0-528B-4F9F-8639-46D07A5B0518,189.01077675822592,Aleksoto sen.,491507.58158010506,6079325.038606777,5.7018259220775747e-05
7562649817374642,Žaliakalnio sen.,117.79,1955.0,1,ambiguous,district,4611,33072.0,8939B902-E7BE-4C4D-8F25-2B9A553BD244,117.7870174783787,Žaliakalnio sen.,493940.6069478501,6085140.993806576,2.5320989741395294e-05
7562043643564377,Kauno m.,41.0,1957.0,1,ambiguous,citywide,26058,61044.0,9f1bcbe7-7777-4a80-b47c-63f8305ae147,40.99718746622927,Šilainių sen.,489915.4371500001,6087957.446799999,6.86007376287101e-05
75524138540873753,Aleksoto sen.,76.0,1970.0,1,ambiguous,district,7628,40405.0,7604A239-8155-4B82-B575-D62811E120F1,75.99710000579674,Aleksoto sen.,491041.0057364546,6084831.612160061,3.815854649236172e-05
74282019783082298,Kauno m.,17.0,1967.0,1,ambiguous,citywide,12896,7495.0,20E3F8ED-B037-4A40-9933-B4B5DFBA6909,17.000950002374314,Aleksoto sen.,495416.22617561574,6080355.553315051,5.588093123831683e-05
7441164653445316,Kauno m.,29.0,1969.0,0,ambiguous,citywide,20122,61155.0,bae057a1-5e7d-4f8f-b6b2-7c2cf51afab8,28.999892065010798,Šilainių sen.,494649.80932389677,6090974.922940333,3.721903105713409e-06
74428845370586444,Kauno m.,30.0,1988.0,1,ambiguous,citywide,20562,52501.0,4120f24f-00d4-43b3-953d-e33775681ef2,30.00104933864251,Aleksoto sen.,494062.8141000001,6080861.18965,3.4977343035702546e-05
64752637252442083,Kauno m.,127.0,2025.0,2,ambiguous,citywide,39425,48629.0,901e61ff-3cb2-45f0-8d2b-e33b44a05435,126.99975509755906,Panemunės sen.,498761.2587481682,6080574.017366002,1.9283675358749974e-06
74491549368031096,Kauno m.,14.0,1971.0,1,ambiguous,citywide,10423,38523.0,CFB723D0-EC6D-4CE0-93F1-DCBE2FE943A2,13.998468149964506,Gričiupio sen.,498218.1656500003,6085042.26175,0.00010942384624845758
74987664657274439,Kauno m.,26.0,1985.0,1,ambiguous,citywide,18729,30248.0,0E85D2CF-C288-45B7-B007-683BF429F192,25.999763854411132,Vilijampolės sen.,492539.84290740883,6085427.240912551,9.0825638952019e-06
74570675649917456,Kauno m.,72.22,1988.0,1,ambiguous,citywide,38154,40654.0,DA8037DC-4B06-463E-BD90-CFB5B483B3D6,72.21682487891346,Panemunės sen.,498847.0201719726,6079232.652259885,4.39655342701073e-05
74841302259646164,Kauno m.,22.0,1989.0,1,ambiguous,citywide,16561,54794.0,602187e6-288e-4b60-a8c1-e118443d91d0,21.998916665486203,Vilijampolės sen.,491043.35404556396,6086148.481079037,4.9243690350753155e-05
6492365099510583,Šilainių sen.,159.0,2018.0,1,ambiguous,district,6624,7986.0,BC4E729E-47D1-498E-89A4-C79E9950C8E0,159.02414999678302,Šilainių sen.,487477.0473294569,6088114.007210343,0.00015187523859250263
64801520000065768,Kauno m.,77.0,2023.0,2,ambiguous,citywide,39216,43389.0,A043D469-3DC4-4998-A39C-565B9F5F5718,76.99950000120512,Panemunės sen.,498581.38880500733,6080818.713293108,6.4935119254982965e-06
75353307372772141,Vilijampolės sen.,120.0,1990.0,2,ambiguous,district,4305,22170.0,BC826950-D1AA-49E5-9234-24DF65A5E905,120.00700000304914,Vilijampolės sen.,487977.5929518916,6087148.986050239,5.833165741897517e-05
74264770355578311,Kauno m.,35.0,1966.0,1,ambiguous,citywide,23010,43237.0,03C2C4FA-968F-486F-AF14-6AFEC83AE024,35.00125000765081,Žaliakalnio sen.,494072.2256530612,6085760.255303067,3.57138665614265e-05
64901856608190492,Šilainių sen.,152.0,2025.0,2,ambiguous,district,6764,60538.0,8cc70905-f777-4d56-8603-da49abc40530,152.01596744693106,Šilainių sen.,489487.268343476,6088541.676850977,0.00010504347570794437
74431733039043102,Kauno m.,25.0,1967.0,1,ambiguous,citywide,18210,29207.0,0A56472F-66B2-41A7-B47B-01701314B5D5,25.00039999837093,Gričiupio sen.,497989.3960000001,6085158.809300002,1.5999806839861463e-05
7457255362070378,Kauno m.,12.43,1976.0,0,ambiguous,citywide,9027,2324.0,44D09872-FA2D-4E1F-9533-CCC84D82285B,12.431349999054895,Vilijampolės sen.,492347.6355748838,6085619.046945785,0.00010860223248343459
74840883132023001,Kauno m.,24.0,1958.0,1,ambiguous,citywide,17670,12815.0,E8EABD14-F888-422C-ABA7-C5C8CCEC5C25,24.000599999125676,Šančių sen.,496818.5500000001,6081148.900000001,2.4999651075940932e-05
75505505069605086,Dainavos sen.,716.0,1971.0,2,ambiguous,district,566,8765.0,7BD32FD2-CCA8-40FD-B8CD-A23917C77E39,716.822444556634,Dainavos sen.,496276.3499499993,6086359.465799999,0.0011480063703421806
75698763037108249,Vilijampolės sen.,347.0,1910.0,1,ambiguous,district,1148,10126.0,843399DA-B380-4056-BA51-5B037DCDC3CB,347.4932999842435,Vilijampolės sen.,493928.1999999997,6087833.754999999,0.001420604251231694
74487893670849958,Žaliakalnio sen.,19.0,1932.0,1,ambiguous,district,1370,6561.0,9D4447F0-1B58-436C-874D-DB99412CC940,18.99689999760073,Žaliakalnio sen.,495447.47022408934,6085600.278266559,0.00016317133273213713
74899444228159973,Kauno m.,33.22,1996.0,1,ambiguous,citywide,22079,23558.0,EE0F30E0-23A3-4292-825C-B755DB5E1F0B,33.21836549698294,Žaliakalnio sen.,495497.4271975792,6086774.470006128,4.920358907600786e-05
74939001954095072,Kauno m.,105.0,1970.0,2,ambiguous,citywide,40887,17059.0,2C2237DC-606B-4FDD-BE0C-BDABCC39A7A7,104.99939999992436,Panemunės sen.,498090.35622579046,6081529.233020257,5.714302760750911e-06
74275775277577658,Kauno m.,15.0,1975.0,1,ambiguous,citywide,11269,32282.0,8B41C570-8FB4-453E-B4C6-A45E9968D4D0,15.000750000683592,Aleksoto sen.,491920.7975308333,6084434.660006409,4.999879561218279e-05
65098040971698967,Šilainių sen.,103.0,2014.0,2,ambiguous,district,7428,20894.0,00D0D8EE-E7BE-4AF2-89F0-145931DB2C91,103.00047223231456,Šilainių sen.,492500.43622138136,6090145.098664163,4.5847692424771935e-06
74852838248877049,Petrašiūnų sen.,15.0,1963.0,1,ambiguous,district,2093,29576.0,C3508C2B-E0EE-4453-B6FC-3E4F16535072,14.996402098255855,Petrašiūnų sen.,500936.5730000003,6085321.47435,0.00023988888731496516
74422110857648952,Kauno m.,18.0,1976.0,1,ambiguous,citywide,13645,12810.0,E5470CB3-C0D5-46A3-9ABF-28319CADAD23,18.000599997430665,Panemunės sen.,499372.8338694433,6080718.06656832,3.333263505433948e-05
74866273241566278,Kauno m.,13.0,1910.0,1,ambiguous,citywide,9555,35456.0,3BA4D5F7-5D94-4C59-A9F0-989F391DA4E6,13.001844835072216,Šančių sen.,496448.3977335273,6083813.975750751,0.0001419003218434689
64814693872308565,Kauno m.,129.0,2023.0,1,ambiguous,citywide,39219,61372.0,3c548eb7-c552-4247-8623-fc0194df1018,129.006177890811,Centro sen.,493642.0971673882,6084758.24784595,4.7889479722229567e-05
65197322988200815,Panemunės sen.,208.0,2014.0,1,ambiguous,district,4102,40983.0,092DFDDB-B297-4CED-A232-E42CB7E4498B,208.00280001292265,Panemunės sen.,498222.16256996157,6078577.106529693,1.3461509983159203e-05
75671928455719212,Šilainių sen.,120.0,1931.0,1,ambiguous,district,7284,47292.0,6befb463-9a29-4b7e-897a-34b4be80654c,120.00592722055447,Šilainių sen.,488982.6077413032,6089492.27752463,4.93922848017192e-05
75647632615302426,Panemunės sen.,153.0,1938.0,1,ambiguous,district,4970,65684.0,e63aabce-44c1-4e73-b712-9bcef8304642,152.99983070189063,Panemunės sen.,500380.4153334387,6080451.979982716,1.1065242029317801e-06
75238452688798377,Šilainių sen.,98.0,1940.0,1,ambiguous,district,7397,6345.0,6D8BFFE0-C9D7-42E7-8669-EF697D9E8E85,98.00510000050309,Šilainių sen.,492080.16832271323,6088223.2262408575,5.203946738330245e-05
7444183798296751,Kauno m.,45.0,1960.0,1,ambiguous,citywide,28078,65544.0,0c6bfe43-eb3f-4abb-9bff-55ab2bd80d1a,45.00034363380952,Panemunės sen.,500968.06799999974,6079315.238349998,7.636277722156137e-06
74497944124548021,Kauno m.,32.0,1986.0,2,ambiguous,citywide,21525,28850.0,F9939F46-5896-456D-8FF8-83FA4EBC29E8,31.996313406877867,Žaliakalnio sen.,496262.0398589024,6087029.177061065,0.00011521267179182004
652541711823309,Petrašiūnų sen.,178.0,2008.0,3,ambiguous,district,2558,61410.0,050b3ab1-2ee2-4a84-ad3f-47bca68c960f,177.83131796417044,Petrašiūnų sen.,500503.38369999983,6087001.622100001,0.0009481011926117944
75692451952355883,Žaliakalnio sen.,157.0,1920.0,1,ambiguous,district,4192,58707.0,81878cee-95fc-4c91-9d08-6f5ebef4597b,156.99535736754933,Žaliakalnio sen.,495193.99410727,6085178.14986353,2.9571344557055568e-05
75476816058774501,Žaliakalnio sen.,176.0,1974.0,2,ambiguous,district,3850,23008.0,EBA3B24F-1464-46A7-8573-CE3F3919BDEE,175.97799122067335,Žaliakalnio sen.,495558.6155972823,6086438.53383036,0.00012505770192561272
75713270948815165,Šančių sen.,212.0,1956.0,1,ambiguous,district,2132,4258.0,59E5FCC9-65F2-485A-A716-9AF42C20FB34,212.09773114547687,Šančių sen.,495700.7796998336,6081897.851833434,0.00046088974323410525
64844919104036558,Kauno m.,88.0,2020.0,2,ambiguous,citywide,40553,7029.0,610A1701-E456-4DF8-9019-FA34E23E237C,88.00154999243355,Eigulių sen.,495153.2062933665,6088582.558235872,1.761339526407113e-05
6534972968083233,Šilainių sen.,233.0,2016.0,2,ambiguous,district,4769,21320.0,590EC4C4-9B15-4A28-B980-E5C8DBA69AB5,233.00665000276211,Šilainių sen.,488204.80996913934,6088045.289449415,2.85403771069781e-05
75156263603214091,Šilainių sen.,153.0,2012.0,2,ambiguous,district,6737,66109.0,b7dff3c0-cfaf-4c6c-a8ba-c00fbd5f7f5a,152.99937968929572,Šilainių sen.,490120.3755794885,6089251.590409376,4.054326547375808e-06
74263863954307743,Kauno m.,15.0,1973.0,1,ambiguous,citywide,11269,32282.0,8B41C570-8FB4-453E-B4C6-A45E9968D4D0,15.000750000683592,Aleksoto sen.,491920.7975308333,6084434.660006409,4.999879561218279e-05
75590463216480414,Vilijampolės sen.,707.0,1963.0,5,ambiguous,district,461,55140.0,1155ab17-133a-49ae-9a71-d32afadbf56f,707.2273059465699,Vilijampolės sen.,493534.8943772079,6086734.739023791,0.00032145603124966726
75625327604643425,Vilijampolės sen.,78.0,1955.0,1,ambiguous,district,4549,24351.0,2B3C02D4-1B62-4F0B-BA62-68F16D5B243F,77.988850005956,Vilijampolės sen.,493995.2308074198,6087105.115060784,0.0001429588597208209
64885193470792274,Panemunės sen.,194.0,2022.0,2,ambiguous,district,4320,40922.0,2F28F0F5-3E3C-4A4B-8099-6C5CCADDF726,193.9976999917535,Panemunės sen.,497897.25956768915,6081906.749362234,1.1855782890535238e-05
75481191737139894,Dainavos sen.,568.0,1974.0,9,ambiguous,district,597,12253.0,12DADAAC-815A-4B4C-8D45-09DC044FDE39,567.3435487914358,Dainavos sen.,497213.2867799808,6087040.654016527,0.0011563923226871609
65128583742246449,Šilainių sen.,117.0,2016.0,2,ambiguous,district,7338,54538.0,c0c8da1d-985c-4aaf-bb66-8548289f2b25,117.00079612570875,Šilainių sen.,493059.2883836528,6087442.223306325,6.804470086940739e-06
74460671991854827,Kauno m.,19.0,1925.0,1,ambiguous,citywide,14402,25601.0,06EC2A22-2355-40BE-BB99-EE0F7A2F6ECF,19.0,Petrašiūnų sen.,501135.92420000024,6084766.5735,0.0
65078317273298977,Eigulių sen.,108.0,2017.0,2,ambiguous,district,781,36351.0,11E379C9-62DE-465D-B6A4-B57EF82C64FD,107.94953835646207,Eigulių sen.,496563.14395,6090706.218350001,0.0004673466295921358
74883377018340358,Kauno m.,26.0,1980.0,1,ambiguous,citywide,18729,30248.0,0E85D2CF-C288-45B7-B007-683BF429F192,25.999763854411132,Vilijampolės sen.,492539.84290740883,6085427.240912551,9.0825638952019e-06
65072660104764937,Kauno m.,35.0,2014.0,1,ambiguous,citywide,23010,43237.0,03C2C4FA-968F-486F-AF14-6AFEC83AE024,35.00125000765081,Žaliakalnio sen.,494072.2256530612,6085760.255303067,3.57138665614265e-05
6498927554642496,Šilainių sen.,76.0,2017.0,2,ambiguous,district,6803,54512.0,ddc11176-8c6e-4727-85c0-cc5960c4187c,76.01152878963047,Šilainių sen.,492599.60426751577,6088036.922796939,0.00015168309593871498
74434548019073787,Kauno m.,34.0,1992.0,1,ambiguous,citywide,22473,31579.0,D64FC78D-52FC-4245-8DC4-EF5E74E3A922,34.00179999922104,Vilijampolės sen.,494278.27175430197,6087973.267618117,5.293975222642189e-05
75528960199652551,Kauno m.,111.0,1987.0,1,ambiguous,citywide,40563,29612.0,1242AAD1-4D7A-495F-905F-67AF76DA076C,110.9986315838343,Gričiupio sen.,497234.1223822742,6086001.999575283,1.2328149556317669e-05
64743263346654006,Kauno m.,179.0,2025.0,1,ambiguous,citywide,32890,47318.0,4c65324b-abf6-40f9-abf0-dc571086b253,179.00460439004686,Šilainių sen.,488548.55853189697,6089948.717577813,2.572251859689345e-05
75595083780529398,Gričiupio sen.,74.0,1981.0,1,ambiguous,district,971,39096.0,7F47AC03-F8EC-4A84-B03D-9D9461A0988B,74.06919999293909,Gričiupio sen.,497433.7205000001,6085352.670600001,0.0009346980733395682
64791344205300236,Kauno m.,112.0,2022.0,1,ambiguous,citywide,40523,58194.0,8671a098-91d0-46fe-ab06-98c63afc3688,111.99769891734616,Šilainių sen.,492700.8328168152,6090335.235905631,2.0545591897125348e-05
8612775914263994,Šilainių sen.,175.0,2005.0,1,ambiguous,district,6222,52266.0,6da21e80-1ce3-4ad3-b17c-e4044e5e4404,174.96783064579807,Šilainių sen.,494344.39035,6090129.3733,0.0001838417790187563
75354063398882329,Petrašiūnų sen.,555.0,1990.0,5,ambiguous,district,834,32849.0,40334C82-C05A-435A-85E4-DBD9D6B46327,554.9948931750009,Petrašiūnų sen.,498939.17347745784,6084184.364926723,9.201528818891802e-06
83001661212411454,Aleksoto sen.,175.0,2008.0,2,ambiguous,district,6472,39813.0,84072ED4-A1B5-4320-A64A-691C988DE8DF,174.98762851645657,Aleksoto sen.,493812.2366659668,6079987.849342393,7.069669062964579e-05
64689362962409555,Kauno m.,36.0,2025.0,1,ambiguous,citywide,23510,66201.0,2e2adc05-3da4-462e-a037-ff96eb198e87,36.00059857991784,Eigulių sen.,496593.7489499999,6091057.821900001,1.6627081709241764e-05
64815948030382445,Kauno m.,111.0,2024.0,1,ambiguous,citywide,40563,29612.0,1242AAD1-4D7A-495F-905F-67AF76DA076C,110.9986315838343,Gričiupio sen.,497234.1223822742,6086001.999575283,1.2328149556317669e-05
64909220129856879,Kauno m.,172.0,2019.0,2,ambiguous,citywide,33894,22398.0,B9B62D27-6E18-41F6-A51C-278CC5E9F480,171.99973418978067,Petrašiūnų sen.,503482.1634102236,6086505.655737113,1.5454094457467704e-06
65059118922364753,Šilainių sen.,111.0,2023.0,2,ambiguous,district,7391,9198.0,C3288FD8-ADA4-4ED1-A219-49D33EAF0A3A,111.01619999593701,Šilainių sen.,492889.89484731114,6089848.869974487,0.00014593526027439907
74872013435506632,Kauno m.,15.0,1930.0,1,ambiguous,citywide,11269,32282.0,8B41C570-8FB4-453E-B4C6-A45E9968D4D0,15.000750000683592,Aleksoto sen.,491920.7975308333,6084434.660006409,4.999879561218279e-05
84163107762366879,Žaliakalnio sen.,302.0,2004.0,1,ambiguous,district,1691,57521.0,d421c451-794d-47ef-8ac5-a9ed224ad56a,302.21905223196654,Žaliakalnio sen.,495313.20349319215,6085818.6158626275,0.0007250755855983115
75341794731975567,Petrašiūnų sen.,422.0,1992.0,1,ambiguous,district,1008,2565.0,769BCBF5-7B17-42CD-88E3-8F8D261C10EB,421.6278910292727,Petrašiūnų sen.,500016.8993670398,6082265.681232932,0.0008821638042455504
75427392471246579,Šilainių sen.,139.0,1980.0,2,ambiguous,district,7003,20287.0,5E6C2131-42BC-4C5F-B96D-231E087C2822,138.98596965177845,Šilainių sen.,488803.96935211174,6088604.051538864,0.00010094285154771399
74921226051489404,Kauno m.,24.0,1991.0,1,ambiguous,citywide,17670,12815.0,E8EABD14-F888-422C-ABA7-C5C8CCEC5C25,24.000599999125676,Šančių sen.,496818.5500000001,6081148.900000001,2.4999651075940932e-05
75683897086973678,Vilijampolės sen.,77.0,1927.0,1,ambiguous,district,4532,16465.0,7646F5E3-8A95-4B2F-9AD5-63C8109903F4,77.00259999662414,Vilijampolės sen.,493407.2273809887,6086777.483119199,3.376561985835025e-05
75557901884251849,Vilijampolės sen.,94.0,1967.0,2,ambiguous,district,4527,15004.0,8F00C1BE-A17A-40E3-A572-B98B66909647,93.98740000280775,Vilijampolės sen.,490874.9686999999,6086392.1413,0.00013405150782386244
75005825827426667,Kauno m.,51.0,1970.0,1,ambiguous,citywide,31108,8597.0,009F520E-6067-438D-8121-A7CCA12BAD01,51.00219564373503,Šilainių sen.,493056.01133884897,6087613.008510838,4.305091123812943e-05
75551528010647545,Žaliakalnio sen.,115.21,1967.0,1,ambiguous,district,4617,4128.0,6FC68072-7B55-40E1-A1A8-906826709646,115.23297033196222,Žaliakalnio sen.,494747.0834336106,6085923.424420078,0.00019935806247595167
64867074581771864,Kauno m.,298.0,2022.0,1,ambiguous,citywide,18175,22008.0,DFA2E784-F8B4-40F6-A349-BBD31C1546FE,298.0190735995878,Vilijampolės sen.,488580.66023834836,6086982.890502963,6.400331948785976e-05
75430812290609092,Petrašiūnų sen.,19508.0,1980.0,1,ambiguous,district,32,5140.0,F0FB64E9-D29D-400D-B2DA-0396EB546C27,19529.82639983899,Petrašiūnų sen.,499763.141152617,6086213.29730294,0.0011182181041409223
64950881388500359,Šilainių sen.,134.0,2016.0,2,ambiguous,district,7097,19179.0,38A8EFCF-B953-46EA-A717-E9C326B1EB6E,134.0066240049388,Šilainių sen.,487250.859429109,6089073.916531532,4.943165091386703e-05
74294506776958799,Kauno m.,6.0,1978.0,0,ambiguous,citywide,1255,3192.0,1E9685FE-87AF-4400-866F-38F9F4075B25,12.001999996529893,Šilainių sen.,492618.23000000004,6090486.250000001,0.6933138330501389
75566963399280748,Aleksoto sen.,151.0,1966.0,1,ambiguous,district,7298,18298.0,6E215971-7ED3-4DCC-BB28-5B40704ECA9A,151.0278000058958,Aleksoto sen.,491987.6128000001,6079323.038900001,0.0001840890538806761
74300722576683229,Kauno m.,23.0,1954.0,1,ambiguous,citywide,17115,23510.0,B614982E-50C9-49D2-BD1F-20276B84190F,23.003700001622736,Vilijampolės sen.,493912.0850999998,6087234.5699,0.0001608566976387671
75682551318369568,Vilijampolės sen.,121.0,1928.0,1,ambiguous,district,4299,10767.0,B967D913-1018-4B39-BA95-E05A5BBE18B6,121.01436291836849,Vilijampolės sen.,494043.2001181151,6087445.932434715,0.00011869476019654712
75001355509734954,Kauno m.,21.0,1974.0,1,ambiguous,citywide,15889,28359.0,7954F990-38CB-4317-9E88-38DC85F535ED,21.000499999102203,Vilijampolės sen.,492868.10720000026,6086517.1454,2.3809197616131428e-05
74549200114894756,Kauno m.,5.0,1988.0,1,ambiguous,citywide,345,3192.0,1E9685FE-87AF-4400-866F-38F9F4075B25,12.001999996529893,Šilainių sen.,492618.23000000004,6090486.250000001,0.8756353898440936
64783995278993395,Kauno m.,267.0,2023.0,1,ambiguous,citywide,21226,26762.0,A4CA4C57-5285-40A1-BC86-8B5CBD354610,266.99159999551404,Petrašiūnų sen.,502039.6423559574,6085565.426337998,3.146118585650726e-05
74458629523764738,Kauno m.,37.0,1957.0,1,ambiguous,citywide,24010,41033.0,72799223-CC61-4599-BDA9-9CE4A32480E5,36.99736197245942,Aleksoto sen.,493600.15641070926,6081430.292874727,7.130058346316304e-05
64889903799056306,Aleksoto sen.,42.0,2018.0,2,ambiguous,district,4815,6596.0,DBE3FC5B-9F53-4252-8AFB-10AB81624EF3,42.000799998725576,Aleksoto sen.,490622.12500000006,6080355.694999998,1.9047407301187036e-05
8022571220552531,Gričiupio sen.,22.0,2010.0,1,ambiguous,district,474,15944.0,B53C9884-019C-41E2-8048-96A197B02053,21.996600000077486,Gričiupio sen.,497548.621153633,6084302.336666667,0.00015455739440239924
649201895915726,Žaliakalnio sen.,312.0,2018.0,4,ambiguous,district,1562,20831.0,FE9D3B1F-5379-4B95-BAFD-52E3C4FB4A0C,311.7689669008753,Žaliakalnio sen.,495826.8728715999,6085081.22471132,0.0007407650009820799
741438264149622,Vilijampolės sen.,159.0,2002.0,1,ambiguous,district,3636,57871.0,c8a36eb7-d3f2-4703-b8ab-75395e54278b,159.00146706298003,Vilijampolės sen.,487887.4668794796,6087104.40989297,9.226768628245452e-06
74500596218579393,Kauno m.,10.0,1954.0,1,ambiguous,citywide,6494,3192.0,1E9685FE-87AF-4400-866F-38F9F4075B25,12.001999996529893,Šilainių sen.,492618.23000000004,6090486.250000001,0.182488209284148
75504902685631856,Šilainių sen.,69.0,1971.0,1,ambiguous,district,6462,51845.0,e26af6bf-bc2a-40b4-bf3b-d00e807ab691,68.99075392115834,Šilainių sen.,494484.5000077892,6091314.143405217,0.00013401012158809067
74454884478337369,Kauno m.,41.0,1954.0,1,ambiguous,citywide,26058,61044.0,9f1bcbe7-7777-4a80-b47c-63f8305ae147,40.99718746622927,Šilainių sen.,489915.4371500001,6087957.446799999,6.86007376287101e-05
75026124976168646,Kauno m.,42.0,1980.0,1,ambiguous,citywide,26550,6596.0,DBE3FC5B-9F53-4252-8AFB-10AB81624EF3,42.000799998725576,Aleksoto sen.,490622.12500000006,6080355.694999998,1.9047407301187036e-05
74143166800464899,Šilainių sen.,125.0,2003.0,1,ambiguous,district,7222,47243.0,fcb73111-279a-4e3e-92b9-7beb9389eee4,124.97253538853955,Šilainių sen.,487191.79177020484,6088840.631441761,0.00021974103297672798
74299201591357236,Kauno m.,18.0,1980.0,1,ambiguous,citywide,13645,12810.0,E5470CB3-C0D5-46A3-9ABF-28319CADAD23,18.000599997430665,Panemunės sen.,499372.8338694433,6080718.06656832,3.333263505433948e-05
75624665777785288,Kauno m.,119.0,1970.0,1,ambiguous,citywide,40084,10326.0,E8F857AF-A242-42DC-825D-E9DBACE4C514,119.00004999825153,Vilijampolės sen.,491489.1155019404,6086042.115058474,4.20153285496383e-07
75594969542264537,Vilijampolės sen.,105.0,1962.0,2,ambiguous,district,4473,30534.0,19333316-783B-4DE3-ABC1-2887468197C6,104.99429999652952,Vilijampolės sen.,493227.7705837566,6086953.759570643,5.428722086175952e-05
75641758268927037,Vilijampolės sen.,150.0,1940.0,2,ambiguous,district,3812,22429.0,5F03DBDE-A121-4816-BCD7-807AC302ED0B,150.01372067041007,Vilijampolės sen.,494022.4768950555,6087320.019755287,9.146695283845929e-05
74985198236729597,Kauno m.,12.0,1987.0,1,ambiguous,citywide,8594,3192.0,1E9685FE-87AF-4400-866F-38F9F4075B25,12.001999996529893,Šilainių sen.,492618.23000000004,6090486.250000001,0.00016665249019354178
74466038187750827,Kauno m.,16.0,1954.0,1,ambiguous,citywide,12108,36148.0,42D62C8E-7585-4040-B6DD-350FA71FAB0F,16.0,Šančių sen.,496992.37090000045,6082192.865499999,0.0
75604913874997584,Kauno m.,60.0,1970.0,1,ambiguous,citywide,34595,63684.0,54db530d-779b-48e5-a1fd-59597f10cda9,60.003942929867115,Gričiupio sen.,497457.74720463646,6084449.381218072,6.571333861682405e-05
75444834176557424,Eigulių sen.,865.0,1978.0,1,ambiguous,district,532,5353.0,59D3FCBE-CB7A-49F6-87AB-9C626B56C665,865.1813999398578,Eigulių sen.,497738.24250632257,6088396.557637514,0.00020968892687101004
74924995475516717,Kauno m.,46.0,1975.0,1,ambiguous,citywide,28608,21498.0,670D33CE-01EF-4EA9-B08C-9EF33B7C05F2,46.00600000535231,Šilainių sen.,486785.7866999997,6088022.945,0.00013042639307148107
64969504061103051,Petrašiūnų sen.,229.0,2018.0,1,ambiguous,district,1961,61341.0,83acdb97-396f-4b6d-9150-aca3e80e3edf,229.00975302766028,Petrašiūnų sen.,500189.72714313754,6083391.595293427,4.25887335246955e-05
65155125339234732,Šilainių sen.,217.0,2015.0,1,ambiguous,district,5175,22562.0,66410989-6C30-4B70-AF7A-9191B52F38EB,216.96825685676828,Šilainių sen.,493627.6676000003,6089694.9525999995,0.00014629246626629566
81647144757422935,Panemunės sen.,126.0,2011.0,1,ambiguous,district,5276,65446.0,065df3bc-c253-4dc4-96c1-1cc3fcf04f55,125.99994294928548,Panemunės sen.,497366.52370131924,6078308.204016019,4.527835510970135e-07
74789480229262309,Kauno m.,21.0,1968.0,1,ambiguous,citywide,15889,28359.0,7954F990-38CB-4317-9E88-38DC85F535ED,21.000499999102203,Vilijampolės sen.,492868.10720000026,6086517.1454,2.3809197616131428e-05
75682424525932421,Centro sen.,887.0,1928.0,3,ambiguous,district,368,34435.0,EC99B2BA-A465-4D08-8040-9EB575F5991E,887.4912504239203,Centro sen.,492641.61576732167,6084373.251555735,0.0005536803141215074
75665177270557923,Gričiupio sen.,71.0,1933.0,1,ambiguous,district,960,61.0,797851E2-1570-4961-A167-55F3F6BB2BFA,70.83619999535493,Gričiupio sen.,496624.920555281,6085661.4331148295,0.0023097076412055273
6492062999300012,Kauno m.,244.0,2020.0,2,ambiguous,citywide,23833,23263.0,825B48CA-5E2E-42AE-959D-E5A7027FB8C0,244.00246331961915,Žaliakalnio sen.,495805.4489898714,6086688.343342388,1.0095521249198214e-05
74481434013963482,Kauno m.,11.0,1973.0,1,ambiguous,citywide,7571,3192.0,1E9685FE-87AF-4400-866F-38F9F4075B25,12.001999996529893,Šilainių sen.,492618.23000000004,6090486.250000001,0.08717802947982323
65065211230815267,Panemunės sen.,39.0,2013.0,1,ambiguous,district,2718,64529.0,e7e089ae-f133-4cac-8d49-43a38a645f4d,38.984589508652455,Panemunės sen.,497988.4133999999,6081217.76815,0.0003952188924820632
81297278848181734,Kauno m.,18.0,1971.0,1,ambiguous,citywide,13645,12810.0,E5470CB3-C0D5-46A3-9ABF-28319CADAD23,18.000599997430665,Panemunės sen.,499372.8338694433,6080718.06656832,3.333263505433948e-05
74401771662163801,Aleksoto sen.,59.0,1970.0,1,ambiguous,district,6500,48693.0,56C7F47B-6248-4D1E-A970-0BCF3E671092,58.99529205254736,Aleksoto sen.,492984.45586225856,6081666.092908682,7.979890338472018e-05
75611969077921018,Žaliakalnio sen.,208.0,1959.0,2,ambiguous,district,3222,60345.0,cf6ea98f-6ad5-4c78-9215-38f655c752f6,207.95909114556292,Žaliakalnio sen.,495872.0448904467,6085528.737334318,0.0001966965282873545
74991345709485388,Kauno m.,20.77,1990.0,1,ambiguous,citywide,15736,635.0,B861CDC9-154A-4932-88E4-C11FF8FF9F6E,20.769399996543676,Žaliakalnio sen.,494224.2250000001,6085780.995,2.888840264514414e-05
64807635230493599,Kauno m.,147.0,2022.0,1,ambiguous,citywide,37363,6711.0,24A46D57-6B82-40B3-8580-48135CA77B27,147.0041499714883,Gričiupio sen.,497085.64744706976,6085777.111133265,2.8230700070075443e-05
74418494222317402,Kauno m.,31.0,1983.0,1,ambiguous,citywide,21068,37956.0,D74F9B33-AA42-4A40-9357-73300279589E,31.000705796529928,Vilijampolės sen.,491720.46673969046,6086516.7864471385,2.2767370819298804e-05
74261644056043893,Kauno m.,10.0,1966.0,1,ambiguous,citywide,6494,3192.0,1E9685FE-87AF-4400-866F-38F9F4075B25,12.001999996529893,Šilainių sen.,492618.23000000004,6090486.250000001,0.182488209284148
74845396723344323,Kauno m.,20.0,1941.0,1,ambiguous,citywide,15162,42659.0,62E3BCEC-CF1A-411E-BD41-7C2CD1C41A70,20.000999999978582,Aleksoto sen.,493055.17640744965,6080852.427823423,4.9998748970825346e-05
757072442539172,Šančių sen.,105.0,1894.0,1,ambiguous,district,3505,44859.0,DA90EF5E-B884-4C63-BABF-CC2D46212E33,104.89112093985993,Šančių sen.,496886.7452679762,6081774.928758049,0.0010374814276907784
65336294952309054,Petrašiūnų sen.,165.0,2013.0,1,ambiguous,district,2756,32356.0,F7347A50-BF57-4048-B61A-B764660910F3,164.9524352279024,Petrašiūnų sen.,499091.14120415703,6084894.087047071,0.00028831290421660327
75610364087966841,Petrašiūnų sen.,115.0,1959.0,1,ambiguous,district,3341,29339.0,F0077262-AD8F-44D6-9590-2847AF38F495,115.02158626472705,Petrašiūnų sen.,500886.0730303034,6085148.103952984,0.0001876890351111271
74249591885753516,Kauno m.,6.0,1971.0,1,ambiguous,citywide,1255,3192.0,1E9685FE-87AF-4400-866F-38F9F4075B25,12.001999996529893,Šilainių sen.,492618.23000000004,6090486.250000001,0.6933138330501389
75095177247180581,Centro sen.,22.0,1960.0,1,ambiguous,district,413,63447.0,66837c2c-1db0-48fe-a84e-9fca74e2d41a,22.034759969104744,Centro sen.,495209.0468000001,6085014.77355,0.0015787517110998905
75527551688712724,Kauno m.,439.0,1990.0,3,ambiguous,citywide,9042,10995.0,AAA1859A-68DC-493A-B5BC-E3DFE39D780B,439.1567999956448,Vilijampolės sen.,492082.37429999985,6086056.282099999,0.000357111616767547
64901329345060252,Panemunės sen.,231.0,2018.0,1,ambiguous,district,3674,25155.0,5194EC62-61E8-4A70-8466-9C2C7EDCD78F,231.0556989919666,Panemunės sen.,500011.3539599331,6080229.218641098,0.00024109211230616268
64812683185965933,Kauno m.,101.0,2022.0,2,ambiguous,citywide,40978,23401.0,53DBC236-3FDD-4C74-B974-4255B82080B0,100.99904999221471,Vilijampolės sen.,488187.06567413255,6086993.333220441,9.406061913352914e-06
64766551439944614,Kauno m.,214.0,2025.0,1,ambiguous,citywide,27975,52830.0,d20d7631-6b10-4950-b575-bf30c6b7c4e9,214.00253472135577,Šilainių sen.,490597.8663715525,6088346.767754277,1.1844422171947144e-05
7442757562619659,Kauno m.,16.0,1975.0,1,ambiguous,citywide,12108,36148.0,42D62C8E-7585-4040-B6DD-350FA71FAB0F,16.0,Šančių sen.,496992.37090000045,6082192.865499999,0.0
74267483115806637,Kauno m.,37.0,1995.0,2,ambiguous,citywide,24010,41033.0,72799223-CC61-4599-BDA9-9CE4A32480E5,36.99736197245942,Aleksoto sen.,493600.15641070926,6081430.292874727,7.130058346316304e-05
75659136216809614,Žaliakalnio sen.,132.0,1935.0,2,ambiguous,district,4495,21077.0,4BFFEDBD-8F71-4F84-A2FA-4726B0386EAA,132.00600940880824,Žaliakalnio sen.,495860.2625732275,6085652.307997712,4.552478803621085e-05
74582588260128757,Kauno m.,15.23,1977.0,1,ambiguous,citywide,11462,63723.0,7c283a84-6f52-49f1-a519-014d3ca291db,15.233186151581409,Vilijampolės sen.,486771.6686801711,6087407.263986408,0.0002091804565140798
74286289532857555,Kauno m.,20.0,1948.0,1,ambiguous,citywide,15162,42659.0,62E3BCEC-CF1A-411E-BD41-7C2CD1C41A70,20.000999999978582,Aleksoto sen.,493055.17640744965,6080852.427823423,4.9998748970825346e-05
74552217390066677,Kauno m.,20.0,1967.0,1,ambiguous,citywide,15162,42659.0,62E3BCEC-CF1A-411E-BD41-7C2CD1C41A70,20.000999999978582,Aleksoto sen.,493055.17640744965,6080852.427823423,4.9998748970825346e-05
75232013752453572,Kauno m.,510.0,1988.0,1,ambiguous,citywide,7093,23433.0,B0FAE558-CDE0-4D4D-B7D7-C08B3CD31802,510.0321941364905,Šilainių sen.,493923.3490952211,6089353.524967938,6.312376547779053e-05
75527606720057705,Šilainių sen.,118.0,1970.0,2,ambiguous,district,7317,47421.0,757139e8-f205-4e69-884b-eb05bc375dfa,118.01264147002973,Šilainių sen.,489216.0460600846,6089491.311609881,0.00010712536381962678
7442406025055362,Kauno m.,56.0,1992.0,1,ambiguous,citywide,33136,14071.0,0F96AE8A-F62B-4422-88C5-DA46B1EE9E33,56.00254999397211,Šančių sen.,496252.91843155964,6083642.204585592,4.5534569929728264e-05
7425456331178866,Panemunės sen.,52.0,1930.0,1,ambiguous,district,3472,40433.0,9B00ABBD-786B-4D0E-B68F-AF907456F362,52.00089999741726,Panemunės sen.,498972.8616937943,6079406.447299824,1.7307492863771756e-05
75427458542204256,Kauno m.,376.0,1990.0,3,ambiguous,citywide,12029,53956.0,3a3f0859-7121-49cf-a9e7-06404262c6fe,376.0201065244686,Centro sen.,492570.5402784231,6084440.511992229,5.3473369391987546e-05
74839477728226494,Kauno m.,82.51,1984.0,1,ambiguous,citywide,39991,5917.0,FD860C90-BF67-4E0D-8E54-98E24687A6D7,82.51670000238269,Žaliakalnio sen.,494318.3249999999,6085925.300000001,8.119901066017121e-05
74192568097590575,Kauno m.,53.0,1966.0,1,ambiguous,citywide,31970,24762.0,AF857F01-A02A-405E-BE3C-A6626B3D8168,52.99909993728964,Žaliakalnio sen.,495607.0272298793,6086424.393855643,1.6982459491110546e-05
7455035401150277,Kauno m.,19.18,1959.0,1,ambiguous,citywide,14520,283.0,B1F69611-F0B3-4D94-B96E-5952A8532F3A,19.178849999846516,Šilainių sen.,494409.5479904169,6090613.715834864,5.996009545805592e-05
7431008652238813,Kauno m.,24.0,1983.0,1,ambiguous,citywide,17670,12815.0,E8EABD14-F888-422C-ABA7-C5C8CCEC5C25,24.000599999125676,Šančių sen.,496818.5500000001,6081148.900000001,2.4999651075940932e-05
65343035306047348,Aleksoto sen.,140.0,2007.0,1,ambiguous,district,7556,48322.0,87695310-0ce5-4cb9-828e-0b88d33bc8cc,139.98059268768233,Aleksoto sen.,490290.1838127498,6081278.2855150895,0.0001386332685591185
7426601507167914,Kauno m.,24.0,1973.0,1,ambiguous,citywide,17670,12815.0,E8EABD14-F888-422C-ABA7-C5C8CCEC5C25,24.000599999125676,Šančių sen.,496818.5500000001,6081148.900000001,2.4999651075940932e-05
75600252873857091,Kauno m.,11.0,1974.0,1,ambiguous,citywide,7571,3192.0,1E9685FE-87AF-4400-866F-38F9F4075B25,12.001999996529893,Šilainių sen.,492618.23000000004,6090486.250000001,0.08717802947982323
7559275134716463,Vilijampolės sen.,80.0,1962.0,1,ambiguous,district,4554,31218.0,FCE8196B-32E7-45FB-9909-15BEF78F70C6,80.01219999924973,Vilijampolės sen.,490921.09804138984,6086301.025686084,0.00015248836368009222
6492880586938031,Petrašiūnų sen.,94.0,1972.0,2,ambiguous,district,3549,24815.0,942142B9-04FC-4358-A824-7EB4D649EE1E,93.97104999900777,Petrašiūnų sen.,503317.6587019419,6086363.430077916,0.0003080261691499331
74893921165801319,Kauno m.,35.0,1962.0,1,ambiguous,citywide,23010,43237.0,03C2C4FA-968F-486F-AF14-6AFEC83AE024,35.00125000765081,Žaliakalnio sen.,494072.2256530612,6085760.255303067,3.57138665614265e-05
74216695805882721,Šilainių sen.,111.0,2010.0,1,ambiguous,district,7391,9198.0,C3288FD8-ADA4-4ED1-A219-49D33EAF0A3A,111.01619999593701,Šilainių sen.,492889.89484731114,6089848.869974487,0.00014593526027439907
64821371583752938,Kauno m.,180.0,2023.0,1,ambiguous,citywide,32747,65943.0,ee9b7604-3e2c-43d9-922a-6ad303148644,179.99983728576524,Vilijampolės sen.,487687.87523003167,6086940.598419734,9.0396837926221e-07
74900517856727689,Kauno m.,22.0,1949.0,1,ambiguous,citywide,16561,54794.0,602187e6-288e-4b60-a8c1-e118443d91d0,21.998916665486203,Vilijampolės sen.,491043.35404556396,6086148.481079037,4.9243690350753155e-05
74289587134052509,Kauno m.,26.0,1963.0,1,ambiguous,citywide,18729,30248.0,0E85D2CF-C288-45B7-B007-683BF429F192,25.999763854411132,Vilijampolės sen.,492539.84290740883,6085427.240912551,9.0825638952019e-06
75670924306247417,Žaliakalnio sen.,83.0,1931.0,2,ambiguous,district,4616,32610.0,9A464A72-9A2A-4174-B6AE-D603AF7D3E29,83.00050000228266,Žaliakalnio sen.,495495.637680156,6085140.448780734,6.024105742241659e-06
75681713000812875,Žaliakalnio sen.,166.0,1925.0,1,ambiguous,district,4027,14189.0,2EE9C962-3D4B-4761-AB60-68B1B094DAAE,166.00424999330008,Žaliakalnio sen.,495959.285859026,6085556.22646511,2.5602041541894494e-05
7552870248221849,Kauno m.,23.0,1969.0,1,ambiguous,citywide,17115,23510.0,B614982E-50C9-49D2-BD1F-20276B84190F,23.003700001622736,Vilijampolės sen.,493912.0850999998,6087234.5699,0.0001608566976387671
74165822818375804,Panemunės sen.,178.0,2020.0,1,ambiguous,district,4582,35726.0,0A983C2F-0108-474C-8170-1AFE6913C330,177.99000000265892,Panemunės sen.,497868.51464878186,6082115.447230384,5.618133848450668e-05
75527194001140913,Žaliakalnio sen.,642.0,1970.0,2,ambiguous,district,366,59903.0,ed3eb5ca-490e-4b1c-9a91-639aba114497,642.9100566345552,Žaliakalnio sen.,496044.0066999997,6085780.68735,0.0014165299462476355
75681676780671198,Šančių sen.,136.0,1928.0,1,ambiguous,district,3158,36228.0,4400ED60-6D3C-4241-9221-32D6C7FA6416,136.01045000752825,Šančių sen.,496207.5328825048,6083623.93823549,7.683533873859005e-05
75626815147902982,Šančių sen.,73.0,1955.0,1,ambiguous,district,3520,44948.0,55069488-B2D8-4B2F-902C-967AB6C779C1,73.0092806980804,Šančių sen.,495691.3330772784,6081708.992373818,0.00012712476972076558
8083552191719301,Šilainių sen.,101.0,2024.0,2,ambiguous,district,7420,18892.0,9B177EC9-5E82-489D-9E6F-E597AC2A4B4A,101.01248529477544,Šilainių sen.,492323.11874191643,6090314.323698861,0.00012360914003028967
74483197333126902,Kauno m.,8.0,1965.0,0,ambiguous,citywide,3969,3192.0,1E9685FE-87AF-4400-866F-38F9F4075B25,12.001999996529893,Šilainių sen.,492618.23000000004,6090486.250000001,0.40563176059835815
75556552387238463,Žaliakalnio sen.,139.0,1967.0,2,ambiguous,district,4438,35132.0,D8E37F69-29A6-4936-8050-9C6B664C3066,139.0159325817346,Žaliakalnio sen.,496014.4723208407,6087111.341705889,0.00011461632147558021
75228597444132725,Aleksoto sen.,90.0,1957.0,1,ambiguous,district,8105,62291.0,a77ece8c-8430-4597-ab29-a7de4b015353,90.02470046880296,Aleksoto sen.,493990.9379683009,6081945.447450187,0.0002744119989497307
75617828247703744,Petrašiūnų sen.,178.0,1958.0,2,ambiguous,district,2558,61410.0,050b3ab1-2ee2-4a84-ad3f-47bca68c960f,177.83131796417044,Petrašiūnų sen.,500503.38369999983,6087001.622100001,0.0009481011926117944
74453727485433718,Šilainių sen.,185.0,1994.0,2,ambiguous,district,5955,3456.0,F4E770A2-622A-46C4-99EA-0B8E1316042A,184.99276093521456,Šilainių sen.,493018.1013958966,6088028.239393282,3.9130845522095115e-05
75588627451897053,Petrašiūnų sen.,92.0,1963.0,1,ambiguous,district,3570,23307.0,501790B3-44EE-4188-8DB8-C4B1CDD627C9,92.01467176855182,Petrašiūnų sen.,504035.72395890177,6086217.796703442,0.00015946303022307262
75677278162768799,Kauno m.,119.0,1963.0,1,ambiguous,citywide,40084,10326.0,E8F857AF-A242-42DC-825D-E9DBACE4C514,119.00004999825153,Vilijampolės sen.,491489.1155019404,6086042.115058474,4.20153285496383e-07
74536856235203314,Kauno m.,37.0,1938.0,1,ambiguous,citywide,24010,41033.0,72799223-CC61-4599-BDA9-9CE4A32480E5,36.99736197245942,Aleksoto sen.,493600.15641070926,6081430.292874727,7.130058346316304e-05
74282981113160507,Kauno m.,25.0,1975.0,1,ambiguous,citywide,18210,29207.0,0A56472F-66B2-41A7-B47B-01701314B5D5,25.00039999837093,Gričiupio sen.,497989.3960000001,6085158.809300002,1.5999806839861463e-05
10108408050383294,Petrašiūnų sen.,123.0,2003.0,1,ambiguous,district,3280,24264.0,1E380EF3-F66B-4DF0-85E1-D311D17CBCD3,123.02121856258174,Petrašiūnų sen.,503563.2360998818,6087101.311531369,0.00017249376097172586
65327191915655031,Kauno m.,61.0,2007.0,1,ambiguous,citywide,34912,33464.0,FE05B47A-57AB-4A9A-B385-3574C4CABA1E,61.000800010134284,Panemunės sen.,501418.4887999999,6078938.8431,1.3114834234606576e-05
7487657145048042,Kauno m.,14.79,1988.0,1,ambiguous,citywide,11097,58389.0,39882e93-1434-46ad-b673-73c663d4a00c,14.790701412115087,Petrašiūnų sen.,504901.4636173132,6087418.939401325,4.742362971343894e-05
74489947643873733,Kauno m.,16.0,1978.0,1,ambiguous,citywide,12108,36148.0,42D62C8E-7585-4040-B6DD-350FA71FAB0F,16.0,Šančių sen.,496992.37090000045,6082192.865499999,0.0
7428735429256704,Kauno m.,23.0,1976.0,1,ambiguous,citywide,17115,23510.0,B614982E-50C9-49D2-BD1F-20276B84190F,23.003700001622736,Vilijampolės sen.,493912.0850999998,6087234.5699,0.0001608566976387671
64934245238065874,Šilainių sen.,101.0,2018.0,2,ambiguous,district,7420,18892.0,9B177EC9-5E82-489D-9E6F-E597AC2A4B4A,101.01248529477544,Šilainių sen.,492323.11874191643,6090314.323698861,0.00012360914003028967
64809876092289193,Kauno m.,145.0,2022.0,2,ambiguous,citywide,37617,10502.0,06A309CA-EE71-4FC3-8B2F-9D0FC001728B,144.99899999988173,Gričiupio sen.,497108.41734143486,6085000.2549032895,6.8965763206918496e-06
74751192260463312,Kauno m.,23.96,1957.0,1,ambiguous,citywide,17645,56037.0,d005b542-44f7-4803-a7d5-80a25b87537c,23.959754500757665,Vilijampolės sen.,493926.933480269,6087978.37253299,1.0246264610547229e-05
75338086029433357,Šilainių sen.,362.0,1993.0,5,ambiguous,district,2471,22203.0,7CD30ECF-6877-45D0-A02B-C149F0293E71,362.08948718183365,Šilainių sen.,492098.0729208507,6088296.814662682,0.0002471716103418231
74474524340642848,Kauno m.,15.0,1955.0,1,ambiguous,citywide,11269,32282.0,8B41C570-8FB4-453E-B4C6-A45E9968D4D0,15.000750000683592,Aleksoto sen.,491920.7975308333,6084434.660006409,4.999879561218279e-05
74466103404058182,Kauno m.,9.0,1932.0,1,ambiguous,citywide,5299,3192.0,1E9685FE-87AF-4400-866F-38F9F4075B25,12.001999996529893,Šilainių sen.,492618.23000000004,6090486.250000001,0.28784872494197433
7560833700086439,Šilainių sen.,122.0,1959.0,1,ambiguous,district,7255,60830.0,3bca7363-9ab6-4e0c-8f4d-18be39ef68e8,122.00070054993178,Šilainių sen.,489436.44224652933,6087285.621929972,5.742196068858618e-06
74467113390841985,Kauno m.,12.0,1981.0,1,ambiguous,citywide,8594,3192.0,1E9685FE-87AF-4400-866F-38F9F4075B25,12.001999996529893,Šilainių sen.,492618.23000000004,6090486.250000001,0.00016665249019354178
74988410843546544,Kauno m.,41.0,1970.0,1,ambiguous,citywide,26058,61044.0,9f1bcbe7-7777-4a80-b47c-63f8305ae147,40.99718746622927,Šilainių sen.,489915.4371500001,6087957.446799999,6.86007376287101e-05
65055976377414795,Šilainių sen.,182.0,2014.0,2,ambiguous,district,6032,21048.0,90A87887-DC6A-4FFB-A8F1-592CB7E17CC8,182.00783338136262,Šilainių sen.,488268.9287300086,6089001.972188319,4.303963071983219e-05
74711171878704616,Kauno m.,6.4,1973.0,1,ambiguous,citywide,1704,3192.0,1E9685FE-87AF-4400-866F-38F9F4075B25,12.001999996529893,Šilainių sen.,492618.23000000004,6090486.250000001,0.6287753119125676
75712072789070439,Eigulių sen.,136.0,1957.0,2,ambiguous,district,742,66059.0,55eb2548-cc87-47f7-bb78-822f4e912ba3,135.7138232017,Eigulių sen.,497328.43208444415,6088567.383074972,0.0021064581900605006
74450386315147624,Kauno m.,5.0,1957.0,1,ambiguous,citywide,345,3192.0,1E9685FE-87AF-4400-866F-38F9F4075B25,12.001999996529893,Šilainių sen.,492618.23000000004,6090486.250000001,0.8756353898440936
75188321467040284,Panemunės sen.,113.0,1976.0,1,ambiguous,district,5343,27225.0,203748F1-75C2-4558-B0F6-4258B0246A6B,113.00545959494652,Panemunės sen.,501386.819303114,6079226.231012136,4.831383239434217e-05
75640724814880378,Panemunės sen.,239.0,1990.0,1,ambiguous,district,3514,65811.0,a3a1cecb-6c57-4dab-9c4e-0a6afe0002ed,239.0620873684863,Panemunės sen.,498609.4091999999,6084031.755999999,0.0002597460475355362
74989314871692705,Kauno m.,28.0,1968.0,1,ambiguous,citywide,19655,64435.0,b8b3c45b-50c8-439c-a780-10936b21dc7b,27.999818957143066,Eigulių sen.,496841.2465692256,6087032.037176935,6.465837222524584e-06
74604319430782301,Kauno m.,28.0,1953.0,1,ambiguous,citywide,19655,64435.0,b8b3c45b-50c8-439c-a780-10936b21dc7b,27.999818957143066,Eigulių sen.,496841.2465692256,6087032.037176935,6.465837222524584e-06
6506091528626988,Panemunės sen.,12.0,1953.0,0,ambiguous,district,1105,40966.0,6BC7741E-BE0B-4521-864C-76922041A1B4,12.003531285301397,Panemunės sen.,498086.9745285435,6078705.792941683,0.0002942304850814814
75546855798911614,Gričiupio sen.,213.0,1968.0,1,ambiguous,district,833,63459.0,cb27c708-4c02-4018-b205-3c9e9bec8593,212.92721093548377,Gričiupio sen.,498208.22658573516,6085187.611670821,0.00034179110118426337
75552473590215607,Dainavos sen.,1104.0,1967.0,5,ambiguous,district,439,2951.0,889B84DB-8678-4F0E-8B7B-133354EA7A3F,1104.019049985849,Dainavos sen.,498483.0392519104,6086532.702525658,1.72552730921538e-05
75676776766096493,Centro sen.,75.0,1930.0,1,ambiguous,district,1279,56911.0,175a8f10-c970-403a-a712-c5d3b5eacfeb,75.16192202133381,Centro sen.,493719.4835999999,6084377.419449999,0.002156633078657322
75648338865535167,Vilijampolės sen.,87.16,1938.0,1,ambiguous,district,4544,6447.0,D0EFACAE-9FA0-4C8D-B320-017ABFE37C87,87.1626500090504,Vilijampolės sen.,493508.08217082487,6086869.211225546,3.040349662519759e-05
75582848594383453,Vilijampolės sen.,63.0,1964.0,2,ambiguous,district,4299,54917.0,fdc0058d-e49c-40c9-b929-fb346849a0be,62.99720549104622,Vilijampolės sen.,491733.1214699127,6086408.3930922,4.435826879412019e-05
74197990975217856,Petrašiūnų sen.,80.0,1973.0,1,ambiguous,district,3682,43220.0,0347C51E-7868-4D5C-A8E3-1F41AE01F0A9,79.97524345314413,Petrašiūnų sen.,504988.72318243136,6086838.588871298,0.0003095047273449225
74657959436574814,Kauno m.,17.0,1971.0,1,ambiguous,citywide,12896,7495.0,20E3F8ED-B037-4A40-9933-B4B5DFBA6909,17.000950002374314,Aleksoto sen.,495416.22617561574,6080355.553315051,5.588093123831683e-05
74449838886492356,Kauno m.,18.0,1975.0,1,ambiguous,citywide,13645,12810.0,E5470CB3-C0D5-46A3-9ABF-28319CADAD23,18.000599997430665,Panemunės sen.,499372.8338694433,6080718.06656832,3.333263505433948e-05
75703156339800334,Šančių sen.,169.0,1900.0,1,ambiguous,district,2723,42658.0,42E0F8E6-3C7A-446F-9796-1C5B7EE82529,168.97570667289324,Šančių sen.,496579.67210138467,6081536.724655636,0.00014375783033493406
75504932554037368,Šilainių sen.,102.0,1971.0,1,ambiguous,district,7423,51457.0,9cf37da8-7cc5-45b6-8c56-9db522785012,102.00113932684503,Šilainių sen.,488504.84144441277,6089884.055807848,1.1169808647792934e-05
65143108038532835,Šilainių sen.,79.0,2015.0,2,ambiguous,district,6918,52873.0,23a0202a-f023-4c3e-a5fe-99e7bb197edb,78.99498691067103,Šilainių sen.,492026.9780034566,6088045.379365417,6.345884041891736e-05
75618739158083634,Aleksoto sen.,107.0,1957.0,2,ambiguous,district,8099,45771.0,2F626B0E-5364-426F-AC2F-976B18CD97E2,106.99252679106144,Aleksoto sen.,491888.8039043546,6080679.158349491,6.984551333300004e-05
74869252727772589,Kauno m.,50.0,1989.0,1,ambiguous,citywide,30622,53247.0,a27e4b68-3b55-4f18-b271-1f343af0ce60,50.00029855039059,Šilainių sen.,491810.95530000003,6086831.844749999,5.9709899855597826e-06
7466890584543176,Kauno m.,22.6,1988.0,1,ambiguous,citywide,16883,49675.0,7553d87b-7ede-4283-996e-496afe34efc2,22.600309266899284,Panemunės sen.,498741.822,6079747.48815,1.368428244408193e-05
7498461457427992,Kauno m.,4.0,1988.0,1,no_match,citywide,0,,,,,,,
64960778570153019,Eigulių sen.,90.0,2019.0,3,ambiguous,district,769,56869.0,6c25640c-cd16-427d-85d0-8a1092035c6c,90.09436392247066,Eigulių sen.,496488.25969263597,6090617.294419515,0.0010479387477886348
65095007022868329,Centro sen.,1033.0,1905.0,2,ambiguous,district,301,57085.0,37fca572-de68-4647-8083-796483ed4396,1036.0284605774732,Centro sen.,493737.4085094532,6084573.364405301,0.002927424922329891
74933206325250468,Kauno m.,21.0,1992.0,1,ambiguous,citywide,15889,28359.0,7954F990-38CB-4317-9E88-38DC85F535ED,21.000499999102203,Vilijampolės sen.,492868.10720000026,6086517.1454,2.3809197616131428e-05
6480850571784795,Kauno m.,122.0,2021.0,1,ambiguous,citywide,39814,60830.0,3bca7363-9ab6-4e0c-8f4d-18be39ef68e8,122.00070054993178,Šilainių sen.,489436.44224652933,6087285.621929972,5.742196068858618e-06
75645314312268452,Vilijampolės sen.,116.0,1940.0,1,ambiguous,district,4354,11080.0,7D74BB6B-3BE4-4362-B733-69FC23ABD7AA,115.97085018284822,Vilijampolės sen.,493834.41218865395,6087563.110843856,0.0002513231061769261
74551798313760506,Kauno m.,22.0,1960.0,1,ambiguous,citywide,16561,54794.0,602187e6-288e-4b60-a8c1-e118443d91d0,21.998916665486203,Vilijampolės sen.,491043.35404556396,6086148.481079037,4.9243690350753155e-05
75630774061389905,Gričiupio sen.,130.0,1953.0,1,ambiguous,district,1018,27798.0,5F3BA2F4-34FC-4496-A3FB-59A28857BFAE,129.93501873277293,Gričiupio sen.,498263.4817724034,6085299.922511068,0.0004999808713543885
74999752089995028,Kauno m.,22.0,1966.0,1,ambiguous,citywide,16561,54794.0,602187e6-288e-4b60-a8c1-e118443d91d0,21.998916665486203,Vilijampolės sen.,491043.35404556396,6086148.481079037,4.9243690350753155e-05
7490588548916631,Kauno m.,22.0,1995.0,1,ambiguous,citywide,16561,54794.0,602187e6-288e-4b60-a8c1-e118443d91d0,21.998916665486203,Vilijampolės sen.,491043.35404556396,6086148.481079037,4.9243690350753155e-05
64895651684625258,Kauno m.,66.0,2020.0,2,ambiguous,citywide,36523,42869.0,785AAE15-0874-4808-87B2-125BD40B874A,65.99959813249541,Panemunės sen.,498776.66766893904,6080792.883337743,6.088920121882779e-06
75673183306566555,Šančių sen.,71.0,1930.0,1,ambiguous,district,3502,14778.0,294DD240-1D91-4280-9499-6BC8F65DF514,70.99440000280217,Šančių sen.,496458.2867898381,6082703.919514399,7.887631062430955e-05
75619902937703071,Kauno m.,720.0,1974.0,1,ambiguous,citywide,4985,34892.0,FF799315-82BF-4B44-BA05-69EB9132FDEA,720.007251389226,Centro sen.,493011.9351454427,6084554.426026927,1.0071323209182026e-05
7492864751821722,Kauno m.,73.0,1974.0,1,ambiguous,citywide,38339,16091.0,7596DFA7-C5D7-43F4-813A-6EE45F00F7B3,73.00107483784477,Žaliakalnio sen.,494365.1647507486,6085863.839435653,1.4723697698393323e-05
75684948096510787,Vilijampolės sen.,85.0,1927.0,1,ambiguous,district,4560,32451.0,98FA98CC-EAFA-48FE-90D5-5242931912BE,85.00240000739917,Vilijampolės sen.,493926.84270000004,6086962.8805,2.823498255555279e-05
74411172178810131,Kauno m.,6.0,1965.0,1,ambiguous,citywide,1255,3192.0,1E9685FE-87AF-4400-866F-38F9F4075B25,12.001999996529893,Šilainių sen.,492618.23000000004,6090486.250000001,0.6933138330501389
74416160328496656,Kauno m.,13.0,1977.0,1,ambiguous,citywide,9555,35456.0,3BA4D5F7-5D94-4C59-A9F0-989F391DA4E6,13.001844835072216,Šančių sen.,496448.3977335273,6083813.975750751,0.0001419003218434689
74257761913686313,Aleksoto sen.,69.0,1992.0,2,ambiguous,district,7189,12986.0,225EFDEB-86FD-462E-9262-DCB3B17ACAB0,69.02939999856464,Aleksoto sen.,494062.4484,6080817.6932000015,0.0004259961864576667
74584860942649739,Kauno m.,16.0,1950.0,1,ambiguous,citywide,12108,36148.0,42D62C8E-7585-4040-B6DD-350FA71FAB0F,16.0,Šančių sen.,496992.37090000045,6082192.865499999,0.0
75188312180951025,Panemunės sen.,110.0,1977.0,1,ambiguous,district,5346,44500.0,F832FFC3-A1F3-46ED-96CE-CE1EA89C9207,110.01765000863597,Panemunės sen.,498521.33891287923,6080888.180893959,0.0001604417524969648
75709984572019107,Centro sen.,1693.0,1884.0,4,ambiguous,district,144,48915.0,E3CF6502-A324-4138-885C-823A58CEF8EB,1694.130451396946,Centro sen.,493729.30820313504,6084528.443696427,0.0006674980223762006
74938722978174027,Aleksoto sen.,49.0,1976.0,1,ambiguous,district,5594,65810.0,b123b957-719a-4d25-8c84-8b26a20fc2c9,48.983877865959194,Aleksoto sen.,491710.8338570178,6084021.246134245,0.0003290772836801459
74886524203136989,Kauno m.,15.0,1980.0,1,ambiguous,citywide,11269,32282.0,8B41C570-8FB4-453E-B4C6-A45E9968D4D0,15.000750000683592,Aleksoto sen.,491920.7975308333,6084434.660006409,4.999879561218279e-05
64862621811575483,Kauno m.,42.0,2023.0,1,ambiguous,citywide,26550,6596.0,DBE3FC5B-9F53-4252-8AFB-10AB81624EF3,42.000799998725576,Aleksoto sen.,490622.12500000006,6080355.694999998,1.9047407301187036e-05
64767208176222044,Kauno m.,133.0,2025.0,2,ambiguous,citywide,38890,61828.0,daa1e792-d147-4403-8741-f90f3b727a1a,132.99710064293242,Aleksoto sen.,492829.1840000002,6080176.3364,2.179991481643384e-05
6492981302597442,Panemunės sen.,18.0,2017.0,1,ambiguous,district,1660,12810.0,E5470CB3-C0D5-46A3-9ABF-28319CADAD23,18.000599997430665,Panemunės sen.,499372.8338694433,6080718.06656832,3.333263505433948e-05
74877581118945227,Kauno m.,25.0,1931.0,1,ambiguous,citywide,18210,29207.0,0A56472F-66B2-41A7-B47B-01701314B5D5,25.00039999837093,Gričiupio sen.,497989.3960000001,6085158.809300002,1.5999806839861463e-05
74126122751739715,Šilainių sen.,278.0,2002.0,1,ambiguous,district,3809,47432.0,a9da5e7a-5b62-4ed5-b56b-b8b15b35065a,277.99253760563914,Šilainių sen.,487555.1595864262,6090500.596996069,2.6843505466445094e-05
74483443340982475,Kauno m.,11.0,1971.0,1,ambiguous,citywide,7571,3192.0,1E9685FE-87AF-4400-866F-38F9F4075B25,12.001999996529893,Šilainių sen.,492618.23000000004,6090486.250000001,0.08717802947982323
75675508012423495,Vilijampolės sen.,119.0,1930.0,1,ambiguous,district,4314,10326.0,E8F857AF-A242-42DC-825D-E9DBACE4C514,119.00004999825153,Vilijampolės sen.,491489.1155019404,6086042.115058474,4.20153285496383e-07
74980171899121817,Kauno m.,25.0,1984.0,1,ambiguous,citywide,18210,29207.0,0A56472F-66B2-41A7-B47B-01701314B5D5,25.00039999837093,Gričiupio sen.,497989.3960000001,6085158.809300002,1.5999806839861463e-05
74999052999503171,Kauno m.,76.0,1989.0,1,ambiguous,citywide,39026,28941.0,9BB17511-E837-4258-957B-9FEA8C0AE828,76.00019999650326,Petrašiūnų sen.,500716.9141108777,6085159.363760909,2.6315294752166096e-06
74967767617759584,Kauno m.,7.0,1969.0,1,ambiguous,citywide,2461,3192.0,1E9685FE-87AF-4400-866F-38F9F4075B25,12.001999996529893,Šilainių sen.,492618.23000000004,6090486.250000001,0.5391631532228807
65188033993043765,Kauno m.,9.0,2009.0,1,ambiguous,citywide,5299,3192.0,1E9685FE-87AF-4400-866F-38F9F4075B25,12.001999996529893,Šilainių sen.,492618.23000000004,6090486.250000001,0.28784872494197433
74450281944049151,Kauno m.,27.0,1980.0,1,ambiguous,citywide,19219,8089.0,00F782A1-B0D3-4C33-BBDC-F90B7180B226,26.998350001438148,Panemunės sen.,496870.9255026141,6077850.352718684,6.111292520305511e-05
75695097813272424,Vilijampolės sen.,61.0,1920.0,1,ambiguous,district,4251,13295.0,DD52E0F1-0881-47B3-B3E7-FFBE37DFBE7C,61.01649703387182,Vilijampolės sen.,492259.51247126405,6085640.645612251,0.00027040661506205765
75700246052957817,Žaliakalnio sen.,76.0,1908.0,1,ambiguous,district,4493,21818.0,21EDEB79-8E55-4AFF-8CCE-4FA6A38DB755,76.02124999739229,Žaliakalnio sen.,495833.88928598,6086327.118813753,0.0002795661465890831
74582152118772949,Kauno m.,75.0,1940.0,1,ambiguous,citywide,38786,59538.0,367cac22-e786-4f3d-bd68-f85ca1fa4a1b,74.99931672876731,Panemunės sen.,498036.76514870714,6078976.264416925,9.110324601380171e-06
65160941354684088,Petrašiūnų sen.,29.0,1982.0,1,ambiguous,district,3124,61227.0,36ee3331-8ca8-46cc-b438-21c007e59927,29.01149101456887,Petrašiūnų sen.,500327.0578271494,6084635.7430916075,0.0003961633986020452
64934245582711742,Šilainių sen.,141.0,2021.0,2,ambiguous,district,6972,21020.0,093584F4-A6E2-4A01-9F7F-9E055E5BF84D,140.98748081535834,Šilainių sen.,493898.8193817257,6089983.274858606,8.879248549398255e-05
75338208404319623,Petrašiūnų sen.,110.0,1993.0,2,ambiguous,district,3388,37200.0,A0445A53-652D-41E9-B5A2-8C1186AD632F,109.99400134171614,Petrašiūnų sen.,504737.0362378861,6086966.343671286,5.453474411876158e-05
74426905629672607,Kauno m.,63.0,1989.0,1,ambiguous,citywide,35632,66119.0,f09ffdff-214b-4829-8cd2-c151a289cb32,63.00000373683122,Šilainių sen.,493820.5972292782,6089326.045856123,5.931477975451571e-08
75509838603530027,Šilainių sen.,80.0,1971.0,2,ambiguous,district,6952,47868.0,AFC2AE62-5C47-4B9F-86EC-30098E9F4C90,79.9913872037036,Šilainių sen.,487784.9815675507,6088132.5593004925,0.00010766574945364482
64875313978875818,Kauno m.,90.0,2021.0,2,ambiguous,citywide,40704,65135.0,91938f2b-b453-4451-b536-62051dacc441,90.00005543014159,Šilainių sen.,488836.84422253247,6090123.57778894,6.158902721153936e-07
75635036021284352,Kauno m.,183.0,1968.0,1,ambiguous,citywide,32261,27049.0,D0E10D15-FD25-4B45-AED0-7DBD000EB376,182.98811218566837,Eigulių sen.,497262.69635636854,6088607.976620344,6.496284409251984e-05
7442691934203842,Kauno m.,29.0,1937.0,1,ambiguous,citywide,20122,61155.0,bae057a1-5e7d-4f8f-b6b2-7c2cf51afab8,28.999892065010798,Šilainių sen.,494649.80932389677,6090974.922940333,3.721903105713409e-06
74553134256960502,Kauno m.,17.0,1978.0,1,ambiguous,citywide,12896,7495.0,20E3F8ED-B037-4A40-9933-B4B5DFBA6909,17.000950002374314,Aleksoto sen.,495416.22617561574,6080355.553315051,5.588093123831683e-05
74573322845779902,Kauno m.,15.0,1972.0,1,ambiguous,citywide,11269,32282.0,8B41C570-8FB4-453E-B4C6-A45E9968D4D0,15.000750000683592,Aleksoto sen.,491920.7975308333,6084434.660006409,4.999879561218279e-05
74179846701235563,Kauno m.,17.0,2001.0,1,ambiguous,citywide,12896,7495.0,20E3F8ED-B037-4A40-9933-B4B5DFBA6909,17.000950002374314,Aleksoto sen.,495416.22617561574,6080355.553315051,5.588093123831683e-05
748430028148412,Kauno m.,10.0,1988.0,1,ambiguous,citywide,6494,3192.0,1E9685FE-87AF-4400-866F-38F9F4075B25,12.001999996529893,Šilainių sen.,492618.23000000004,6090486.250000001,0.182488209284148
74411956942744564,Kauno m.,54.0,1984.0,1,ambiguous,citywide,32384,64832.0,4642f846-cacf-42bb-894d-9ce6b0d54941,54.00028103423108,Šilainių sen.,487337.325919872,6089093.208240566,5.204324069918442e-06
74987391530709893,Kauno m.,25.0,1975.0,1,ambiguous,citywide,18210,29207.0,0A56472F-66B2-41A7-B47B-01701314B5D5,25.00039999837093,Gričiupio sen.,497989.3960000001,6085158.809300002,1.5999806839861463e-05
75525035963936768,Dainavos sen.,107.16,1970.0,1,ambiguous,district,500,56991.0,f587be0d-6e47-49c9-bc10-9f371e6e4729,107.14536275325892,Dainavos sen.,499516.6590500001,6087491.052549999,0.0001366017777231221
74935141761557383,Kauno m.,3.0,1979.0,1,no_match,citywide,0,,,,,,,
74884136481777067,Kauno m.,25.0,1960.0,1,ambiguous,citywide,18210,29207.0,0A56472F-66B2-41A7-B47B-01701314B5D5,25.00039999837093,Gričiupio sen.,497989.3960000001,6085158.809300002,1.5999806839861463e-05
6479643220627325,Kauno m.,81.0,2023.0,1,ambiguous,citywide,39803,66033.0,3ad227e0-9889-4b75-b6ca-ad62dd339fd4,80.99984627571887,Šilainių sen.,490177.06605,6088154.659649999,1.8978324325402696e-06
74492193399871232,Kauno m.,4.0,1947.0,1,no_match,citywide,0,,,,,,,
64708384587553611,Kauno m.,43.0,2019.0,1,ambiguous,citywide,27002,35176.0,D2DFDF38-46A4-464C-9014-D1132BA28EBA,43.00166006778807,Petrašiūnų sen.,501204.9332000003,6084448.050349999,3.860548242862194e-05
74456745759918383,Kauno m.,29.0,1938.0,1,ambiguous,citywide,20122,61155.0,bae057a1-5e7d-4f8f-b6b2-7c2cf51afab8,28.999892065010798,Šilainių sen.,494649.80932389677,6090974.922940333,3.721903105713409e-06
64862766779922865,Kauno m.,90.0,2022.0,3,ambiguous,citywide,40704,65135.0,91938f2b-b453-4451-b536-62051dacc441,90.00005543014159,Šilainių sen.,488836.84422253247,6090123.57778894,6.158902721153936e-07
75617093527783411,Aleksoto sen.,64.24,1958.0,1,ambiguous,district,6899,14531.0,60831ABA-9A94-4D67-97D6-75FC19800C22,64.23569472680461,Aleksoto sen.,491992.98962916184,6080335.24463175,6.702081986986741e-05
74290798960119517,Aleksoto sen.,18.0,1969.0,1,ambiguous,district,2207,63271.0,af9e6fdc-5fb8-440e-b3bd-1e3834819a70,17.99882247736436,Aleksoto sen.,494741.91418689664,6081466.650599822,6.54200640477498e-05
75635069313467723,Petrašiūnų sen.,1417.0,1968.0,4,ambiguous,district,460,8129.0,D30D8A62-48BF-4CD3-B65A-A72953019AB8,1417.2434500257925,Petrašiūnų sen.,500667.17309458985,6085522.135141132,0.00017179189486249413
65098430999258633,Panemunės sen.,149.0,2022.0,1,ambiguous,district,5041,44400.0,2AFB8C03-FC66-41E8-8932-A83A485FF4DF,148.9944000004366,Panemunės sen.,497902.75579999987,6080978.475,3.7584595979467394e-05
75340594173258654,Šilainių sen.,3042.0,1992.0,1,ambiguous,district,80,14043.0,DC1F8163-DF0D-4491-8228-8B75AF1CC4EB,3008.257531808843,Šilainių sen.,492412.4856204891,6087989.6384420125,0.011154175786376896
74522656612597993,Šančių sen.,46.0,1923.0,1,ambiguous,district,2711,3392.0,CF07558A-2706-4F3D-B174-7E53839501A6,46.035600006413276,Šančių sen.,495985.17,6081553.585,0.0007736138665097592
83185106819064436,Panemunės sen.,100.0,1984.0,2,ambiguous,district,5301,56799.0,2074b3b2-3879-481d-bd77-5b5143c3196a,99.9960539979593,Panemunės sen.,497258.06259133614,6080593.838153072,3.9460798974211286e-05
64898392732259558,Šilainių sen.,260.0,2018.0,2,ambiguous,district,4165,48835.0,724e5602-2daa-4f72-b347-7e9d288833a2,259.9730448024845,Šilainių sen.,494494.9253363405,6091204.220308986,0.00010367921110177036
75667423121421079,Vilijampolės sen.,117.0,1991.0,1,ambiguous,district,4342,21845.0,8882F7B4-E580-4D5D-8E9B-7EA767ABE9E1,117.02032580136408,Vilijampolės sen.,493840.8927893919,6087391.09931326,0.00017370970957841791
75658886502543182,Petrašiūnų sen.,64.0,1935.0,1,ambiguous,district,3706,26159.0,4B45C99F-E02B-4FA8-A20F-ABBDCAFF6868,64.01016264299301,Petrašiūnų sen.,503142.8197053108,6086055.167833916,0.0001587786907624178
74294573321779217,Kauno m.,23.0,1962.0,1,ambiguous,citywide,17115,23510.0,B614982E-50C9-49D2-BD1F-20276B84190F,23.003700001622736,Vilijampolės sen.,493912.0850999998,6087234.5699,0.0001608566976387671
74656251416341884,Kauno m.,26.0,1980.0,1,ambiguous,citywide,18729,30248.0,0E85D2CF-C288-45B7-B007-683BF429F192,25.999763854411132,Vilijampolės sen.,492539.84290740883,6085427.240912551,9.0825638952019e-06
74450323298342072,Kauno m.,24.0,1993.0,1,ambiguous,citywide,17670,12815.0,E8EABD14-F888-422C-ABA7-C5C8CCEC5C25,24.000599999125676,Šančių sen.,496818.5500000001,6081148.900000001,2.4999651075940932e-05
7445884655309272,Kauno m.,41.0,1984.0,1,ambiguous,citywide,26058,61044.0,9f1bcbe7-7777-4a80-b47c-63f8305ae147,40.99718746622927,Šilainių sen.,489915.4371500001,6087957.446799999,6.86007376287101e-05
74461655079200245,Kauno m.,22.0,1981.0,1,ambiguous,citywide,16561,54794.0,602187e6-288e-4b60-a8c1-e118443d91d0,21.998916665486203,Vilijampolės sen.,491043.35404556396,6086148.481079037,4.9243690350753155e-05
74687187516375139,Kauno m.,23.0,1930.0,1,ambiguous,citywide,17115,23510.0,B614982E-50C9-49D2-BD1F-20276B84190F,23.003700001622736,Vilijampolės sen.,493912.0850999998,6087234.5699,0.0001608566976387671
74570216396033936,Kauno m.,58.0,1976.0,1,ambiguous,citywide,33853,41842.0,1523FB7E-71C7-44BF-8100-8D0DDEAD2F0B,58.00164999646638,Aleksoto sen.,491424.6507097699,6084562.346095046,2.8447810294984777e-05
74952419794280925,Kauno m.,12.0,1964.0,1,ambiguous,citywide,8594,3192.0,1E9685FE-87AF-4400-866F-38F9F4075B25,12.001999996529893,Šilainių sen.,492618.23000000004,6090486.250000001,0.00016665249019354178
65144656138968096,Žaliakalnio sen.,139.0,2016.0,2,ambiguous,district,4438,35132.0,D8E37F69-29A6-4936-8050-9C6B664C3066,139.0159325817346,Žaliakalnio sen.,496014.4723208407,6087111.341705889,0.00011461632147558021
75030642361556321,Kauno m.,52.0,1940.0,1,ambiguous,citywide,31562,40433.0,9B00ABBD-786B-4D0E-B68F-AF907456F362,52.00089999741726,Panemunės sen.,498972.8616937943,6079406.447299824,1.7307492863771756e-05
74997942247633134,Kauno m.,6.0,1994.0,1,ambiguous,citywide,1255,3192.0,1E9685FE-87AF-4400-866F-38F9F4075B25,12.001999996529893,Šilainių sen.,492618.23000000004,6090486.250000001,0.6933138330501389
75033147247926535,Šančių sen.,2297.0,1917.0,2,ambiguous,district,85,11955.0,29437248-5B9E-4DDD-AB67-0AA462FC78E2,2249.4198999752452,Šančių sen.,496999.2192907365,6081746.843691428,0.020931562965722073
74487844021736416,Kauno m.,13.0,1979.0,0,ambiguous,citywide,9555,35456.0,3BA4D5F7-5D94-4C59-A9F0-989F391DA4E6,13.001844835072216,Šančių sen.,496448.3977335273,6083813.975750751,0.0001419003218434689
65167346298716441,Kauno m.,33.0,2010.0,1,ambiguous,citywide,21974,5827.0,2919B7C4-75EB-499B-9E0A-49AE80F70E12,33.00240000490323,Žaliakalnio sen.,494503.0350000001,6085593.42,7.272477679931555e-05
75629016679011091,Šilainių sen.,74.0,1954.0,1,ambiguous,district,6697,51449.0,e440ec91-c55e-44e1-bd6a-933ecfb7f28d,73.99481597927792,Šilainių sen.,488594.9472442707,6089277.214274089,7.005678800187098e-05
74104964164349557,Petrašiūnų sen.,77.0,2003.0,1,ambiguous,district,3727,29713.0,84F112D8-74B0-478E-BC25-3E695FC0824B,76.99363460023896,Petrašiūnų sen.,504769.7596509808,6086959.389726306,8.267094651248641e-05
64897840084793934,Kauno m.,121.0,1929.0,2,ambiguous,citywide,39921,54544.0,6e83166b-38b4-4929-a6cf-1bb519a48224,121.00045196320258,Šilainių sen.,493266.5984,6087491.189,3.7352261026413203e-06
81016067684738041,Panemunės sen.,165.0,2008.0,1,ambiguous,district,4795,6395.0,1C42EA3B-3978-484D-BD32-14AF5DEB35A5,164.99039998831265,Panemunės sen.,496086.94696617714,6077664.537914449,5.818358164599857e-05
65069327213523778,Šilainių sen.,53.0,2015.0,2,ambiguous,district,5442,27974.0,7E6E017A-A196-4E32-ABE5-9B385FF6E076,53.00646034218294,Šilainių sen.,492647.36673442606,6086578.498076526,0.00012188582035621565
7424978762406563,Kauno m.,27.0,1982.0,1,ambiguous,citywide,19219,8089.0,00F782A1-B0D3-4C33-BBDC-F90B7180B226,26.998350001438148,Panemunės sen.,496870.9255026141,6077850.352718684,6.111292520305511e-05
75661623805243772,Žaliakalnio sen.,1815.0,1972.0,2,ambiguous,district,115,27353.0,85F5BABE-158E-4660-97D4-016F423CE6BF,1839.2893999756448,Žaliakalnio sen.,495833.79614093166,6086206.779602305,0.013293833645918518
74452974714865575,Kauno m.,39.0,1963.0,1,ambiguous,citywide,25058,54907.0,2986dd97-534c-46d5-8e66-387de25a99ae,39.00176693465833,Vilijampolės sen.,491702.9259369278,6086410.390419007,4.5304990593741934e-05
97299876333711538,Petrašiūnų sen.,118.0,2008.0,1,ambiguous,district,3316,22051.0,F830685C-2367-4D44-A049-9EE00E43391B,118.04247060928552,Petrašiūnų sen.,500597.49084681226,6084181.860315325,0.0003598556618573667
75689069032367898,Žaliakalnio sen.,157.0,1925.0,2,ambiguous,district,4192,58707.0,81878cee-95fc-4c91-9d08-6f5ebef4597b,156.99535736754933,Žaliakalnio sen.,495193.99410727,6085178.14986353,2.9571344557055568e-05
74921578343428108,Kauno m.,32.1,1966.0,1,ambiguous,citywide,21566,29367.0,6F8C9F7A-1120-4E76-A036-D5BE49906DC7,32.09994792832199,Petrašiūnų sen.,501064.7688500001,6085396.887549999,1.6221719705278304e-06
7444567433648068,Kauno m.,21.0,1956.0,1,ambiguous,citywide,15889,28359.0,7954F990-38CB-4317-9E88-38DC85F535ED,21.000499999102203,Vilijampolės sen.,492868.10720000026,6086517.1454,2.3809197616131428e-05
74259579946698587,Kauno m.,1.0,1970.0,1,no_match,citywide,0,,,,,,,
64926576997051968,Vilijampolės sen.,56.0,2019.0,2,ambiguous,district,4107,28447.0,7E49BCCF-DFA8-47BA-A6E0-73F1E151959C,55.98519746826795,Vilijampolės sen.,491476.02945000003,6086177.051199999,0.0002643658653633807
74249042359124551,Šilainių sen.,36.0,1973.0,1,ambiguous,district,3834,26402.0,4FC6FD20-2FAC-4BE1-B93C-671524692BAB,35.98399999259412,Šilainių sen.,490614.1178000001,6087648.2917,0.0004445434449604768
75005440126711884,Kauno m.,52.0,1978.0,1,ambiguous,citywide,31562,40433.0,9B00ABBD-786B-4D0E-B68F-AF907456F362,52.00089999741726,Panemunės sen.,498972.8616937943,6079406.447299824,1.7307492863771756e-05
75579821474769437,Eigulių sen.,1089.0,1964.0,3,ambiguous,district,354,7045.0,AA4F9905-B97E-4D1E-8AA2-714FE2B1D041,1089.9619804709223,Eigulių sen.,497731.04699438176,6088459.451165465,0.0008829713799904937
827395006619384,Vilijampolės sen.,148.0,2005.0,1,ambiguous,district,3850,41847.0,0F05D495-0871-4829-BA6F-2C1407FF2AAD,148.01708064023575,Vilijampolės sen.,493268.1292150084,6086841.709265311,0.00011540307213220302
75633827422918201,Aleksoto sen.,84.0,1951.0,1,ambiguous,district,7964,43055.0,CE57F1DE-4F71-4727-A120-7AAB688747FD,83.98371216802298,Aleksoto sen.,491970.70955049014,6080965.531233379,0.00019392156320208187
74258114523481966,Kauno m.,16.0,1970.0,1,ambiguous,citywide,12108,36148.0,42D62C8E-7585-4040-B6DD-350FA71FAB0F,16.0,Šančių sen.,496992.37090000045,6082192.865499999,0.0
75607990754213053,Panemunės sen.,105.0,1960.0,1,ambiguous,district,5338,17059.0,2C2237DC-606B-4FDD-BE0C-BDABCC39A7A7,104.99939999992436,Panemunės sen.,498090.35622579046,6081529.233020257,5.714302760750911e-06
65155126074191952,Aleksoto sen.,206.0,2021.0,1,ambiguous,district,5519,12094.0,5DDE0B16-0797-4B7D-8C38-6EF6C7F947DD,205.98360584511752,Aleksoto sen.,491711.8116000002,6080306.146250001,7.958644304562057e-05
7427352101001912,Kauno m.,29.0,1979.0,1,ambiguous,citywide,20122,61155.0,bae057a1-5e7d-4f8f-b6b2-7c2cf51afab8,28.999892065010798,Šilainių sen.,494649.80932389677,6090974.922940333,3.721903105713409e-06
7566149759068648,Aleksoto sen.,120.0,1935.0,1,ambiguous,district,7945,46677.0,4586090F-3F1D-4DC1-81AD-3828EBDF30BF,120.00106275869405,Aleksoto sen.,491429.28258555033,6081371.242654268,8.856283233882323e-06
74450108654055089,Kauno m.,13.0,1977.0,1,ambiguous,citywide,9555,35456.0,3BA4D5F7-5D94-4C59-A9F0-989F391DA4E6,13.001844835072216,Šančių sen.,496448.3977335273,6083813.975750751,0.0001419003218434689
75239983428311064,Šilainių sen.,694.0,1938.0,2,ambiguous,district,573,18098.0,E54B15C8-3F56-45A8-848F-8800D1001B2A,692.6700000182772,Šilainių sen.,493506.4899999997,6090625.525,0.0019182651813967055
65133481381579539,Žaliakalnio sen.,1776.0,2012.0,2,ambiguous,district,116,23878.0,5FB932F0-C836-43C3-9349-D8012E060039,1782.515509639185,Žaliakalnio sen.,495017.65272101224,6087169.514626165,0.0036619297583326826
7503188678199714,Aleksoto sen.,866.0,1939.0,1,ambiguous,district,305,62660.0,1489c888-fea3-458f-8c83-8b55c415903c,866.9266380431625,Aleksoto sen.,491797.1141336017,6081585.861612749,0.0010694487708109435
745337630632006,Kauno m.,72.0,1965.0,1,ambiguous,citywide,38109,42510.0,6F921728-74D7-424F-9B75-C7794E25B8F1,72.00204828508265,Aleksoto sen.,493009.88485,6080685.073799999,2.844799927714803e-05
6519887845170666,Kauno m.,25.0,1991.0,0,ambiguous,citywide,18210,29207.0,0A56472F-66B2-41A7-B47B-01701314B5D5,25.00039999837093,Gričiupio sen.,497989.3960000001,6085158.809300002,1.5999806839861463e-05
75622489323648054,Vilijampolės sen.,124.0,1956.0,1,ambiguous,district,4253,28032.0,187B5A7E-BE81-4304-BAAE-18A62BAB9BA0,123.99972570268179,Vilijampolės sen.,492481.7122426708,6086201.686349764,2.2120775939882265e-06
75182020593832832,Aleksoto sen.,118.0,1979.0,1,ambiguous,district,7964,31806.0,2F06A091-8A3E-4E6D-8F01-35BDB0E0EBE9,117.98352175946067,Aleksoto sen.,491891.5844927761,6084434.777270552,0.00013965585769160072
74281824508809172,Kauno m.,4.0,1930.0,0,no_match,citywide,0,,,,,,,
74998636713709363,Kauno m.,40.0,1970.0,1,ambiguous,citywide,25535,512.0,2119E511-AA18-4FFF-AE06-1B9C823F8464,39.99623781162094,Vilijampolės sen.,494215.36519710184,6088381.179617149,9.405913289795009e-05
74284617940545042,Kauno m.,17.0,1955.0,1,ambiguous,citywide,12896,7495.0,20E3F8ED-B037-4A40-9933-B4B5DFBA6909,17.000950002374314,Aleksoto sen.,495416.22617561574,6080355.553315051,5.588093123831683e-05
74447059462362103,Kauno m.,33.0,1965.0,1,ambiguous,citywide,21974,5827.0,2919B7C4-75EB-499B-9E0A-49AE80F70E12,33.00240000490323,Žaliakalnio sen.,494503.0350000001,6085593.42,7.272477679931555e-05
74544519127169251,Kauno m.,29.14,1990.0,1,ambiguous,citywide,20172,41401.0,DB2DD147-CA62-4FC5-8B2B-B32C2275FF4E,29.138504762580915,Petrašiūnų sen.,500340.2382539976,6084481.9766570665,5.1313513464545935e-05
64935807183784458,Petrašiūnų sen.,130.0,2019.0,2,ambiguous,district,3185,28763.0,713A7AE2-3151-4288-BA27-4FBC51711B37,130.01138922650924,Petrašiūnų sen.,501324.9586039915,6085405.126851224,8.76055972041101e-05
74833294026503488,Kauno m.,24.3,1979.0,1,ambiguous,citywide,17793,23480.0,EBD81CBA-90C8-4999-AFA4-B3FFC31261A8,24.300485156677077,Šilainių sen.,492348.8544499998,6088593.887699999,1.996509604929031e-05
74426946766897095,Gričiupio sen.,24.0,1959.0,1,ambiguous,district,506,29319.0,671AD3E0-8041-4627-8E4C-93366EF4B7D1,24.02224305454974,Gričiupio sen.,497446.0174323909,6085742.176545872,0.0009263647312405254
64868242432875034,Kauno m.,88.0,2019.0,2,ambiguous,citywide,40553,7029.0,610A1701-E456-4DF8-9019-FA34E23E237C,88.00154999243355,Eigulių sen.,495153.2062933665,6088582.558235872,1.761339526407113e-05
65098251161794116,Petrašiūnų sen.,90.0,2013.0,1,ambiguous,district,3593,31460.0,CBE72263-9089-4AF3-AB22-F89DDF40E5AB,90.00410637185094,Petrašiūnų sen.,500276.5313000001,6086394.488999998,4.562531304852513e-05
75346104949460979,Aleksoto sen.,188.0,1993.0,1,ambiguous,district,6032,33528.0,C51DE379-A866-4BDA-B0F3-CB1367D53B96,187.99679999303706,Aleksoto sen.,491736.8786000003,6084481.867099999,1.7021458496913056e-05
75676102293211756,Žaliakalnio sen.,161.0,2002.0,1,ambiguous,district,4106,20652.0,419E76B0-96F5-47DF-B882-93266333785A,161.0476500135068,Žaliakalnio sen.,495611.0106107459,6085100.718729927,0.0002959190284572699
64925914066946644,Žaliakalnio sen.,173.0,2023.0,2,ambiguous,district,3898,11097.0,EB0F1FE9-B0FF-45D6-AAAB-87C8EC4560BE,173.001000014456,Žaliakalnio sen.,495478.7049999995,6086001.669999999,5.7804136748274004e-06
74953334252719384,Aleksoto sen.,19.0,1933.0,1,ambiguous,district,2321,52322.0,8ab5546a-39b4-41a8-b77e-42f74f84fc25,18.996519219024705,Aleksoto sen.,492339.12580000027,6080350.2704,0.00018321578168567498
74880095442948422,Kauno m.,10.0,1970.0,0,ambiguous,citywide,6494,3192.0,1E9685FE-87AF-4400-866F-38F9F4075B25,12.001999996529893,Šilainių sen.,492618.23000000004,6090486.250000001,0.182488209284148
74451853677827917,Kauno m.,10.0,1981.0,1,ambiguous,citywide,6494,3192.0,1E9685FE-87AF-4400-866F-38F9F4075B25,12.001999996529893,Šilainių sen.,492618.23000000004,6090486.250000001,0.182488209284148
75395637937080304,Eigulių sen.,588.29,1985.0,5,ambiguous,district,624,60501.0,086abd0b-7d8a-445e-a683-456236489d85,588.2671529279611,Eigulių sen.,496724.78900173306,6087860.867556169,3.8837164832550286e-05
65307419553345694,Eigulių sen.,186.0,2009.0,1,ambiguous,district,697,1845.0,CF4BEBBE-680B-46C9-AB80-BD43E025D277,185.95974998987373,Eigulių sen.,497219.9838638155,6087455.556600119,0.00021642132131027836
74465392005145681,Kauno m.,13.0,1960.0,1,ambiguous,citywide,9555,35456.0,3BA4D5F7-5D94-4C59-A9F0-989F391DA4E6,13.001844835072216,Šančių sen.,496448.3977335273,6083813.975750751,0.0001419003218434689
7498486755936136,Kauno m.,32.0,1961.0,0,ambiguous,citywide,21525,28850.0,F9939F46-5896-456D-8FF8-83FA4EBC29E8,31.996313406877867,Žaliakalnio sen.,496262.0398589024,6087029.177061065,0.00011521267179182004
74447970654185708,Kauno m.,12.0,1961.0,1,ambiguous,citywide,8594,3192.0,1E9685FE-87AF-4400-866F-38F9F4075B25,12.001999996529893,Šilainių sen.,492618.23000000004,6090486.250000001,0.00016665249019354178
75338105225275981,Šilainių sen.,186.0,2020.0,2,ambiguous,district,5931,15122.0,77460FA8-28ED-472D-BB9C-9088D6F02ACF,186.02035001239423,Šilainių sen.,488846.95475795324,6087889.136899232,0.00010940268409420639
65198877521307722,Kauno m.,50.0,1991.0,0,ambiguous,citywide,30622,53247.0,a27e4b68-3b55-4f18-b271-1f343af0ce60,50.00029855039059,Šilainių sen.,491810.95530000003,6086831.844749999,5.9709899855597826e-06
75220011818307883,Aleksoto sen.,79.0,1962.0,1,ambiguous,district,7781,47947.0,A7985B2C-44C4-4C57-9D42-E8BA23DD9815,78.99417738118079,Aleksoto sen.,492057.6834397895,6084308.064525531,7.370675196227694e-05
75705818791116805,Šančių sen.,427.0,1900.0,1,ambiguous,district,614,56599.0,48a93f8a-d1b4-498f-8a03-55b10520d570,427.46811624295293,Šančių sen.,496699.2367056233,6080944.294484767,0.001095690478993383
74445812042731915,Kauno m.,28.0,1975.0,1,ambiguous,citywide,19655,64435.0,b8b3c45b-50c8-439c-a780-10936b21dc7b,27.999818957143066,Eigulių sen.,496841.2465692256,6087032.037176935,6.465837222524584e-06
75226564815113708,Panemunės sen.,132.0,1958.0,1,ambiguous,district,5230,27733.0,0164FEEF-E009-46DC-A9FF-CF5D48F71909,131.99759998895934,Panemunės sen.,501853.1883999999,6078948.099800001,1.8182067115901646e-05
7536947131871502,Vilijampolės sen.,908.0,1988.0,1,ambiguous,district,371,55139.0,bc82be57-4a23-47c5-94da-1bc88eed40a0,908.356580149517,Vilijampolės sen.,493692.1290561994,6086872.517475867,0.00039263232560671213
93699892625222728,Petrašiūnų sen.,15.0,1975.0,1,ambiguous,district,2093,29576.0,C3508C2B-E0EE-4453-B6FC-3E4F16535072,14.996402098255855,Petrašiūnų sen.,500936.5730000003,6085321.47435,0.00023988888731496516
75707670938445173,Žaliakalnio sen.,64.0,1932.0,1,ambiguous,district,4125,21161.0,28E91BB5-BB5B-400F-8F81-8CFD537BCAF5,63.96785000833832,Žaliakalnio sen.,495034.262405896,6085288.25075115,0.0005024698365412306
65342561827508167,Šančių sen.,31.0,2007.0,1,ambiguous,district,2060,45911.0,6E31880D-E88E-4AF3-8829-1F4994364E9D,31.006343113543707,Šančių sen.,495596.56212138734,6081155.292038303,0.00020459563481178833
74467975322291532,Kauno m.,20.0,1975.0,1,ambiguous,citywide,15162,42659.0,62E3BCEC-CF1A-411E-BD41-7C2CD1C41A70,20.000999999978582,Aleksoto sen.,493055.17640744965,6080852.427823423,4.9998748970825346e-05
75640573534733704,Kauno m.,1726.0,1983.0,1,ambiguous,citywide,1796,42364.0,0043C78E-15AB-45D6-88E9-A2A4F00289F3,1726.3012500001023,Petrašiūnų sen.,503784.76138438337,6087722.920604423,0.00017452127091566183
74221815493026658,Aleksoto sen.,62.0,1988.0,1,ambiguous,district,6733,1318.0,3D47569B-38F5-4932-8296-79037D5AE3E9,61.99520000108071,Aleksoto sen.,494232.47337452206,6082138.768674023,7.742233443952529e-05
75583788016441958,Vilijampolės sen.,1104.0,1964.0,5,ambiguous,district,316,22596.0,8D7D86E7-1CEA-46E5-85B1-DD104B17A711,1105.075524428616,Vilijampolės sen.,488436.5514757461,6087364.199306826,0.0009737326784016176
74456848310799406,Kauno m.,19.0,1960.0,1,ambiguous,citywide,14402,25601.0,06EC2A22-2355-40BE-BB99-EE0F7A2F6ECF,19.0,Petrašiūnų sen.,501135.92420000024,6084766.5735,0.0
75709435336225719,Centro sen.,70.0,1920.0,3,ambiguous,district,1200,56086.0,dce8155f-176f-4e12-a950-c8c68b218c58,69.99684874908081,Centro sen.,493392.55692181556,6084810.247953997,4.501888360941564e-05
74594449390984557,Kauno m.,40.0,1999.0,1,ambiguous,citywide,25535,512.0,2119E511-AA18-4FFF-AE06-1B9C823F8464,39.99623781162094,Vilijampolės sen.,494215.36519710184,6088381.179617149,9.405913289795009e-05
74476815806637536,Kauno m.,19.0,1984.0,1,ambiguous,citywide,14402,25601.0,06EC2A22-2355-40BE-BB99-EE0F7A2F6ECF,19.0,Petrašiūnų sen.,501135.92420000024,6084766.5735,0.0
7491118312786639,Kauno m.,7.0,1989.0,1,ambiguous,citywide,2461,3192.0,1E9685FE-87AF-4400-866F-38F9F4075B25,12.001999996529893,Šilainių sen.,492618.23000000004,6090486.250000001,0.5391631532228807
7446175379476265,Kauno m.,22.0,1975.0,1,ambiguous,citywide,16561,54794.0,602187e6-288e-4b60-a8c1-e118443d91d0,21.998916665486203,Vilijampolės sen.,491043.35404556396,6086148.481079037,4.9243690350753155e-05
75091478663539143,Petrašiūnų sen.,689.0,1973.0,1,ambiguous,district,770,35968.0,997F94A3-29B1-4BE5-8A11-B36C1B6BE64D,689.1416499967085,Petrašiūnų sen.,499491.3708983442,6084235.241701843,0.00020556667336446566
64929916804162768,Šilainių sen.,53.0,2010.0,2,ambiguous,district,5442,27974.0,7E6E017A-A196-4E32-ABE5-9B385FF6E076,53.00646034218294,Šilainių sen.,492647.36673442606,6086578.498076526,0.00012188582035621565
65107941029184491,Šilainių sen.,13.0,2012.0,1,ambiguous,district,1249,39000.0,3B812615-B846-43B9-80DE-6249005BD893,13.026706606301985,Šilainių sen.,492167.9834000001,6086672.6576499995,0.0020522470306643115
75438711921012397,Aleksoto sen.,149.0,1979.0,1,ambiguous,district,7337,49725.0,8898DEBD-7020-4603-B520-0798E2CA1BFE,148.9924196219034,Aleksoto sen.,491798.5230210726,6079272.265936753,5.087631496003553e-05
75690154923826636,Žaliakalnio sen.,70.0,1938.0,1,ambiguous,district,4353,14677.0,0E21061B-A2DC-445F-85D7-A2797111D0B1,69.95759999885932,Žaliakalnio sen.,495685.5,6087412.100000001,0.0006058978210283783
74253715514282614,Kauno m.,20.0,1986.0,1,ambiguous,citywide,15162,42659.0,62E3BCEC-CF1A-411E-BD41-7C2CD1C41A70,20.000999999978582,Aleksoto sen.,493055.17640744965,6080852.427823423,4.9998748970825346e-05
74398481022055832,Kauno m.,20.0,1951.0,1,ambiguous,citywide,15162,42659.0,62E3BCEC-CF1A-411E-BD41-7C2CD1C41A70,20.000999999978582,Aleksoto sen.,493055.17640744965,6080852.427823423,4.9998748970825346e-05
7501771624096075,Kauno m.,8.0,1968.0,1,ambiguous,citywide,3969,3192.0,1E9685FE-87AF-4400-866F-38F9F4075B25,12.001999996529893,Šilainių sen.,492618.23000000004,6090486.250000001,0.40563176059835815
75569828003656331,Vilijampolės sen.,78.0,1965.0,1,ambiguous,district,4549,24351.0,2B3C02D4-1B62-4F0B-BA62-68F16D5B243F,77.988850005956,Vilijampolės sen.,493995.2308074198,6087105.115060784,0.0001429588597208209
7416319022159347,Petrašiūnų sen.,67.0,1982.0,1,ambiguous,district,3701,22950.0,4E5E02AD-E1E5-4FBE-A460-6B7437B2FD52,67.0006499978289,Petrašiūnų sen.,503422.17023163685,6085837.65575539,9.70141307465866e-06
74114918261336565,Šilainių sen.,160.0,2007.0,2,ambiguous,district,6605,1256.0,99649F90-1717-47E6-84BF-1A529C813E3A,160.01490001099873,Šilainių sen.,488032.60462489765,6088160.110148086,9.312073287226497e-05
75630641019026709,Šančių sen.,105.0,1953.0,1,ambiguous,district,3505,44859.0,DA90EF5E-B884-4C63-BABF-CC2D46212E33,104.89112093985993,Šančių sen.,496886.7452679762,6081774.928758049,0.0010374814276907784
64993655982128001,Petrašiūnų sen.,7.0,2005.0,1,ambiguous,district,547,63367.0,7b402a4a-7a69-41ae-872e-2c83d4068505,12.005064959110705,Petrašiūnų sen.,500558.57195000025,6084867.532099999,0.5394184916079039
74442822809414624,Kauno m.,38.0,1985.0,1,ambiguous,citywide,24483,47285.0,e8a10eaa-5c92-49ae-9103-251bf906b46a,38.00377657364652,Vilijampolės sen.,493546.3028499998,6086931.695050001,9.937857879904755e-05
750283494916692,Kauno m.,138.6,1997.0,1,ambiguous,citywide,38338,12286.0,24A0CECF-0DA8-42C4-AAFA-D2CA5C89F944,138.59825000128893,Aleksoto sen.,493966.10217530414,6080226.701008184,1.262633303866778e-05
75630871287101262,Aleksoto sen.,85.0,1952.0,1,ambiguous,district,7992,6322.0,F93CDF99-8350-4EBD-9781-1CB522CE6BE4,84.98394645067646,Aleksoto sen.,491540.2256883347,6081472.313886299,0.00018888312345399783
75688973154553044,Kauno m.,67.0,1955.0,1,ambiguous,citywide,36852,22950.0,4E5E02AD-E1E5-4FBE-A460-6B7437B2FD52,67.0006499978289,Petrašiūnų sen.,503422.17023163685,6085837.65575539,9.70141307465866e-06
75629067830533983,Aleksoto sen.,51.0,1954.0,1,ambiguous,district,5811,64275.0,657973f9-4a1d-4c5d-bae4-4b77d02c5526,50.98881004950103,Aleksoto sen.,490054.98670231964,6079844.119767098,0.00021943486816722313
74944145239008039,Kauno m.,262.0,1985.0,1,ambiguous,citywide,21747,49737.0,003efe00-b9cb-470e-ae8f-a68c0974eb4b,261.99446994039226,Aleksoto sen.,493711.0958601619,6079982.548992227,2.110732049676045e-05
7500187451642254,Kauno m.,7.0,1930.0,1,ambiguous,citywide,2461,3192.0,1E9685FE-87AF-4400-866F-38F9F4075B25,12.001999996529893,Šilainių sen.,492618.23000000004,6090486.250000001,0.5391631532228807
74486845199319682,Kauno m.,24.0,1978.0,1,ambiguous,citywide,17670,12815.0,E8EABD14-F888-422C-ABA7-C5C8CCEC5C25,24.000599999125676,Šančių sen.,496818.5500000001,6081148.900000001,2.4999651075940932e-05
74146370253875452,Kauno m.,9.0,2002.0,1,ambiguous,citywide,5299,3192.0,1E9685FE-87AF-4400-866F-38F9F4075B25,12.001999996529893,Šilainių sen.,492618.23000000004,6090486.250000001,0.28784872494197433
74102753576164013,Petrašiūnų sen.,44.0,1958.0,1,ambiguous,district,3468,20081.0,DF4EA9EA-1253-4001-9662-8E4282893FB4,44.006983225331076,Petrašiūnų sen.,500493.4114668848,6084827.690196911,0.00015869707356896967
65112144665232255,Aleksoto sen.,188.0,2015.0,2,ambiguous,district,6032,33528.0,C51DE379-A866-4BDA-B0F3-CB1367D53B96,187.99679999303706,Aleksoto sen.,491736.8786000003,6084481.867099999,1.7021458496913056e-05
74286940505236793,Kauno m.,23.0,1960.0,1,ambiguous,citywide,17115,23510.0,B614982E-50C9-49D2-BD1F-20276B84190F,23.003700001622736,Vilijampolės sen.,493912.0850999998,6087234.5699,0.0001608566976387671
7557903718051838,Šilainių sen.,132.0,2008.0,1,ambiguous,district,7131,51781.0,6cb8967c-f8a3-47e2-863f-b858a5164878,131.97990748926404,Šilainių sen.,489397.16860896256,6088925.269946387,0.00015222757645361185
75015387482894644,Kauno m.,42.0,1970.0,1,ambiguous,citywide,26550,6596.0,DBE3FC5B-9F53-4252-8AFB-10AB81624EF3,42.000799998725576,Aleksoto sen.,490622.12500000006,6080355.694999998,1.9047407301187036e-05
74284285974106981,Kauno m.,15.0,1958.0,1,ambiguous,citywide,11269,32282.0,8B41C570-8FB4-453E-B4C6-A45E9968D4D0,15.000750000683592,Aleksoto sen.,491920.7975308333,6084434.660006409,4.999879561218279e-05
64904708886979634,Kauno m.,53.0,2024.0,1,ambiguous,citywide,31970,24762.0,AF857F01-A02A-405E-BE3C-A6626B3D8168,52.99909993728964,Žaliakalnio sen.,495607.0272298793,6086424.393855643,1.6982459491110546e-05
74232554502963552,Kauno m.,6.0,1977.0,1,ambiguous,citywide,1255,3192.0,1E9685FE-87AF-4400-866F-38F9F4075B25,12.001999996529893,Šilainių sen.,492618.23000000004,6090486.250000001,0.6933138330501389
7421454988229742,Kauno m.,18.0,1972.0,1,ambiguous,citywide,13645,12810.0,E5470CB3-C0D5-46A3-9ABF-28319CADAD23,18.000599997430665,Panemunės sen.,499372.8338694433,6080718.06656832,3.333263505433948e-05
75514974435714838,Žaliakalnio sen.,139.0,1970.0,1,ambiguous,district,4438,35132.0,D8E37F69-29A6-4936-8050-9C6B664C3066,139.0159325817346,Žaliakalnio sen.,496014.4723208407,6087111.341705889,0.00011461632147558021
74631800291478798,Kauno m.,21.0,1982.0,1,ambiguous,citywide,15889,28359.0,7954F990-38CB-4317-9E88-38DC85F535ED,21.000499999102203,Vilijampolės sen.,492868.10720000026,6086517.1454,2.3809197616131428e-05
75550401618168422,Gričiupio sen.,20.0,1967.0,1,ambiguous,district,439,57606.0,236b314a-d50c-4cae-9574-a84fb30d3a50,20.04572480833325,Gričiupio sen.,498050.8010500002,6085588.67575,0.002283630945536519
64882821124823631,Kauno m.,1107.0,2023.0,2,ambiguous,citywide,3348,32705.0,001557FE-55B6-4ED4-841B-639CEBEC283F,1107.1884530270092,Eigulių sen.,496382.2307185392,6087500.8137621805,0.00017022311466430295
7444409888732352,Kauno m.,29.0,1978.0,1,ambiguous,citywide,20122,61155.0,bae057a1-5e7d-4f8f-b6b2-7c2cf51afab8,28.999892065010798,Šilainių sen.,494649.80932389677,6090974.922940333,3.721903105713409e-06
75622228831612529,Petrašiūnų sen.,121.0,1956.0,1,ambiguous,district,3300,20246.0,012D5603-078E-4855-82AF-F43D9E14405E,120.99784999968632,Petrašiūnų sen.,502676.9017404749,6085666.82473754,1.7768755497193922e-05
75653306239100979,Kauno m.,17.0,1985.0,1,ambiguous,citywide,12896,7495.0,20E3F8ED-B037-4A40-9933-B4B5DFBA6909,17.000950002374314,Aleksoto sen.,495416.22617561574,6080355.553315051,5.588093123831683e-05
75638861084440595,Šančių sen.,19.0,1994.0,1,ambiguous,district,1361,11694.0,CA2AE056-E324-4762-BE8D-A0A0ABBFC6E1,18.99842545990819,Šančių sen.,495787.21875000006,6081828.4311500015,8.287396509976119e-05
75691635156822132,Kauno m.,87.0,1925.0,2,ambiguous,citywide,40483,13372.0,6672360D-D480-4DFB-A7C0-770776E2437E,87.00095476772138,Panemunės sen.,497982.44090056396,6078772.556296796,1.097428140717227e-05
74258003269226575,Kauno m.,31.0,1982.0,1,ambiguous,citywide,21068,37956.0,D74F9B33-AA42-4A40-9357-73300279589E,31.000705796529928,Vilijampolės sen.,491720.46673969046,6086516.7864471385,2.2767370819298804e-05
75566872568960233,Kauno m.,115.0,1966.0,1,ambiguous,citywide,40342,57070.0,97c73f5e-2d2f-493c-94c4-536b5b97f616,114.99686211572156,Centro sen.,493781.9607949055,6084577.273850263,2.728632251614016e-05
74127934961221276,Vilijampolės sen.,101.0,2002.0,2,ambiguous,district,4505,23401.0,53DBC236-3FDD-4C74-B974-4255B82080B0,100.99904999221471,Vilijampolės sen.,488187.06567413255,6086993.333220441,9.406061913352914e-06
7444587499558275,Aleksoto sen.,72.0,1986.0,1,ambiguous,district,7372,42510.0,6F921728-74D7-424F-9B75-C7794E25B8F1,72.00204828508265,Aleksoto sen.,493009.88485,6080685.073799999,2.844799927714803e-05
75372855120262316,Gričiupio sen.,737.0,1988.0,5,ambiguous,district,326,3407.0,5FF1671A-9854-4756-9AE1-E6C318722638,736.877050019047,Gričiupio sen.,498067.2151755711,6084584.542615009,0.00016683885706303414
75672408666678112,Šilainių sen.,126.0,1931.0,1,ambiguous,district,7221,66006.0,e366d1d0-22ec-490e-a336-7cdfe58b654b,126.00020868227458,Šilainių sen.,491815.50025000004,6087644.85475,1.6562071571968318e-06
74573000969660186,Kauno m.,7.0,1924.0,1,ambiguous,citywide,2461,3192.0,1E9685FE-87AF-4400-866F-38F9F4075B25,12.001999996529893,Šilainių sen.,492618.23000000004,6090486.250000001,0.5391631532228807
75688105162914993,Šančių sen.,229.0,1925.0,1,ambiguous,district,1910,52740.0,96cd1300-5eb8-4d1a-a5dd-843abf0e7a0f,228.88506472236173,Šančių sen.,495653.3859319024,6081017.375953209,0.0005020267700670544
75204505853846706,Panemunės sen.,95.16,1970.0,1,ambiguous,district,5259,10735.0,52DB8866-D2B5-4837-B4FE-FA178887DE85,95.1634928574438,Panemunės sen.,498751.5571169051,6079297.282926971,3.670442772740756e-05
65102070248822932,Šilainių sen.,194.0,2015.0,2,ambiguous,district,5737,21985.0,2FBD1F52-D554-4956-A4CC-4E2E469D3D95,194.0363999972552,Šilainių sen.,493425.9664000002,6089461.7496,0.00018761125173938353
64893952585632769,Šilainių sen.,245.0,2021.0,2,ambiguous,district,4468,18823.0,1263FE34-A243-4C23-97AE-C964D5DBF04E,245.0347079335793,Šilainių sen.,487168.01093056164,6089778.399566545,0.00014165500147367283
79874406434445655,Šilainių sen.,256.0,2007.0,2,ambiguous,district,4236,19582.0,AF3570D9-60FE-400D-82AB-4569A7751C59,256.01401907362896,Šilainių sen.,490525.6516532101,6089206.937790622,5.476050697961199e-05
74573110283471453,Kauno m.,56.5,1954.0,1,ambiguous,citywide,33328,24082.0,A994A85D-A892-44D1-B9D8-4E23C5E437B2,56.49972704974833,Šilainių sen.,490487.49084999994,6087757.526749999,4.830989574600153e-06
75570840509208551,Kauno m.,56.0,1964.0,1,ambiguous,citywide,33136,14071.0,0F96AE8A-F62B-4422-88C5-DA46B1EE9E33,56.00254999397211,Šančių sen.,496252.91843155964,6083642.204585592,4.5534569929728264e-05
75026619964722666,Kauno m.,19.0,1996.0,1,ambiguous,citywide,14402,25601.0,06EC2A22-2355-40BE-BB99-EE0F7A2F6ECF,19.0,Petrašiūnų sen.,501135.92420000024,6084766.5735,0.0
87147988312776994,Šilainių sen.,185.0,2007.0,2,ambiguous,district,5955,3456.0,F4E770A2-622A-46C4-99EA-0B8E1316042A,184.99276093521456,Šilainių sen.,493018.1013958966,6088028.239393282,3.9130845522095115e-05
81160731072007261,Šilainių sen.,198.0,2005.0,1,ambiguous,district,5642,47320.0,23f20080-52be-49e9-b9da-f0f46a0d680e,198.00223160350873,Šilainių sen.,489397.39290805295,6088949.88449247,1.1270661277151817e-05
74413966336477566,Kauno m.,19.0,1976.0,1,ambiguous,citywide,14402,25601.0,06EC2A22-2355-40BE-BB99-EE0F7A2F6ECF,19.0,Petrašiūnų sen.,501135.92420000024,6084766.5735,0.0
74187977710864661,Kauno m.,27.0,1935.0,1,ambiguous,citywide,19219,8089.0,00F782A1-B0D3-4C33-BBDC-F90B7180B226,26.998350001438148,Panemunės sen.,496870.9255026141,6077850.352718684,6.111292520305511e-05
7566438078663848,Aleksoto sen.,100.0,1933.0,1,ambiguous,district,8164,38966.0,91639037-57DE-4FDF-9F0C-5F53D5FB8D2E,100.00537942091916,Aleksoto sen.,493187.57578044914,6083413.707559224,5.3792762334303745e-05
75009903342849377,Kauno m.,13.0,1966.0,1,ambiguous,citywide,9555,35456.0,3BA4D5F7-5D94-4C59-A9F0-989F391DA4E6,13.001844835072216,Šančių sen.,496448.3977335273,6083813.975750751,0.0001419003218434689
75538167497867223,Dainavos sen.,874.0,1968.0,5,ambiguous,district,524,57156.0,4966f3cf-8da5-403a-8f95-283cd16cbe4e,874.0414489053124,Dainavos sen.,497737.4265973763,6087596.351673454,4.742325228779265e-05
88341028496856086,Panemunės sen.,48.0,2004.0,1,ambiguous,district,3229,8723.0,52105334-CF86-4CEA-AAD1-FFCBF3FF6486,48.0223000031475,Panemunės sen.,498237.7500000001,6078603.395000001,0.0004644755134521894
74253711746656556,Kauno m.,18.0,1977.0,1,ambiguous,citywide,13645,12810.0,E5470CB3-C0D5-46A3-9ABF-28319CADAD23,18.000599997430665,Panemunės sen.,499372.8338694433,6080718.06656832,3.333263505433948e-05
74121505902056517,Eigulių sen.,146.0,2002.0,1,ambiguous,district,745,20023.0,059871AA-E9A3-4B58-857E-F3FF64571B70,145.96704475497083,Eigulių sen.,496891.66292947286,6090804.295833356,0.00022574633515048959
75003449722515519,Kauno m.,13.0,1961.0,1,ambiguous,citywide,9555,35456.0,3BA4D5F7-5D94-4C59-A9F0-989F391DA4E6,13.001844835072216,Šančių sen.,496448.3977335273,6083813.975750751,0.0001419003218434689
75031904722100501,Aleksoto sen.,122.0,1960.0,1,ambiguous,district,7903,45885.0,4647555B-DFC7-4C08-ADA3-F85F90504CEF,122.0020499982832,Aleksoto sen.,491286.78093993216,6080405.842796071,1.680312344287671e-05
74903428614870052,Kauno m.,63.0,1998.0,1,ambiguous,citywide,35632,66119.0,f09ffdff-214b-4829-8cd2-c151a289cb32,63.00000373683122,Šilainių sen.,493820.5972292782,6089326.045856123,5.931477975451571e-08
74560173210068026,Kauno m.,7.59,1968.0,1,ambiguous,citywide,3328,3192.0,1E9685FE-87AF-4400-866F-38F9F4075B25,12.001999996529893,Šilainių sen.,492618.23000000004,6090486.250000001,0.45824171087065535
74497010692902238,Kauno m.,32.0,1937.0,1,ambiguous,citywide,21525,28850.0,F9939F46-5896-456D-8FF8-83FA4EBC29E8,31.996313406877867,Žaliakalnio sen.,496262.0398589024,6087029.177061065,0.00011521267179182004
74995941804436139,Kauno m.,24.56,1978.0,1,ambiguous,citywide,17935,49765.0,61F576A8-F6B4-49AE-8A5F-AB14426685B4,24.560019045878622,Panemunės sen.,498702.57181393553,6079138.156754989,7.754833566409047e-07
64800947133252115,Kauno m.,170.0,2023.0,1,ambiguous,citywide,34204,36775.0,5BECE06B-CA9E-4E70-90D7-638A72284677,169.99395620401398,Aleksoto sen.,493200.7609637546,6081125.920426016,3.555237307306669e-05
74706789369449023,Panemunės sen.,287.0,1998.0,1,ambiguous,district,2708,57742.0,541fc8e6-5cb6-4231-a4f8-2f4f4ec54e67,286.6044573002271,Panemunės sen.,500281.55080731533,6079366.374095685,0.001379148147941045
7443487769441047,Kauno m.,35.0,1976.0,1,ambiguous,citywide,23010,43237.0,03C2C4FA-968F-486F-AF14-6AFEC83AE024,35.00125000765081,Žaliakalnio sen.,494072.2256530612,6085760.255303067,3.57138665614265e-05
75611393254843492,Gričiupio sen.,897.07,1959.0,3,ambiguous,district,273,17931.0,139620F0-1EE6-4D99-AD75-A6E17C3F1967,901.5891143394048,Gričiupio sen.,498459.9483242157,6084727.812640193,0.005024992020497443
75023066659805598,Kauno m.,30.0,1977.0,1,ambiguous,citywide,20562,52501.0,4120f24f-00d4-43b3-953d-e33775681ef2,30.00104933864251,Aleksoto sen.,494062.8141000001,6080861.18965,3.4977343035702546e-05
74862284950331745,Kauno m.,75.0,1981.0,1,ambiguous,citywide,38786,59538.0,367cac22-e786-4f3d-bd68-f85ca1fa4a1b,74.99931672876731,Panemunės sen.,498036.76514870714,6078976.264416925,9.110324601380171e-06
75333438224670132,Eigulių sen.,157.0,1997.0,1,ambiguous,district,741,59877.0,c408e5a0-609c-4137-8655-518e3e4f07e9,156.9895099694974,Eigulių sen.,496609.7118540884,6091204.359586312,6.681771316152663e-05
74263380616249555,Kauno m.,42.0,1984.0,1,ambiguous,citywide,26550,6596.0,DBE3FC5B-9F53-4252-8AFB-10AB81624EF3,42.000799998725576,Aleksoto sen.,490622.12500000006,6080355.694999998,1.9047407301187036e-05
65073339917536971,Panemunės sen.,43.0,2004.0,1,ambiguous,district,2905,43727.0,952E582B-B743-4DBF-92F7-FA58DC986F94,42.988599993575924,Panemunės sen.,497689.1635654907,6080898.021348117,0.0002651515780396352
75696592621515721,Kauno m.,682.0,1944.0,1,ambiguous,citywide,5225,1944.0,344FF318-D00F-47F0-ACE4-ED79F2A808D4,682.1279999669204,Vilijampolės sen.,493259.33578604745,6086143.058630884,0.00018766562565808442
75547096958037144,Petrašiūnų sen.,932.0,1982.0,1,ambiguous,district,657,50997.0,81ea5f07-85fd-407b-88f9-b392dfcdbaef,929.3629302683037,Petrašiūnų sen.,499047.35460000014,6086171.72045,0.002833484489405791
65115607138210338,Šilainių sen.,120.0,2016.0,1,ambiguous,district,7284,47292.0,6befb463-9a29-4b7e-897a-34b4be80654c,120.00592722055447,Šilainių sen.,488982.6077413032,6089492.27752463,4.93922848017192e-05
74692754626216787,Petrašiūnų sen.,196.0,1976.0,1,ambiguous,district,2318,58936.0,cb87d980-f309-4b6c-87ee-53850298d2e6,195.97281904736164,Petrašiūnų sen.,502365.09969851375,6086079.385114294,0.0001386879465155033
64935091792678867,Aleksoto sen.,10.0,2006.0,1,ambiguous,district,1050,3686.0,282C79D9-04E1-45ED-A938-75CE10DBD054,12.0276000008896,Aleksoto sen.,491484.52499999997,6080874.100000001,0.18461891591660118
93234537194742673,Aleksoto sen.,106.0,2007.0,2,ambiguous,district,8104,42615.0,67AB060E-3899-494F-9134-63FE49357357,105.99840000594352,Aleksoto sen.,491073.17500000016,6080039.324999999,1.5094397471493437e-05
75004780276043209,Kauno m.,24.0,1965.0,1,ambiguous,citywide,17670,12815.0,E8EABD14-F888-422C-ABA7-C5C8CCEC5C25,24.000599999125676,Šančių sen.,496818.5500000001,6081148.900000001,2.4999651075940932e-05
7417257024766194,Panemunės sen.,16.0,1985.0,1,ambiguous,district,1506,36551.0,690655A2-3EC6-41FD-A772-AC129F954CDD,15.988763639705088,Panemunės sen.,497109.13675000006,6077974.2755,0.0007025192272882563
75589862201334776,Gričiupio sen.,977.0,1963.0,5,ambiguous,district,248,15852.0,0B98C13D-CC50-4973-BCF0-94CFEA6762D3,977.6457000099757,Gričiupio sen.,497727.93,6085608.805,0.0006606824279815626
7570505941889108,Centro sen.,338.0,1900.0,3,ambiguous,district,1169,62856.0,b2e974f3-39fe-4dc3-a644-c1a572509809,338.06901580092756,Centro sen.,494242.637077147,6084832.88161597,0.00020416791645327947
64894841551948371,Aleksoto sen.,24.0,2011.0,1,ambiguous,district,2893,37962.0,CB535283-71EE-4C22-B93B-81C797D54818,24.00534999659434,Aleksoto sen.,492053.0148272707,6080005.008329015,0.0002228916825672833
64779291029906164,Kauno m.,141.0,2024.0,2,ambiguous,citywide,38078,16400.0,4631FB01-3287-4ADE-8F63-12341470518E,141.0016999988716,Žaliakalnio sen.,494432.2749999999,6085799.61,1.2056656903958185e-05
74448659584150603,Kauno m.,17.0,1941.0,1,ambiguous,citywide,12896,7495.0,20E3F8ED-B037-4A40-9933-B4B5DFBA6909,17.000950002374314,Aleksoto sen.,495416.22617561574,6080355.553315051,5.588093123831683e-05
74264354898601434,Kauno m.,10.0,1986.0,1,ambiguous,citywide,6494,3192.0,1E9685FE-87AF-4400-866F-38F9F4075B25,12.001999996529893,Šilainių sen.,492618.23000000004,6090486.250000001,0.182488209284148
6481977359686035,Kauno m.,46.0,2023.0,2,ambiguous,citywide,28608,21498.0,670D33CE-01EF-4EA9-B08C-9EF33B7C05F2,46.00600000535231,Šilainių sen.,486785.7866999997,6088022.945,0.00013042639307148107
75641065854566703,Vilijampolės sen.,125.0,1940.0,2,ambiguous,district,4241,8409.0,6DA0C356-3EBD-4207-A24D-11F08F04A4B9,124.98276717802591,Vilijampolės sen.,491691.588684008,6086026.293563607,0.00013787207971116544
74236438954358705,Kauno m.,34.0,1969.0,1,ambiguous,citywide,22473,31579.0,D64FC78D-52FC-4245-8DC4-EF5E74E3A922,34.00179999922104,Vilijampolės sen.,494278.27175430197,6087973.267618117,5.293975222642189e-05
74260255298728095,Petrašiūnų sen.,25.0,1984.0,1,ambiguous,district,2987,59587.0,d286ebaf-b1ee-4376-9757-91a98fe4c9c7,24.997299186334196,Petrašiūnų sen.,503788.26835,6087103.841449998,0.00010803838256778775
65008435681037702,Kauno m.,45.0,2015.0,1,ambiguous,citywide,28078,65544.0,0c6bfe43-eb3f-4abb-9bff-55ab2bd80d1a,45.00034363380952,Panemunės sen.,500968.06799999974,6079315.238349998,7.636277722156137e-06
7461443814931841,Kauno m.,28.17,1972.0,1,ambiguous,citywide,19741,37264.0,1E756FCD-8070-4FC6-B602-115924B3ECE3,28.170399991977398,Aleksoto sen.,493158.22923443286,6083322.822919802,1.4199117416957563e-05
74293750137659972,Kauno m.,5.0,1985.0,1,ambiguous,citywide,345,3192.0,1E9685FE-87AF-4400-866F-38F9F4075B25,12.001999996529893,Šilainių sen.,492618.23000000004,6090486.250000001,0.8756353898440936
64883912335867391,Kauno m.,67.0,2021.0,2,ambiguous,citywide,36852,22950.0,4E5E02AD-E1E5-4FBE-A460-6B7437B2FD52,67.0006499978289,Petrašiūnų sen.,503422.17023163685,6085837.65575539,9.70141307465866e-06
74251536478773597,Kauno m.,10.0,1960.0,1,ambiguous,citywide,6494,3192.0,1E9685FE-87AF-4400-866F-38F9F4075B25,12.001999996529893,Šilainių sen.,492618.23000000004,6090486.250000001,0.182488209284148
74261042081859838,Kauno m.,25.0,1975.0,1,ambiguous,citywide,18210,29207.0,0A56472F-66B2-41A7-B47B-01701314B5D5,25.00039999837093,Gričiupio sen.,497989.3960000001,6085158.809300002,1.5999806839861463e-05
75646022772022828,Šančių sen.,60.0,1939.0,1,ambiguous,district,3244,52747.0,3ab665d5-303a-41ff-9d7c-7d54f86c84e5,60.00744960993763,Šančių sen.,495652.47246397857,6081225.386072917,0.00012415245839214606
74267498233338863,Kauno m.,10.0,1962.0,1,ambiguous,citywide,6494,3192.0,1E9685FE-87AF-4400-866F-38F9F4075B25,12.001999996529893,Šilainių sen.,492618.23000000004,6090486.250000001,0.182488209284148
75466699784323771,Šančių sen.,505.0,1989.0,1,ambiguous,district,474,11243.0,08F52878-89B5-4C64-93D0-B0BE975E76D3,505.69320000571963,Šančių sen.,496315.12874493387,6082932.999392028,0.0013717320239461372
74224917480817568,Kauno m.,83.0,1983.0,1,ambiguous,citywide,40054,32610.0,9A464A72-9A2A-4174-B6AE-D603AF7D3E29,83.00050000228266,Žaliakalnio sen.,495495.637680156,6085140.448780734,6.024105742241659e-06
64948659252709165,Aleksoto sen.,135.0,2019.0,2,ambiguous,district,7674,62124.0,14294a9c-3ced-42bd-a7a4-51092f89ddb3,135.00850690892733,Aleksoto sen.,494772.1437403923,6080891.782061589,6.301215489479262e-05
7486972426453474,Kauno m.,17.0,1982.0,1,ambiguous,citywide,12896,7495.0,20E3F8ED-B037-4A40-9933-B4B5DFBA6909,17.000950002374314,Aleksoto sen.,495416.22617561574,6080355.553315051,5.588093123831683e-05
75696548496929542,Kauno m.,67.0,1970.0,1,ambiguous,citywide,36852,22950.0,4E5E02AD-E1E5-4FBE-A460-6B7437B2FD52,67.0006499978289,Petrašiūnų sen.,503422.17023163685,6085837.65575539,9.70141307465866e-06
64938837095429955,Petrašiūnų sen.,1217.0,1990.0,1,ambiguous,district,539,31764.0,DDAEBA74-9799-4B94-BBE9-4D1458189640,1216.998499996463,Petrašiūnų sen.,498857.78308000107,6084528.629888275,1.2325426963499808e-06
74158095645341121,Kauno m.,2245.0,1971.0,1,ambiguous,citywide,1233,56971.0,34bf3724-ae52-47e1-a806-9c4d1bd47c80,2244.64695850214,Eigulių sen.,498354.7704793927,6088327.584202588,0.0001572691580662422
65201008604886437,Kauno m.,45.0,2008.0,1,ambiguous,citywide,28078,65544.0,0c6bfe43-eb3f-4abb-9bff-55ab2bd80d1a,45.00034363380952,Panemunės sen.,500968.06799999974,6079315.238349998,7.636277722156137e-06
75223756229908748,Aleksoto sen.,771.0,1979.0,1,ambiguous,district,344,16552.0,C6FB0319-4C60-4E72-96B3-669CA50C7920,771.861849988192,Aleksoto sen.,490073.456825335,6080021.182004435,0.0011172096553462296
7482032737460681,Kauno m.,26.0,1971.0,1,ambiguous,citywide,18729,30248.0,0E85D2CF-C288-45B7-B007-683BF429F192,25.999763854411132,Vilijampolės sen.,492539.84290740883,6085427.240912551,9.0825638952019e-06
75713844092417049,Centro sen.,313.0,1850.0,2,ambiguous,district,1276,54593.0,f9b57388-27ef-4d1e-9e71-471c4c8f6b53,313.3488954816056,Centro sen.,492834.8905663795,6084461.2310345,0.0011140612531068683
75668181441417751,Žaliakalnio sen.,178.0,1932.0,2,ambiguous,district,3813,1814.0,A0099637-51D5-4C92-A06C-6E0B792644A5,177.99915000161658,Žaliakalnio sen.,495114.72504381347,6085923.5566503825,4.775283218627635e-06
74768794498848254,Aleksoto sen.,200.0,1940.0,2,ambiguous,district,5678,52463.0,36231168-f37c-499d-8b7c-73bc50e517cd,199.97963089584945,Aleksoto sen.,494000.3819962381,6080404.936203576,0.00010185070735957424
74940555309618337,Kauno m.,16.0,1989.0,1,ambiguous,citywide,12108,36148.0,42D62C8E-7585-4040-B6DD-350FA71FAB0F,16.0,Šančių sen.,496992.37090000045,6082192.865499999,0.0
74807622105576038,Aleksoto sen.,8.0,1958.0,1,ambiguous,district,619,3686.0,282C79D9-04E1-45ED-A938-75CE10DBD054,12.0276000008896,Aleksoto sen.,491484.52499999997,6080874.100000001,0.40776246723081133
65083111260659715,Aleksoto sen.,35.0,1975.0,1,ambiguous,district,4011,42783.0,536C9DCB-1975-4FA1-BEF4-2793E00F80CC,35.001449999581276,Aleksoto sen.,491221.63726715895,6080848.318639393,4.142770132631313e-05
64795422968956004,Kauno m.,165.0,2023.0,1,ambiguous,citywide,34983,47796.0,4BC705B3-6A14-4979-87DF-2AC67C37803C,164.99997765821453,Vilijampolės sen.,488758.49294079945,6085847.581777779,1.3540476917484057e-07
74457430134635488,Kauno m.,29.0,1954.0,1,ambiguous,citywide,20122,61155.0,bae057a1-5e7d-4f8f-b6b2-7c2cf51afab8,28.999892065010798,Šilainių sen.,494649.80932389677,6090974.922940333,3.721903105713409e-06
74124016765861014,Šančių sen.,195.0,2002.0,1,ambiguous,district,2364,5648.0,512A3C77-5B8C-4277-9E7D-B1F2333F8384,195.02995000418852,Šančių sen.,495523.7075365239,6082675.697900828,0.0001535779713686125
74976584140659927,Kauno m.,11.0,1976.0,1,ambiguous,citywide,7571,3192.0,1E9685FE-87AF-4400-866F-38F9F4075B25,12.001999996529893,Šilainių sen.,492618.23000000004,6090486.250000001,0.08717802947982323
74992828310410417,Kauno m.,9.0,1960.0,1,ambiguous,citywide,5299,3192.0,1E9685FE-87AF-4400-866F-38F9F4075B25,12.001999996529893,Šilainių sen.,492618.23000000004,6090486.250000001,0.28784872494197433
7438780229396702,Kauno m.,14.0,1969.0,1,ambiguous,citywide,10423,38523.0,CFB723D0-EC6D-4CE0-93F1-DCBE2FE943A2,13.998468149964506,Gričiupio sen.,498218.1656500003,6085042.26175,0.00010942384624845758
87530876902285226,Kauno m.,15.0,2004.0,1,ambiguous,citywide,11269,32282.0,8B41C570-8FB4-453E-B4C6-A45E9968D4D0,15.000750000683592,Aleksoto sen.,491920.7975308333,6084434.660006409,4.999879561218279e-05
75695847751615586,Kauno m.,745.0,1956.0,2,ambiguous,citywide,4859,22363.0,CD49E45C-38BB-4891-9171-C19F725B9A39,744.9968999954167,Petrašiūnų sen.,500302.12282327807,6083803.069557657,4.161088635434851e-06
64802012549981955,Kauno m.,1882.0,2024.0,3,ambiguous,citywide,1629,49412.0,6f0125ea-113c-4401-848e-a3eee89521fe,1882.2129963187263,Petrašiūnų sen.,502932.0339582519,6087465.494158755,0.00011316911086733938
74989117169445632,Kauno m.,27.72,1982.0,1,ambiguous,citywide,19527,21517.0,EF44BA33-FA66-4563-8FC2-BB59053DC2A3,27.72059999584742,Petrašiūnų sen.,500408.8455546726,6086499.46233981,2.164463759379842e-05
74618851607709841,Kauno m.,18.54,1990.0,1,ambiguous,citywide,14084,12378.0,A4C7D298-5B5E-4AF3-B34A-93C532F1EF97,18.539199998191744,Petrašiūnų sen.,500747.45999999996,6085201.73,4.315097458507111e-05
75027244937403481,Kauno m.,35.0,1977.0,1,ambiguous,citywide,23010,43237.0,03C2C4FA-968F-486F-AF14-6AFEC83AE024,35.00125000765081,Žaliakalnio sen.,494072.2256530612,6085760.255303067,3.57138665614265e-05
64903910447011201,Aleksoto sen.,23.0,2018.0,1,ambiguous,district,2788,46747.0,389D9759-A8E1-4A2D-BC93-0DECB3AD0EFB,22.99168722160102,Aleksoto sen.,491210.67235462146,6080584.484629714,0.00036149047759215236
75183764287533997,Panemunės sen.,124.0,1978.0,1,ambiguous,district,5287,37049.0,40487637-9EBB-40AB-A4DC-25F32BDCCB97,123.98600000468176,Panemunės sen.,498075.23801735725,6078609.0342978705,0.00011290956209553116
75677521127283723,Žaliakalnio sen.,88.0,1930.0,2,ambiguous,district,4668,16593.0,C1A529FD-329C-41A4-9C9C-4720744C50FD,88.01520000117384,Žaliakalnio sen.,494581.76228056126,6087475.9037305,0.00017271237042582044
74121321255521233,Petrašiūnų sen.,122.0,2009.0,1,ambiguous,district,3283,30210.0,F3D86798-0620-4A12-9987-8FBE16457D4C,121.99780213751148,Petrašiūnų sen.,501183.39136645256,6085235.0957994955,1.8015428576489967e-05
75638784193019878,Žaliakalnio sen.,9623.0,1966.0,3,ambiguous,district,13,42651.0,3AD23507-E94F-4B6A-B492-AAF462E7A0EF,10850.165682355768,Žaliakalnio sen.,493504.91736322397,6085292.511014654,0.1200242837588199
74694873985879651,Kauno m.,6.24,1936.0,1,ambiguous,citywide,1497,3192.0,1E9685FE-87AF-4400-866F-38F9F4075B25,12.001999996529893,Šilainių sen.,492618.23000000004,6090486.250000001,0.6540931198968576
75695863322569917,Kauno m.,379.0,1917.0,1,ambiguous,citywide,11851,15508.0,0802EDFC-6D1C-47DF-92D6-6A2B12BFCD08,378.924699999287,Aleksoto sen.,494592.3320233509,6083247.901574133,0.0001987004803005732
75666510208793933,Panemunės sen.,213.0,1933.0,2,ambiguous,district,4008,49791.0,946325AF-B089-4AFA-AF48-A8CBEA69C1C1,212.98737877195018,Panemunės sen.,499801.3046976629,6079156.0803659065,5.925634740666652e-05
74482729162224537,Kauno m.,16.0,1934.0,1,ambiguous,citywide,12108,36148.0,42D62C8E-7585-4040-B6DD-350FA71FAB0F,16.0,Šančių sen.,496992.37090000045,6082192.865499999,0.0
74968329200311462,Kauno m.,41.0,1981.0,1,ambiguous,citywide,26058,61044.0,9f1bcbe7-7777-4a80-b47c-63f8305ae147,40.99718746622927,Šilainių sen.,489915.4371500001,6087957.446799999,6.86007376287101e-05
64741084958545747,Kauno m.,45.0,2021.0,1,ambiguous,citywide,28078,65544.0,0c6bfe43-eb3f-4abb-9bff-55ab2bd80d1a,45.00034363380952,Panemunės sen.,500968.06799999974,6079315.238349998,7.636277722156137e-06
75339785175606924,Petrašiūnų sen.,100.0,1993.0,2,ambiguous,district,3493,22347.0,3C97A7D3-4FCD-42A3-9DC5-F19CA31EEE93,100.02294353024831,Petrašiūnų sen.,503294.63338741567,6086495.433013588,0.00022940898622891837
82325935279251097,Aleksoto sen.,179.0,2014.0,1,ambiguous,district,6340,34609.0,66DF482B-9570-432A-A6F7-4F3E38DD6AC5,179.00514237959956,Aleksoto sen.,491371.2079425802,6079980.937173742,2.8727964999752942e-05
65210361495249392,Šilainių sen.,115.0,2011.0,2,ambiguous,district,7357,21129.0,D92A7123-DCB3-458E-906F-6ED61D3F702D,114.96439999079276,Šilainių sen.,488343.63858473435,6088387.701316569,0.00030961322268208136
74265282176692968,Kauno m.,25.0,1949.0,1,ambiguous,citywide,18210,29207.0,0A56472F-66B2-41A7-B47B-01701314B5D5,25.00039999837093,Gričiupio sen.,497989.3960000001,6085158.809300002,1.5999806839861463e-05
74885126146805092,Kauno m.,36.0,1962.0,1,ambiguous,citywide,23510,66201.0,2e2adc05-3da4-462e-a037-ff96eb198e87,36.00059857991784,Eigulių sen.,496593.7489499999,6091057.821900001,1.6627081709241764e-05
74580762836604447,Kauno m.,29.53,1967.0,1,ambiguous,citywide,20369,6928.0,DBA7039A-8ECE-45B8-9C9C-3244E8A21394,29.530683000998998,Vilijampolės sen.,492767.1140563749,6086289.038004941,2.3128787691728547e-05
64788498090827693,Kauno m.,201.0,2025.0,1,ambiguous,citywide,29775,11620.0,03A274E4-5918-4338-99D2-781FAC307A77,201.00750000126195,Šančių sen.,497155.17628453736,6084333.448083294,3.731274298512943e-05
74621703563287581,Kauno m.,20.0,1969.0,1,ambiguous,citywide,15162,42659.0,62E3BCEC-CF1A-411E-BD41-7C2CD1C41A70,20.000999999978582,Aleksoto sen.,493055.17640744965,6080852.427823423,4.9998748970825346e-05
64701827067048107,Kauno m.,1764.0,2025.0,1,ambiguous,citywide,1756,2900.0,CDD87A0F-8728-4139-9119-0A880828FF55,1766.480750005629,Eigulių sen.,495487.72682701075,6087696.116146793,0.0014053329218164379
65136084105651068,Šilainių sen.,163.0,2014.0,1,ambiguous,district,6532,18291.0,59033287-092F-4D38-BAD1-CC87B6695E93,163.0002499990575,Šilainių sen.,491766.56326008006,6089910.914944313,1.533735372483136e-06
74956881465286937,Kauno m.,13.0,1972.0,1,ambiguous,citywide,9555,35456.0,3BA4D5F7-5D94-4C59-A9F0-989F391DA4E6,13.001844835072216,Šančių sen.,496448.3977335273,6083813.975750751,0.0001419003218434689
7502066802783125,Kauno m.,36.0,1989.0,1,ambiguous,citywide,23510,66201.0,2e2adc05-3da4-462e-a037-ff96eb198e87,36.00059857991784,Eigulių sen.,496593.7489499999,6091057.821900001,1.6627081709241764e-05
82301973022489927,Kauno m.,4685.0,2009.0,1,ambiguous,citywide,464,25436.0,918F4789-6729-4066-89B9-7E86168204C2,4691.8179103322145,Šilainių sen.,489221.10003503517,6087478.129351406,0.001454205808174791
7568999422677096,Šilainių sen.,152.0,1924.0,1,ambiguous,district,6764,60538.0,8cc70905-f777-4d56-8603-da49abc40530,152.01596744693106,Šilainių sen.,489487.268343476,6088541.676850977,0.00010504347570794437
65064272259889339,Kauno m.,207.0,2016.0,2,ambiguous,citywide,28948,65662.0,cd70edb8-dc12-4280-be4a-0c5dd927ecba,207.00038533371128,Aleksoto sen.,493572.88842020574,6080285.245839828,1.861513781342694e-06
75619497112509829,Kauno m.,604.0,1957.0,5,ambiguous,citywide,5774,32435.0,EF66F2B3-CB15-4FDD-BE85-DDDADDC15657,603.9538499977697,Petrašiūnų sen.,501504.8186014915,6086013.483054147,7.641020764648232e-05
74542785633202976,Kauno m.,24.61,1980.0,1,ambiguous,citywide,17965,59558.0,1d531c00-f071-4c5e-8738-6a6102b9724c,24.609499124006923,Panemunės sen.,499268.36114408425,6079748.727875726,2.0352746452623194e-05
74428798336541466,Kauno m.,22.0,1991.0,1,ambiguous,citywide,16561,54794.0,602187e6-288e-4b60-a8c1-e118443d91d0,21.998916665486203,Vilijampolės sen.,491043.35404556396,6086148.481079037,4.9243690350753155e-05
75013584751076667,Kauno m.,8.0,1900.0,1,ambiguous,citywide,3969,3192.0,1E9685FE-87AF-4400-866F-38F9F4075B25,12.001999996529893,Šilainių sen.,492618.23000000004,6090486.250000001,0.40563176059835815
74440417151140872,Kauno m.,55.0,1976.0,1,ambiguous,citywide,32803,42978.0,8E451A99-CCA1-45C5-BBFF-88F530A553EC,54.9977500085244,Aleksoto sen.,494468.1422068505,6080810.780650901,4.090977271342666e-05
75006690987262953,Kauno m.,12.0,1973.0,1,ambiguous,citywide,8594,3192.0,1E9685FE-87AF-4400-866F-38F9F4075B25,12.001999996529893,Šilainių sen.,492618.23000000004,6090486.250000001,0.00016665249019354178
75496629204326898,Šilainių sen.,72.0,1974.0,1,ambiguous,district,6612,47490.0,411DBDE1-1A7B-4DE4-8FD2-FD8F85FF13FD,71.9917585776824,Šilainių sen.,492780.0295939082,6086963.805052392,0.00011447075038173438
75683941089927237,Vilijampolės sen.,59.0,1927.0,1,ambiguous,district,4190,60744.0,b3a54f21-352a-4864-a2d3-ffb141cf75d9,59.0024852752029,Vilijampolės sen.,488252.55460799614,6087302.168293051,4.212242136159006e-05
74437219485913683,Kauno m.,19.0,1968.0,1,ambiguous,citywide,14402,25601.0,06EC2A22-2355-40BE-BB99-EE0F7A2F6ECF,19.0,Petrašiūnų sen.,501135.92420000024,6084766.5735,0.0
75541646354949685,Dainavos sen.,515.0,1968.0,9,ambiguous,district,581,57265.0,ee130b51-5c66-40c8-a0cb-ce26121f9847,515.5049966750113,Dainavos sen.,497198.3774994966,6087099.389747446,0.0009800956173240394
75672044631174024,Žaliakalnio sen.,103.0,1931.0,2,ambiguous,district,4679,55227.0,a54058fc-5fbe-44cb-b817-8a2979a502ac,102.99206011137814,Žaliakalnio sen.,494751.004671961,6086204.048724592,7.708926860061638e-05
74334376603808802,Kauno m.,35.0,1952.0,1,ambiguous,citywide,23010,43237.0,03C2C4FA-968F-486F-AF14-6AFEC83AE024,35.00125000765081,Žaliakalnio sen.,494072.2256530612,6085760.255303067,3.57138665614265e-05
7552786687721548,Kauno m.,19.03,1970.0,1,ambiguous,citywide,14421,53268.0,92b24d5b-1368-44de-a3e3-f7d7863b120c,19.029399997023308,Vilijampolės sen.,491326.6266898053,6086470.171438606,3.152981795784271e-05
6491995997365585,Šilainių sen.,152.0,2020.0,2,ambiguous,district,6764,60538.0,8cc70905-f777-4d56-8603-da49abc40530,152.01596744693106,Šilainių sen.,489487.268343476,6088541.676850977,0.00010504347570794437
74400830952047192,Kauno m.,6.0,1926.0,1,ambiguous,citywide,1255,3192.0,1E9685FE-87AF-4400-866F-38F9F4075B25,12.001999996529893,Šilainių sen.,492618.23000000004,6090486.250000001,0.6933138330501389
75527479148408003,Šančių sen.,118.0,1970.0,2,ambiguous,district,3383,5182.0,A14F68DA-4533-4758-B423-646B218D9D81,118.01640000768137,Šančių sen.,495806.26593131135,6081787.852958322,0.00013897345868496558
75710239689691178,Šilainių sen.,116.0,1882.0,1,ambiguous,district,7340,60895.0,4e803aa7-48f8-44c7-8e22-f493f817be23,115.99742299597743,Šilainių sen.,489710.98429987306,6087229.052267969,2.221579868777468e-05
6490576282535887,Kauno m.,15.0,2018.0,1,ambiguous,citywide,11269,32282.0,8B41C570-8FB4-453E-B4C6-A45E9968D4D0,15.000750000683592,Aleksoto sen.,491920.7975308333,6084434.660006409,4.999879561218279e-05
88712613513299635,Kauno m.,2.0,2004.0,0,no_match,citywide,0,,,,,,,
