dirbt_id,seniunijos_pavad,obje_tipas,pask_tipas,aukstu_skaicius,atr_uzstatytas_plotas,stat_pabaigos_metai,status,n_candidates,n_categorical_pool,best_unikalus_nr,best_b_area,log_area_dist
74520035349994559,Kauno m.,28,240,1,19.0,1968.0,ambiguous,555,3176,440041270455,19.060278235022437,0.003167516803143755
75686367082871298,Žaliakalnio sen.,20,110,1,115.0,1925.0,ambiguous,14686,15727,440019548006,114.99592275123403,3.545496561496719e-05
75679716145984677,Kauno m.,22,210,2,195.0,1956.0,ambiguous,132,274,440005531102,190.19589999643938,0.024944964960089244
65122555447930747,Šilainių sen.,20,120,2,117.0,2018.0,ambiguous,2239,2464,199590070010,117.03888666308393,0.0003323094208509403
74417764993045865,Kauno m.,28,240,1,21.0,1970.0,ambiguous,683,3176,199570356022,20.99824999592453,8.333699983475995e-05
75646251248002824,Aleksoto sen.,20,110,1,93.0,1939.0,ambiguous,13991,15727,199530008012,92.99989999337811,1.0753405987884435e-06
74914378255996936,Kauno m.,28,240,1,9.0,1926.0,ambiguous,98,3176,440002584574,12.29224999792967,0.31174440498827005
75091476391216841,Petrašiūnų sen.,22,222,1,460.0,1974.0,ambiguous,244,917,199600323102,460.63745002789074,0.0013848016496389448
65061142177348735,Vilijampolės sen.,28,240,1,20.0,1996.0,ambiguous,617,3176,440027549862,20.046249997112902,0.002309830142869007
65144624997966485,Šilainių sen.,20,110,2,194.0,2013.0,ambiguous,5667,8034,440007679005,194.000899990749,4.639116811588906e-06
65307404385195125,Šilainių sen.,20,110,1,289.0,2010.0,ambiguous,6019,15727,440020854486,288.97627344679734,8.210217030057976e-05
65226775126359021,Kauno m.,28,240,1,84.0,2008.0,ambiguous,2218,3176,199660113042,83.98700000354275,0.00015477383943895973
64857824611286086,Kauno m.,20,110,2,91.0,2023.0,ambiguous,6915,8034,199920063010,90.99666151243242,3.668734953876651e-05
74298394672439996,Kauno m.,28,240,1,22.0,1952.0,ambiguous,739,3176,199270002032,22.042988585359026,0.0019521199805661027
6491789993481023,Petrašiūnų sen.,22,214,1,749.0,2018.0,ambiguous,33,126,199380328047,779.4515230709239,0.039851513272435746
75344326549375493,Kauno m.,22,222,1,184.0,2002.0,ambiguous,192,917,440051687308,184.12678775924456,0.000688826613403748
74837531519726372,Kauno m.,28,240,1,22.0,1960.0,ambiguous,739,3176,199270002032,22.042988585359026,0.0019521199805661027
64707957295883134,Kauno m.,20,110,1,164.0,2025.0,ambiguous,13078,15727,199930037015,164.00184998778218,1.128034968189695e-05
74966593826978969,Kauno m.,28,240,1,45.0,1976.0,ambiguous,1679,3176,199590211020,45.00037570002737,8.34885464540136e-06
74995688196564506,Kauno m.,28,240,1,15.0,1977.0,ambiguous,354,3176,440023993764,14.810749998136423,0.01269693277208983
75648225858176696,Vilijampolės sen.,20,110,1,96.0,1938.0,ambiguous,14161,15727,199420002017,96.00074999316782,7.812398314932523e-06
7569006420705425,Žaliakalnio sen.,20,110,1,148.0,1924.0,ambiguous,13961,15727,199370080012,147.99605000070744,2.6689540571389614e-05
64709270472948069,Kauno m.,20,110,1,272.0,2025.0,ambiguous,6730,15727,440021198598,272.0005807609091,2.13514812141824e-06
74446748558455636,Kauno m.,28,240,1,10.0,1971.0,ambiguous,130,3176,440002584574,12.29224999792967,0.20638388933044371
81611453849359361,Kauno m.,28,240,1,5.0,1975.0,ambiguous,3,3176,440002584574,12.29224999792967,0.8995310698903893
74163603653128921,Kauno m.,28,240,1,17.0,2001.0,ambiguous,444,3176,199100169028,16.981026597074084,0.0011167058089558424
74956526397645981,Kauno m.,28,240,1,71.5,1972.0,ambiguous,2182,3176,440011018794,71.51199999219459,0.00016781797644149776
74584363694339281,Kauno m.,28,240,1,24.41,1924.0,ambiguous,853,3176,440052707264,24.439299611518916,0.0011995920214000755
65020763036683624,Panemunės sen.,20,110,1,292.0,2015.0,ambiguous,5891,15727,529370085011,291.8810385056655,0.00040748538875323703
74439986864359112,Kauno m.,28,240,1,8.0,1970.0,ambiguous,68,3176,440002584574,12.29224999792967,0.42952744064465387
74185969989331191,Vilijampolės sen.,20,110,2,146.0,1993.0,ambiguous,6800,8034,529770257011,145.99224999109376,5.308366169476386e-05
7445312052957162,Kauno m.,28,240,1,23.0,1980.0,ambiguous,785,3176,440050269433,23.024728073147582,0.0010745560728868675
74234864880532561,Kauno m.,28,240,0,11.0,1935.0,ambiguous,2,14,440037465764,19.353600001105665,0.5649831759416717
74228495515768544,Panemunės sen.,24,266,1,34.0,1977.0,ambiguous,84,97,199770188011,34.076119149291024,0.0022362961333581843
74882172989506252,Kauno m.,28,240,1,53.0,1992.0,ambiguous,1877,3176,440045658622,53.00886730456057,0.00016729363885703563
65342418884976633,Panemunės sen.,28,240,1,83.0,2017.0,ambiguous,2217,3176,440024816636,83.02729550299449,0.00032880741877683306
74444484338861652,Vilijampolės sen.,28,240,1,24.0,1954.0,ambiguous,830,3176,199480080075,23.88897094517182,0.00463694464823261
74160253020473299,Kauno m.,28,240,1,10.0,2001.0,ambiguous,130,3176,440002584574,12.29224999792967,0.20638388933044371
75471053405477939,Dainavos sen.,22,222,2,522.0,1975.0,ambiguous,99,243,199340091014,513.9852080622405,0.015473100930597283
75602418771264487,Šančių sen.,20,110,1,80.0,1961.0,ambiguous,12785,15727,199510088014,79.99679999125358,4.000090935551981e-05
64901000124094652,Aleksoto sen.,20,110,2,109.0,2020.0,ambiguous,7087,8034,440003588841,108.99669999884367,3.0275698270187945e-05
74622591847061298,Kauno m.,28,240,1,30.5,1932.0,ambiguous,1168,3176,199610024029,30.47411367790993,0.0008490922486239505
7561604012489373,Vilijampolės sen.,20,120,1,134.0,1958.0,ambiguous,1320,1391,199620539015,134.18350000839308,0.001368466270475821
75583266372808489,Vilijampolės sen.,22,292,2,371.0,1964.0,ambiguous,57,190,199300659027,376.28135000474526,0.014135072256291181
74408174955037876,Kauno m.,28,240,1,5.0,1983.0,ambiguous,3,3176,440002584574,12.29224999792967,0.8995310698903893
74433127555267667,Kauno m.,28,240,1,46.0,1960.0,ambiguous,1698,3176,440044986196,45.96639522582524,0.0007308055423478343
74870215321042391,Kauno m.,28,240,2,206.0,1998.0,ambiguous,69,123,198920003034,202.80657946234476,0.0156234544906102
75013461914557988,Kauno m.,28,240,1,21.0,1976.0,ambiguous,683,3176,199570356022,20.99824999592453,8.333699983475995e-05
74453075208272101,Kauno m.,28,240,1,10.0,1969.0,ambiguous,130,3176,440002584574,12.29224999792967,0.20638388933044371
74127929468551554,Kauno m.,28,240,1,23.0,2002.0,ambiguous,785,3176,440050269433,23.024728073147582,0.0010745560728868675
64918617239675014,Kauno m.,20,110,1,254.0,2023.0,ambiguous,7587,15727,440009400742,253.97869647406435,8.387566681822278e-05
65162036803173895,Šilainių sen.,20,110,2,152.0,2012.0,ambiguous,6725,8034,529830235018,151.98709462186403,8.490740805822128e-05
65089846503525825,Petrašiūnų sen.,28,240,1,56.0,2013.0,ambiguous,1946,3176,199240070075,55.98519746826795,0.0002643658653633807
65348683422947501,Panemunės sen.,20,110,1,153.0,2009.0,ambiguous,13748,15727,199350300019,153.00044999148156,2.9411164694792546e-06
7498922601567648,Kauno m.,28,240,1,29.0,1996.0,ambiguous,1106,3176,440061094300,29.048890156438162,0.0016844479839783766
74280645462849251,Kauno m.,28,240,1,24.0,1939.0,ambiguous,830,3176,199480080075,23.88897094517182,0.00463694464823261
74465166752557974,Kauno m.,28,240,1,23.0,1985.0,ambiguous,785,3176,440050269433,23.024728073147582,0.0010745560728868675
74438417358628897,Kauno m.,28,240,1,41.0,1979.0,ambiguous,1541,3176,199390440029,41.00460000060461,0.00011218884329400325
745561703323111,Kauno m.,28,240,1,19.6,1988.0,ambiguous,589,3176,199290139050,19.57819989043279,0.0011128694977360354
75218415362338961,Aleksoto sen.,20,110,1,88.0,1963.0,ambiguous,13588,15727,199620241014,88.00454999920987,5.170319984237892e-05
64914264432763449,Žaliakalnio sen.,22,240,1,133.0,2006.0,ambiguous,177,264,440055351081,133.34163410460414,0.0025653840648383053
74457958772843405,Kauno m.,28,240,0,17.0,1960.0,ambiguous,2,14,440037465764,19.353600001105665,0.1296651046838262
75692104472339039,Šilainių sen.,20,110,1,127.0,1921.0,ambiguous,14624,15727,199580537011,127.00350000830926,2.7558740799626946e-05
74574341261084698,Kauno m.,28,240,1,76.0,1985.0,ambiguous,2201,3176,440025942209,75.92613918995309,0.0009723253188660408
74481289250538124,Kauno m.,28,240,1,28.0,1988.0,ambiguous,1054,3176,440040127631,28.04340274881733,0.001548898009962052
74458994533711534,Kauno m.,28,240,1,42.0,1962.0,ambiguous,1562,3176,199100156029,42.02899999731593,0.0006902378576021384
74247215486017079,Petrašiūnų sen.,26,266,1,37.0,1985.0,ambiguous,287,389,199980148016,37.012463890224346,0.00033680517272483
74956213255647178,Kauno m.,28,240,1,58.94,1980.0,ambiguous,2017,3176,199390329038,59.001267202815534,0.0010389443793448194
74558496163756482,Kauno m.,28,240,1,25.0,1937.0,ambiguous,903,3176,440050743778,24.990042994721314,0.00039835954577638333
64860975610940508,Kauno m.,20,110,2,113.0,2021.0,ambiguous,7086,8034,199280119020,113.0126000022307,0.00011149822836031831
85415642673327366,Aleksoto sen.,20,110,1,153.0,2010.0,ambiguous,13748,15727,199350300019,153.00044999148156,2.9411164694792546e-06
74407583944752068,Kauno m.,28,240,1,43.0,1987.0,ambiguous,1597,3176,440028001572,43.06414195874233,0.0014905620194025637
74301623231110475,Kauno m.,28,240,0,5.0,1971.0,no_match,0,14,,,
64762633831421348,Kauno m.,20,110,1,114.0,2023.0,ambiguous,14677,15727,199610120013,114.00675000675302,5.92088326749618e-05
74508252750601162,Petrašiūnų sen.,22,266,1,41.0,2000.0,ambiguous,273,332,199730272012,40.60544999888092,0.009669772679885114
74277316638809363,Kauno m.,28,240,1,21.0,1939.0,ambiguous,683,3176,199570356022,20.99824999592453,8.333699983475995e-05
65088772824911989,Petrašiūnų sen.,22,222,1,2342.0,2014.0,ambiguous,183,917,440027541862,2349.146154652913,0.0030466585115673794
75154251668970551,Šilainių sen.,20,110,1,152.0,1992.0,ambiguous,13788,15727,199880090010,152.0013499902958,8.881475663358174e-06
7451803742411299,Kauno m.,28,240,1,18.0,1964.0,ambiguous,504,3176,199620475038,18.02892226261338,0.0016055028576857922
75611143584179752,Eigulių sen.,20,110,1,99.0,1959.0,ambiguous,14300,15727,440060829125,98.99872793961106,1.284917738786362e-05
74183952054920316,Šilainių sen.,20,110,2,376.0,2001.0,ambiguous,1405,8034,440052344839,375.68823768186064,0.0008294990406580993
74545088391250763,Kauno m.,28,240,1,14.0,1979.0,ambiguous,297,3176,190021051033,14.002474562702611,0.00017673885952573798
64924947580682277,Dainavos sen.,20,120,2,115.0,2019.0,ambiguous,2255,2464,440056193276,114.8943794253134,0.0009188618041209295
64904691973294418,Kauno m.,22,220,1,26.0,1982.0,ambiguous,245,1208,199700305019,26.1527741699787,0.00585873366871148
74457061308652872,Kauno m.,28,240,1,41.0,1950.0,ambiguous,1541,3176,199390440029,41.00460000060461,0.00011218884329400325
75602515396222522,Aleksoto sen.,20,110,1,93.0,1961.0,ambiguous,13991,15727,199530008012,92.99989999337811,1.0753405987884435e-06
64715615042736194,Kauno m.,22,222,1,1758.0,2009.0,ambiguous,218,917,199950207037,1756.7440000093393,0.0007147035710826088
7565202340566532,Žaliakalnio sen.,20,120,1,127.0,1937.0,ambiguous,1328,1391,529750306019,126.93355000033024,0.0005233652755727292
74412405999441933,Petrašiūnų sen.,24,266,1,36.0,1972.0,ambiguous,84,97,190010325010,35.69583584221958,0.008484899548931057
75631490509835489,Vilijampolės sen.,22,224,1,38.0,1980.0,ambiguous,54,729,199170029124,37.828723366309674,0.004517468245916145
64781743129334657,Kauno m.,20,110,1,207.0,2023.0,ambiguous,10336,15727,440059168396,207.00038533371128,1.861513781342694e-06
74275631394110281,Kauno m.,28,240,1,26.0,1958.0,ambiguous,946,3176,440053170297,26.02109562525104,0.0008110412190998062
74718483525825413,Kauno m.,28,240,1,38.0,1983.0,ambiguous,1466,3176,440021225961,38.020943912511775,0.0005510037619571584
75509699069350844,Kauno m.,22,220,1,704.0,1974.0,ambiguous,441,1208,199790197014,701.7810178805156,0.0031569411368854716
74469794625320704,Kauno m.,28,240,1,24.0,1992.0,ambiguous,830,3176,199480080075,23.88897094517182,0.00463694464823261
75539295892133457,Žaliakalnio sen.,28,240,1,22.0,1968.0,ambiguous,739,3176,199270002032,22.042988585359026,0.0019521199805661027
74407702920693986,Kauno m.,28,240,1,20.0,1951.0,ambiguous,617,3176,440027549862,20.046249997112902,0.002309830142869007
74315342281558741,Kauno m.,28,240,1,21.0,1979.0,ambiguous,683,3176,199570356022,20.99824999592453,8.333699983475995e-05
74255641191331004,Vilijampolės sen.,28,240,1,16.0,1924.0,ambiguous,406,3176,440052806336,16.03196284859298,0.001995685331706021
75410263539195985,Kauno m.,22,220,1,63.0,1982.0,ambiguous,247,1208,199700368021,63.08512782598426,0.001350323236167128
74320351842667026,Kauno m.,22,220,1,20.0,1962.0,ambiguous,219,1208,198900140012,19.97586087422769,0.0012076852469631305
74453528442070163,Kauno m.,28,240,1,24.0,1964.0,ambiguous,830,3176,199480080075,23.88897094517182,0.00463694464823261
64781192353496886,Kauno m.,28,240,2,138.0,1991.0,ambiguous,94,123,440022718918,138.09836820354053,0.0007125591385612751
74882253248055045,Kauno m.,28,240,1,26.0,1968.0,ambiguous,946,3176,440053170297,26.02109562525104,0.0008110412190998062
64862758341550517,Kauno m.,20,110,1,168.0,2021.0,ambiguous,12841,15727,440001356001,168.00000000324567,1.9319656985317124e-11
74575175603678115,Kauno m.,28,240,1,528.0,1984.0,ambiguous,219,3176,440046538934,524.2887115965483,0.0070537747876553425
7499701868459685,Kauno m.,28,240,1,20.0,1931.0,ambiguous,617,3176,440027549862,20.046249997112902,0.002309830142869007
7476621707133943,Kauno m.,28,240,1,31.0,1973.0,ambiguous,1191,3176,199320440073,30.96873296372617,0.0010091230668045625
74951527550131472,Kauno m.,28,240,1,24.0,1956.0,ambiguous,830,3176,199480080075,23.88897094517182,0.00463694464823261
87378056285696892,Šilainių sen.,20,110,1,224.0,2007.0,ambiguous,9252,15727,199580040017,223.99163250127438,3.7355602736433013e-05
75635696788368748,Aleksoto sen.,20,110,1,324.0,1949.0,ambiguous,4594,15727,440002991977,323.968419378098,9.747580586427773e-05
74285204159249857,Kauno m.,28,240,1,10.0,1937.0,ambiguous,130,3176,440002584574,12.29224999792967,0.20638388933044371
75028607185247065,Kauno m.,28,240,1,27.0,1977.0,ambiguous,995,3176,199300179020,26.94290380843917,0.00211691284124349
74217859784489248,Petrašiūnų sen.,20,110,2,98.0,2001.0,ambiguous,7063,8034,199640027012,98.00959999648352,9.795435010673259e-05
75602998551637782,Žaliakalnio sen.,20,110,2,96.0,1960.0,ambiguous,7040,8034,199920219014,96.00367609777749,3.8291952035862664e-05
74524832832716742,Kauno m.,28,240,1,42.0,1958.0,ambiguous,1562,3176,199100156029,42.02899999731593,0.0006902378576021384
75602840884786332,Žaliakalnio sen.,20,110,1,82.0,1960.0,ambiguous,13015,15727,199350367010,82.02977420216645,0.00036303412155813675
64816686925593864,Kauno m.,20,110,2,43.0,2026.0,ambiguous,2589,8034,440055956130,43.050802384778166,0.001180753445001237
75542830824492146,Šilainių sen.,20,120,2,95.0,1968.0,ambiguous,2276,2464,440024735240,95.02018209824338,0.00021242057655612712
75632463012156315,Kauno m.,22,296,1,23.0,1986.0,ambiguous,102,352,190010065016,23.034799997596814,0.0015118998769438896
74553237038418943,Kauno m.,28,240,1,20.0,1984.0,ambiguous,617,3176,440027549862,20.046249997112902,0.002309830142869007
64778212255077877,Kauno m.,20,110,1,229.0,2023.0,ambiguous,8947,15727,440006054059,229.0097016890389,4.2364556927410035e-05
7455228589667362,Petrašiūnų sen.,26,266,1,23.92,1988.0,ambiguous,198,389,199700620011,23.851900001372584,0.0028510502933576376
7522898627661824,Panemunės sen.,20,110,1,104.0,1956.0,ambiguous,14493,15727,440055786560,103.99919881171498,7.70376318381949e-06
74449342714475036,Kauno m.,28,240,1,24.0,1920.0,ambiguous,830,3176,199480080075,23.88897094517182,0.00463694464823261
74412238085967974,Kauno m.,28,240,1,24.0,1980.0,ambiguous,830,3176,199480080075,23.88897094517182,0.00463694464823261
75625245829346668,Žaliakalnio sen.,20,110,2,132.0,1979.0,ambiguous,6983,8034,440056140480,131.99690565449498,2.3442286170016757e-05
75609696781719068,Vilijampolės sen.,22,222,1,12156.0,1970.0,ambiguous,62,917,199590314020,12238.494800061588,0.006763420616550775
65210963837080457,Šilainių sen.,20,110,1,214.0,2016.0,ambiguous,9879,15727,440014956640,213.9762053549146,0.0001111961123640981
65315039269516234,Panemunės sen.,20,110,2,192.0,2018.0,ambiguous,5726,8034,440015956933,191.98790664136934,6.298822658479253e-05
65098496249139659,Petrašiūnų sen.,22,236,1,41.0,1917.0,no_match,0,4,,,
75579973289202559,Kauno m.,22,220,1,43.43,1964.0,ambiguous,211,1208,199750031011,43.55241793562561,0.002814776120440232
64915149941088823,Šilainių sen.,20,110,1,199.0,2017.0,ambiguous,10855,15727,440029391220,199.0041023292187,2.06145072114694e-05
74886428669910673,Kauno m.,28,240,0,20.0,1988.0,ambiguous,2,14,199280332056,20.6112000027217,0.030102343948493093
74731726700364834,Kauno m.,28,240,1,35.0,1927.0,ambiguous,1368,3176,199730192028,35.120799997296,0.003445485984352459
75682292562019679,Šančių sen.,20,110,1,130.0,1928.0,ambiguous,14576,15727,199340256017,129.99929999415465,5.384674845565485e-06
74447799422456412,Kauno m.,28,240,1,27.0,1978.0,ambiguous,995,3176,199300179020,26.94290380843917,0.00211691284124349
7458960280856157,Kauno m.,20,110,2,109.0,1993.0,ambiguous,7087,8034,440003588841,108.99669999884367,3.0275698270187945e-05
75337018388399707,Aleksoto sen.,20,110,1,318.0,2006.0,ambiguous,4810,15727,520010087014,318.09499999968335,0.00029869752282163375
74449545508247061,Kauno m.,28,240,1,20.0,1968.0,ambiguous,617,3176,440027549862,20.046249997112902,0.002309830142869007
7568051530079116,Vilijampolės sen.,20,110,1,41.08,1930.0,ambiguous,4506,15727,199300666010,41.04154999341145,0.0009364170403816097
7459087086823675,Kauno m.,28,240,1,22.75,1983.0,ambiguous,773,3176,199670071024,22.702791793063444,0.0020772419932533204
75404623378608981,Eigulių sen.,20,140,9,905.0,1983.0,ambiguous,242,303,199760083014,907.0030999995028,0.0022109242699022147
65230308800084638,Šilainių sen.,20,110,1,160.0,2019.0,ambiguous,13335,15727,199350069019,160.00144707591636,9.044183578943432e-06
75648844864503101,Vilijampolės sen.,20,110,1,90.0,1938.0,ambiguous,13772,15727,199510100017,90.00124999977648,1.3888789955451841e-05
74454760289198618,Kauno m.,28,240,1,23.0,1992.0,ambiguous,785,3176,440050269433,23.024728073147582,0.0010745560728868675
74434754063291475,Kauno m.,28,240,1,54.0,1978.0,ambiguous,1902,3176,440058769710,54.00028103423108,5.204324069918442e-06
75011990370069476,Kauno m.,28,240,1,19.0,1948.0,ambiguous,555,3176,440041270455,19.060278235022437,0.003167516803143755
75520787887964097,Dainavos sen.,20,140,5,1104.0,1970.0,ambiguous,640,847,199720164018,1102.9703499917794,0.0009330891852989964
75712869790910478,Kauno m.,22,224,1,459.0,1991.0,ambiguous,307,729,199280328021,458.2259262034812,0.001687858919322771
74545814660595483,Kauno m.,28,240,1,63.0,1993.0,ambiguous,2067,3176,440020485314,63.04580000315867,0.0007267200521265949
64788442107586802,Kauno m.,20,110,2,61.0,1968.0,ambiguous,4906,8034,440054790968,60.93729793322396,0.0010284313883497376
75673087760565597,Žaliakalnio sen.,24,140,2,176.0,1937.0,ambiguous,364,430,199290006010,176.39999999897555,0.0022701485287317524
64931616941440909,Petrašiūnų sen.,20,110,2,200.0,2017.0,ambiguous,5526,8034,440043713357,199.97963089584945,0.00010185070735957424
75336677755743806,Vilijampolės sen.,20,110,2,132.0,1994.0,ambiguous,6983,8034,440056140480,131.99690565449498,2.3442286170016757e-05
74884676863945912,Kauno m.,28,240,1,22.0,1964.0,ambiguous,739,3176,199270002032,22.042988585359026,0.0019521199805661027
74619733186988724,Kauno m.,28,240,1,70.0,1981.0,ambiguous,2171,3176,529700414048,69.93270000816807,0.0009618909235236117
74622180430980831,Kauno m.,28,240,1,12.19,1956.0,ambiguous,216,3176,440002584574,12.29224999792967,0.008353038831309334
75619379710676629,Žaliakalnio sen.,20,110,2,102.0,1957.0,ambiguous,7104,8034,440043127204,102.00113932684503,1.1169808647792934e-05
65120996666173062,Panemunės sen.,20,110,2,180.0,2015.0,ambiguous,6061,8034,190030329019,180.02989999675415,0.00016609729815897367
64818828425447048,Kauno m.,22,240,1,68.0,2021.0,ambiguous,188,264,440068260830,69.14209647407806,0.016656051016733286
64821613697367372,Kauno m.,20,140,2,164.0,2024.0,ambiguous,767,821,199340304014,164.01211168838606,7.384903154417088e-05
75445180548347784,Šančių sen.,20,140,5,623.0,1978.0,ambiguous,827,847,199900088013,622.0518999997101,0.0015229890152363978
74398484914862617,Kauno m.,28,240,1,15.0,1967.0,ambiguous,354,3176,440023993764,14.810749998136423,0.01269693277208983
74980564310486483,Kauno m.,28,240,1,70.0,1966.0,ambiguous,2171,3176,529700414048,69.93270000816807,0.0009618909235236117
75340265275530824,Šilainių sen.,20,110,2,106.0,1993.0,ambiguous,7099,8034,199540129020,106.01139999927152,0.00010754138015744985
75662190525717279,Šilainių sen.,20,110,1,142.0,1934.0,ambiguous,14233,15727,199870150015,142.00064999388476,4.577411247375096e-06
74261383630822075,Kauno m.,28,240,1,20.0,1970.0,ambiguous,617,3176,440027549862,20.046249997112902,0.002309830142869007
74590094545306712,Kauno m.,28,240,1,29.03,1993.0,ambiguous,1106,3176,440061094300,29.048890156438162,0.0006504999339140838
75602749338786301,Žaliakalnio sen.,20,110,1,62.0,1960.0,ambiguous,9828,15727,199610119014,61.988949999944495,0.00017824169145352897
75689346311931097,Šančių sen.,20,140,1,202.0,1924.0,ambiguous,697,790,199350090010,201.93115000845157,0.00034089964199957024
75695824395283259,Kauno m.,22,210,1,243.0,1967.0,ambiguous,88,170,190190012064,243.40620002040282,0.0016702094455780525
75024647053259674,Kauno m.,28,240,1,25.0,1925.0,ambiguous,903,3176,440050743778,24.990042994721314,0.00039835954577638333
74619309761745634,Kauno m.,28,240,1,25.0,1980.0,ambiguous,903,3176,440050743778,24.990042994721314,0.00039835954577638333
75359281962836658,Šilainių sen.,20,110,2,132.0,1991.0,ambiguous,6983,8034,440056140480,131.99690565449498,2.3442286170016757e-05
74442995815447457,Aleksoto sen.,22,222,1,931.0,1889.0,ambiguous,249,917,198780020344,930.3479458621201,0.0007006257653250358
7422679132820198,Šilainių sen.,26,266,1,18.0,1973.0,ambiguous,137,389,440022152347,19.267513871315774,0.06804870070693525
74280370650025726,Kauno m.,28,240,1,18.0,1972.0,ambiguous,504,3176,199620475038,18.02892226261338,0.0016055028576857922
74518927280327996,Kauno m.,22,296,1,2.0,1995.0,no_match,0,352,,,
74420451807873086,Kauno m.,28,240,1,23.0,1968.0,ambiguous,785,3176,440050269433,23.024728073147582,0.0010745560728868675
74455416756818896,Kauno m.,28,240,1,54.0,1970.0,ambiguous,1902,3176,440058769710,54.00028103423108,5.204324069918442e-06
74196231574609556,Žaliakalnio sen.,20,110,1,150.0,2001.0,ambiguous,13886,15727,199240083010,149.9969999997802,2.000020146741832e-05
75004945229650927,Kauno m.,28,240,2,7.64,1996.0,no_match,0,123,,,
74444429272308585,Kauno m.,28,240,1,28.0,1970.0,ambiguous,1054,3176,440040127631,28.04340274881733,0.001548898009962052
81808068805283296,Aleksoto sen.,20,110,1,228.0,2015.0,ambiguous,9013,15727,440038755054,227.99560772423914,1.9264552932440893e-05
74869280845548947,Aleksoto sen.,20,110,1,98.0,1960.0,ambiguous,14258,15727,199620464011,97.99575000126566,4.336827441431268e-05
75460392809096638,Dainavos sen.,20,140,9,576.0,1976.0,ambiguous,291,303,199720101015,575.3986000004072,0.0010446426707204637
74482574438610755,Kauno m.,28,240,1,22.0,1949.0,ambiguous,739,3176,199270002032,22.042988585359026,0.0019521199805661027
75006940755023413,Kauno m.,28,240,1,18.0,1965.0,ambiguous,504,3176,199620475038,18.02892226261338,0.0016055028576857922
75675076561194349,Centro sen.,24,140,2,214.0,1930.0,ambiguous,374,430,199370288014,213.740599999135,0.00121288478421544
74594697554140429,Kauno m.,28,240,1,24.3,1964.0,ambiguous,850,3176,199460086028,24.306099998944998,0.0002509972607205313
74943437138815683,Kauno m.,28,240,1,52.0,1953.0,ambiguous,1860,3176,199900331026,51.9864903071722,0.00025983553948050186
74691066513022347,Kauno m.,28,240,1,18.0,1965.0,ambiguous,504,3176,199620475038,18.02892226261338,0.0016055028576857922
75622719181878156,Žaliakalnio sen.,20,110,1,104.0,1956.0,ambiguous,14493,15727,440055786560,103.99919881171498,7.70376318381949e-06
74120420072094767,Kauno m.,28,240,1,18.0,1997.0,ambiguous,504,3176,199620475038,18.02892226261338,0.0016055028576857922
75695580458480183,Aleksoto sen.,20,120,1,96.0,1918.0,ambiguous,1287,1391,199370127010,95.88722820723471,0.0011753966827523499
75010385393769474,Kauno m.,28,240,1,38.0,1991.0,ambiguous,1466,3176,440021225961,38.020943912511775,0.0005510037619571584
74509609615629011,Kauno m.,28,240,1,8.0,1991.0,ambiguous,68,3176,440002584574,12.29224999792967,0.42952744064465387
75342455174510409,Centro sen.,20,110,1,232.0,2017.0,ambiguous,8780,15727,440024899182,231.98537368147248,6.304646379806655e-05
74408428547935154,Kauno m.,28,240,1,31.0,1981.0,ambiguous,1191,3176,199320440073,30.96873296372617,0.0010091230668045625
75424190402763741,Kauno m.,22,224,1,457.0,1982.0,ambiguous,307,729,199580490013,456.3523500163654,0.0014181823524550552
65314711393839819,Kauno m.,28,240,1,21.0,2014.0,ambiguous,683,3176,199570356022,20.99824999592453,8.333699983475995e-05
65346331076713393,Petrašiūnų sen.,28,240,1,60.0,2007.0,ambiguous,2030,3176,199600273032,60.00888042184316,0.00014799607876003762
75597991470335357,Žaliakalnio sen.,20,110,1,93.0,1961.0,ambiguous,13991,15727,199530008012,92.99989999337811,1.0753405987884435e-06
74816854259631582,Petrašiūnų sen.,28,240,1,37.0,1979.0,ambiguous,1439,3176,440023510410,36.97549517472136,0.0006625119877079477
7476676668534521,Kauno m.,28,240,1,24.0,1952.0,ambiguous,830,3176,199480080075,23.88897094517182,0.00463694464823261
75626868831184274,Vilijampolės sen.,20,110,1,124.0,1955.0,ambiguous,14654,15727,199500093010,123.99972570268179,2.2120775939882265e-06
74279375780852502,Kauno m.,28,240,1,24.0,1962.0,ambiguous,830,3176,199480080075,23.88897094517182,0.00463694464823261
74524624574271808,Kauno m.,28,240,1,5.0,1966.0,ambiguous,3,3176,440002584574,12.29224999792967,0.8995310698903893
74451849737950465,Kauno m.,28,240,1,24.0,1965.0,ambiguous,830,3176,199480080075,23.88897094517182,0.00463694464823261
7494715040706848,Kauno m.,28,240,1,17.99,1972.0,ambiguous,504,3176,199370360039,17.956198059001462,0.001880696862919251
74946780702719179,Kauno m.,28,240,1,21.0,1974.0,ambiguous,683,3176,199570356022,20.99824999592453,8.333699983475995e-05
75579381241426616,Aleksoto sen.,20,110,1,65.0,1964.0,ambiguous,10420,15727,440026717364,65.00879137991193,0.00013524285291843796
75711299360906689,Centro sen.,24,140,2,262.0,1880.0,ambiguous,351,430,199100071018,261.20998600935906,0.0030198758133570536
74467235948882451,Kauno m.,28,240,1,21.0,1976.0,ambiguous,683,3176,199570356022,20.99824999592453,8.333699983475995e-05
64695287278474262,Kauno m.,22,214,1,52.0,2025.0,ambiguous,38,126,440061153079,52.594166157630575,0.011361485460568144
75665334521618471,Petrašiūnų sen.,20,110,1,124.0,1933.0,ambiguous,14654,15727,199500093010,123.99972570268179,2.2120775939882265e-06
75615986568514634,Kauno m.,22,220,1,24.0,1958.0,ambiguous,237,1208,199670075013,24.108122250929767,0.004494976229372671
65126877897150284,Šilainių sen.,20,110,2,242.0,2016.0,ambiguous,4333,8034,440046599637,241.98674616041492,5.4769431987899964e-05
74422130425614019,Kauno m.,28,240,1,18.0,1986.0,ambiguous,504,3176,199620475038,18.02892226261338,0.0016055028576857922
87486174896825725,Kauno m.,22,224,0,100.0,1965.0,no_match,0,5,,,
74618690037819346,Kauno m.,28,240,1,13.0,1927.0,ambiguous,262,3176,199180028031,12.808198848106617,0.01486385658262579
64910688229829427,Kauno m.,20,120,2,187.0,2021.0,ambiguous,1807,2464,440023787622,186.95940628421496,0.0002171022590280458
10190817657069687,Šilainių sen.,20,110,2,187.0,2018.0,ambiguous,5855,8034,440049108341,187.00927857533375,4.961681897786008e-05
74468161173452188,Kauno m.,28,240,1,34.0,1957.0,ambiguous,1314,3176,199350050047,33.81439999509547,0.005473777496629584
6514980173934154,Aleksoto sen.,28,240,1,28.0,1993.0,ambiguous,1054,3176,440040127631,28.04340274881733,0.001548898009962052
74179390992309968,Kauno m.,28,240,1,56.0,1970.0,ambiguous,1946,3176,199240070075,55.98519746826795,0.0002643658653633807
75200397882213679,Aleksoto sen.,20,110,2,137.0,1972.0,ambiguous,6924,8034,440009596010,137.00139999154155,1.021886414864781e-05
75604247363390206,Žaliakalnio sen.,20,110,1,113.0,1960.0,ambiguous,14669,15727,199340253014,113.00140475214393,1.2431357632181061e-05
74938066244908494,Kauno m.,28,240,1,7.0,1976.0,ambiguous,39,3176,440002584574,12.29224999792967,0.5630588332691764
64872815924473484,Kauno m.,28,240,1,33.0,2019.0,ambiguous,1269,3176,440057304559,32.99742574165476,7.801087141245944e-05
64876609017220185,Žaliakalnio sen.,20,120,2,137.0,2020.0,ambiguous,2194,2464,440052529923,136.9835157926404,0.00012032992081145721
74919705604845829,Kauno m.,28,240,1,34.0,1996.0,ambiguous,1314,3176,199350050047,33.81439999509547,0.005473777496629584
75696037201819777,Kauno m.,22,292,1,478.0,1955.0,ambiguous,26,46,198100002027,479.07714123027364,0.0022508983626350343
74282281426201233,Kauno m.,28,240,1,29.0,1980.0,ambiguous,1106,3176,440061094300,29.048890156438162,0.0016844479839783766
64794800826133092,Kauno m.,20,110,1,165.0,2024.0,ambiguous,13024,15727,199250246010,164.99997765821453,1.3540476917484057e-07
74898373033009405,Kauno m.,28,240,1,26.0,1958.0,ambiguous,946,3176,440053170297,26.02109562525104,0.0008110412190998062
65325362975002174,Petrašiūnų sen.,20,110,2,127.0,2007.0,ambiguous,7024,8034,440039971205,127.00173759789423,1.3681779586605103e-05
64899755718908408,Šilainių sen.,20,120,2,130.0,2019.0,ambiguous,2210,2464,440022319977,130.01567286691582,0.00012055324790249955
74943032560170861,Kauno m.,28,240,1,74.76,1989.0,ambiguous,2196,3176,199700466022,74.7746919415489,0.00019650211473187795
64808146434334801,Kauno m.,20,120,2,87.0,2023.0,ambiguous,2239,2464,440023818419,87.02572510967313,0.0002956472078396999
75644326245342175,Panemunės sen.,20,110,1,147.0,1939.0,ambiguous,14003,15727,440027278546,146.98703443898248,8.820498530237586e-05
75661386833838273,Panemunės sen.,20,110,1,108.0,1935.0,ambiguous,14616,15727,199000199013,107.99345000005532,6.064998680965772e-05
75385916013861368,Kauno m.,22,220,1,313.0,1986.0,ambiguous,545,1208,199860037025,313.8770000056615,0.0027979988986936988
74625667411313629,Kauno m.,28,240,1,15.0,1962.0,ambiguous,354,3176,440023993764,14.810749998136423,0.01269693277208983
74736721650079857,Kauno m.,28,240,1,20.0,1977.0,ambiguous,617,3176,440027549862,20.046249997112902,0.002309830142869007
74258657635288244,Kauno m.,28,240,1,26.0,1969.0,ambiguous,946,3176,440053170297,26.02109562525104,0.0008110412190998062
74535974833626714,Kauno m.,22,220,1,20.0,1971.0,ambiguous,219,1208,198900140012,19.97586087422769,0.0012076852469631305
65172173135309347,Šilainių sen.,20,120,1,178.0,2011.0,ambiguous,1175,1391,440040493914,177.92117119346344,0.00044295655445925064
75022283384018534,Panemunės sen.,20,110,2,146.0,1989.0,ambiguous,6800,8034,529770257011,145.99224999109376,5.308366169476386e-05
64954243030036857,Kauno m.,28,240,1,25.0,2010.0,ambiguous,903,3176,440050743778,24.990042994721314,0.00039835954577638333
75604860448730632,Vilijampolės sen.,20,110,1,83.0,1960.0,ambiguous,13119,15727,199360423014,83.00489999570176,5.90343502304691e-05
75658796402800127,Centro sen.,20,110,2,155.0,1935.0,ambiguous,6685,8034,199910276018,154.99959359212573,2.621989723117224e-06
7551539852483391,Kauno m.,22,210,2,301.0,1970.0,ambiguous,148,274,199150007028,296.414871079357,0.015350200253019253
75536302497464528,Eigulių sen.,20,110,2,149.0,1992.0,ambiguous,6755,8034,440022230700,148.9924196219034,5.087631496003553e-05
6486821657021144,Kauno m.,20,110,1,143.0,2020.0,ambiguous,14192,15727,199400255016,143.00616192167755,4.3089433019005696e-05
7562370004008552,Gričiupio sen.,20,110,1,76.0,1956.0,ambiguous,12242,15727,199800215012,76.00019999650326,2.6315294752166096e-06
74194054682645963,Dainavos sen.,22,222,1,66.0,1977.0,ambiguous,326,917,190020181012,65.96610095010867,0.0005137539169961514
74739469149455229,Kauno m.,28,240,1,21.0,1940.0,ambiguous,683,3176,199570356022,20.99824999592453,8.333699983475995e-05
7563654721817592,Aleksoto sen.,20,110,1,121.0,1948.0,ambiguous,14685,15727,440056374917,121.00045196320258,3.7352261026413203e-06
64927422005968849,Šilainių sen.,20,110,2,63.0,2018.0,ambiguous,5110,8034,440043154267,63.002104560954386,3.340517147609745e-05
7496427809064625,Eigulių sen.,28,240,1,28.0,1973.0,ambiguous,1054,3176,440040127631,28.04340274881733,0.001548898009962052
75338232399781879,Šilainių sen.,20,110,2,208.0,2019.0,ambiguous,5299,8034,440019467139,208.02897282523188,0.00013928272870966651
6527160865361159,Kauno m.,28,240,1,132.0,1977.0,ambiguous,1934,3176,440051637048,131.91518462537957,0.0006427472345764684
74279457256964068,Kauno m.,28,240,1,21.0,1963.0,ambiguous,683,3176,199570356022,20.99824999592453,8.333699983475995e-05
75692604955641909,Centro sen.,22,220,1,18.0,1967.0,ambiguous,202,1208,199760051041,17.996560293808187,0.0001911130493694735
7497950687320705,Aleksoto sen.,20,110,2,121.0,1970.0,ambiguous,7049,8034,529810197010,120.97940000004546,0.00017026242733297892
64926892862275168,Šilainių sen.,20,110,2,68.0,2018.0,ambiguous,5584,8034,199980011018,68.0241895149097,0.00035566490417515695
7447590264363943,Kauno m.,28,240,1,28.0,1978.0,ambiguous,1054,3176,440040127631,28.04340274881733,0.001548898009962052
75620929146889754,Petrašiūnų sen.,20,140,2,269.0,1957.0,ambiguous,583,821,199230110011,268.791474000979,0.0007754902022520938
75501909370001646,Dainavos sen.,20,140,5,1468.0,1972.0,ambiguous,260,847,199710113012,1463.9090499538815,0.002790640931442212
75575337632900003,Aleksoto sen.,20,110,1,49.0,1965.0,ambiguous,6906,15727,199000005018,48.97171743513349,0.0005773618426334615
7502322780770572,Kauno m.,28,240,1,29.0,1920.0,ambiguous,1106,3176,440061094300,29.048890156438162,0.0016844479839783766
75000250870540006,Kauno m.,28,240,1,29.0,1969.0,ambiguous,1106,3176,440061094300,29.048890156438162,0.0016844479839783766
75349762469489198,Šilainių sen.,24,140,9,315.0,1991.0,ambiguous,67,78,199910016016,326.1168156261315,0.034683008497669476
65120478562645398,Kauno m.,28,240,1,47.0,2012.0,ambiguous,1734,3176,199740057027,47.009421325163444,0.00020043363871824482
74469784735791633,Kauno m.,28,240,1,45.0,1993.0,ambiguous,1679,3176,199590211020,45.00037570002737,8.34885464540136e-06
64781825374278498,Kauno m.,20,120,1,192.0,2024.0,ambiguous,1105,1391,199330294014,192.19615502659622,0.0010211192437710181
75696327880369507,Šančių sen.,22,228,1,262.0,1917.0,ambiguous,6,21,199340130045,229.567541556657,0.13214721883605396
64866899691898544,Kauno m.,20,120,2,64.0,2021.0,ambiguous,1834,2464,440031227606,64.00019821173042,3.097053491885049e-06
75352659794354751,Žaliakalnio sen.,20,110,2,270.0,1990.0,ambiguous,3557,8034,440054436565,270.08599827956806,0.00031846143232261426
7566822529369252,Vilijampolės sen.,20,140,1,129.0,1932.0,ambiguous,730,790,199400322041,129.006177890811,4.7889479722229567e-05
82831011371847396,Kauno m.,28,240,1,20.0,2005.0,ambiguous,617,3176,440027549862,20.046249997112902,0.002309830142869007
64854731397097992,Kauno m.,22,214,3,323.0,2021.0,ambiguous,4,11,440019927130,314.52173072294613,0.026599153370788997
64925037978491737,Žaliakalnio sen.,22,220,1,43.0,1978.0,ambiguous,212,1208,199730237018,42.896267706027366,0.0024152934038004226
75524128542724861,Aleksoto sen.,20,110,1,125.0,1970.0,ambiguous,14638,15727,199630136013,124.9978000054907,1.760011095619518e-05
74306138785411008,Kauno m.,28,240,1,6.0,1980.0,ambiguous,15,3176,440002584574,12.29224999792967,0.7172095130964347
75632995416743051,Šančių sen.,22,222,1,90.0,1951.0,ambiguous,315,917,199350282021,89.44721861869817,0.006160955116120803
75646276920173811,Vilijampolės sen.,20,110,1,56.0,1939.0,ambiguous,8640,15727,199300105024,56.022858265235655,0.00040810002363578235
65074330183022125,Panemunės sen.,20,110,2,128.0,2018.0,ambiguous,7016,8034,199690166019,128.00584672769304,4.5676516914561205e-05
74819362588272278,Kauno m.,28,240,1,42.0,1976.0,ambiguous,1562,3176,199100156029,42.02899999731593,0.0006902378576021384
74143350527177659,Aleksoto sen.,24,120,2,346.0,2007.0,ambiguous,15,44,190020672012,348.550449998378,0.007344207932170832
744344302838124,Kauno m.,28,240,1,26.0,2000.0,ambiguous,946,3176,440053170297,26.02109562525104,0.0008110412190998062
75652632642465481,Gričiupio sen.,20,110,1,147.0,1937.0,ambiguous,14003,15727,440027278546,146.98703443898248,8.820498530237586e-05
75410066076436189,Eigulių sen.,20,140,9,784.0,1983.0,ambiguous,262,303,199870036010,785.2481534808021,0.0015907665607155508
74754395574429047,Kauno m.,28,240,1,22.63,1970.0,ambiguous,767,3176,199890077057,22.698500003089197,0.0030223834995211085
65210769642271418,Šilainių sen.,20,110,2,153.0,2012.0,ambiguous,6714,8034,199910211010,153.00469999953845,3.0718479414382216e-05
7498485646322646,Kauno m.,28,240,0,32.0,1961.0,ambiguous,3,14,199280332056,20.6112000027217,0.4399012852972426
74537703669550467,Kauno m.,22,220,1,24.0,1970.0,ambiguous,237,1208,199670075013,24.108122250929767,0.004494976229372671
75642702172739384,Šančių sen.,20,140,1,236.0,1940.0,ambiguous,614,790,199580379011,235.94865001012332,0.00021760837785311793
74280118595341615,Kauno m.,28,240,1,12.0,1989.0,ambiguous,208,3176,440002584574,12.29224999792967,0.02406233253648926
74529495165060189,Kauno m.,28,240,1,49.0,1969.0,ambiguous,1777,3176,199080029036,49.00504426796847,0.00010293894585977625
74275565133561039,Kauno m.,28,240,1,40.0,1961.0,ambiguous,1517,3176,529740369028,40.01455516398078,0.00036381291157594475
7447666525058512,Kauno m.,28,240,1,31.0,1980.0,ambiguous,1191,3176,199320440073,30.96873296372617,0.0010091230668045625
75649636081565885,Kauno m.,24,140,4,368.0,1938.0,ambiguous,144,165,198950026017,367.8655394112977,0.0003654488027979852
7447802440176983,Kauno m.,28,240,1,26.0,1982.0,ambiguous,946,3176,440053170297,26.02109562525104,0.0008110412190998062
74966912112875886,Kauno m.,28,240,1,31.0,1979.0,ambiguous,1191,3176,199320440073,30.96873296372617,0.0010091230668045625
64819718432466839,Kauno m.,20,110,2,150.0,2023.0,ambiguous,6743,8034,199620099027,150.0076631102808,5.1086096955366145e-05
7553937363622841,Vilijampolės sen.,22,220,1,24.0,1977.0,ambiguous,237,1208,199670075013,24.108122250929767,0.004494976229372671
74437688777881247,Kauno m.,22,220,1,19.0,1968.0,ambiguous,210,1208,199720361017,18.986193523152647,0.0007269208191074128
74117396148427661,Kauno m.,28,240,1,27.0,2003.0,ambiguous,995,3176,199300179020,26.94290380843917,0.00211691284124349
64915606320722588,Aleksoto sen.,22,240,1,98.0,2017.0,ambiguous,189,264,529770093017,98.0733811614229,0.0007485071600665805
75492804654483853,Šančių sen.,20,110,1,94.0,1973.0,ambiguous,14041,15727,199230049013,94.00668983734653,7.116595005385307e-05
79941723382536814,Petrašiūnų sen.,20,110,1,176.0,2008.0,ambiguous,12357,15727,440056740731,175.9801543347779,0.00011276581931518592
74232338904348952,Kauno m.,28,240,1,16.0,1964.0,ambiguous,406,3176,440052806336,16.03196284859298,0.001995685331706021
74933265560944401,Kauno m.,28,240,1,11.0,1987.0,ambiguous,173,3176,440002584574,12.29224999792967,0.11107370952611895
75676029941864356,Centro sen.,24,140,2,221.0,1930.0,ambiguous,371,430,199270136017,221.04376497781263,0.0001980119681492809
9133116047648418,Šilainių sen.,20,110,1,189.0,2013.0,ambiguous,11503,15727,440009252128,188.9925728778035,3.92977149843432e-05
75638066602038631,Aleksoto sen.,20,110,1,39.65,1946.0,ambiguous,4088,15727,199320195011,39.6294175558612,0.0005192380377092576
74306087316440297,Kauno m.,28,240,1,29.0,1983.0,ambiguous,1106,3176,440061094300,29.048890156438162,0.0016844479839783766
74526044529405991,Kauno m.,28,240,1,24.0,1959.0,ambiguous,830,3176,199480080075,23.88897094517182,0.00463694464823261
74306382794600417,Kauno m.,28,240,1,32.0,1983.0,ambiguous,1227,3176,199490033024,32.05080792518123,0.0015864885232148573
651203112143625,Eigulių sen.,20,110,1,97.0,2015.0,ambiguous,14221,15727,199700442019,96.99904998900165,9.793975778826791e-06
64935615306428898,Žaliakalnio sen.,20,120,2,110.0,2019.0,ambiguous,2285,2464,440055001804,110.06024869310178,0.000547565450506049
7543407293455158,Eigulių sen.,20,140,5,902.0,1979.0,ambiguous,777,847,199850092012,902.2352505098577,0.00026077587290718185
74881602544386389,Kauno m.,28,240,1,38.21,1975.0,ambiguous,1476,3176,440018507850,38.241319874504676,0.0008193416754145311
75013372581010998,Kauno m.,28,240,1,45.0,1950.0,ambiguous,1679,3176,199590211020,45.00037570002737,8.34885464540136e-06
74463517224078138,Kauno m.,28,240,0,15.0,1962.0,ambiguous,2,14,440037465764,19.353600001105665,0.2548282476378323
64921377912465134,Žaliakalnio sen.,20,120,2,118.0,2022.0,ambiguous,2237,2464,440045723486,118.02811739295075,0.00023825460622450834
7495382791716193,Kauno m.,28,240,1,13.33,1948.0,ambiguous,273,3176,440041845370,13.656700000464172,0.024213109541411537
75503426932138407,Žaliakalnio sen.,20,110,2,64.0,1972.0,ambiguous,5210,8034,440048266604,63.98705704673827,0.00020225409669549776
74484020719320698,Kauno m.,28,240,1,30.0,1990.0,ambiguous,1147,3176,440053929710,29.989079681954312,0.00036407686946393625
74978877405831368,Kauno m.,28,240,1,29.0,1982.0,ambiguous,1106,3176,440061094300,29.048890156438162,0.0016844479839783766
75651090427952067,Kauno m.,24,140,2,268.0,1938.0,ambiguous,349,430,199300506014,268.4473499996342,0.0016678248231878356
64868834961097091,Kauno m.,20,110,2,47.0,2021.0,ambiguous,3136,8034,440046968910,47.04313787421157,0.0009174061651324728
65183400966627572,Aleksoto sen.,20,110,2,110.0,2009.0,ambiguous,7087,8034,199960005012,110.00487143862753,4.428482511720233e-05
74274291230850623,Kauno m.,28,240,1,32.0,1959.0,ambiguous,1227,3176,199490033024,32.05080792518123,0.0015864885232148573
74409517211278156,Kauno m.,28,240,1,42.49,1988.0,ambiguous,1585,3176,199670226028,42.50544999961667,0.00036354886730771696
7558881758665828,Vilijampolės sen.,20,140,5,706.54,1963.0,ambiguous,805,847,199760025018,706.7294999722923,0.0002681724517961115
7441448591958362,Kauno m.,28,240,1,35.0,1989.0,ambiguous,1368,3176,199730192028,35.120799997296,0.003445485984352459
75023077850445846,Kauno m.,28,240,1,21.0,1959.0,ambiguous,683,3176,199570356022,20.99824999592453,8.333699983475995e-05
75172241009233198,Šilainių sen.,20,110,1,160.0,1983.0,ambiguous,13335,15727,199350069019,160.00144707591636,9.044183578943432e-06
75669799094345541,Vilijampolės sen.,20,110,1,90.0,1932.0,ambiguous,13772,15727,199510100017,90.00124999977648,1.3888789955451841e-05
74206958810091581,Žaliakalnio sen.,20,110,2,163.0,1992.0,ambiguous,6528,8034,440019466763,162.9910901218752,5.466332299874921e-05
64921080750738089,Šilainių sen.,20,110,2,48.0,2019.0,ambiguous,3280,8034,440046320463,47.99505379380777,0.00010305127193843688
65081756004569183,Šilainių sen.,20,110,2,79.0,2014.0,ambiguous,6394,8034,199600062015,79.00319999387786,4.050543126243866e-05
74614092861296652,Kauno m.,28,240,1,41.7,1983.0,ambiguous,1557,3176,440062233204,41.76334674657833,0.001517953957303142
75206265223896132,Aleksoto sen.,20,110,2,103.0,1970.0,ambiguous,7106,8034,440043470746,102.98962210380722,0.00010076134997039077
74452046736102839,Kauno m.,28,240,1,21.0,1975.0,ambiguous,683,3176,199570356022,20.99824999592453,8.333699983475995e-05
74138897311475924,Šilainių sen.,20,110,1,193.0,2002.0,ambiguous,11251,15727,440038735001,192.98343145625705,8.585106200342807e-05
74698416120125594,Kauno m.,28,240,1,29.0,1982.0,ambiguous,1106,3176,440061094300,29.048890156438162,0.0016844479839783766
74882771709449722,Kauno m.,28,240,1,27.0,1993.0,ambiguous,995,3176,199300179020,26.94290380843917,0.00211691284124349
7499262378471451,Kauno m.,28,240,1,31.39,1983.0,ambiguous,1205,3176,199610019020,31.405378379109536,0.0004897933514826924
65338862926014915,Panemunės sen.,20,110,1,275.0,2008.0,ambiguous,6618,15727,440054106024,275.0397779780331,0.00014463673245046493
65233558314854515,Kauno m.,22,296,1,16.0,2008.0,ambiguous,73,352,199620185237,16.0801000094112,0.004993760982444417
93581821264763887,Kauno m.,22,222,0,32.0,1962.0,no_match,0,7,,,
75606873269216404,Žaliakalnio sen.,20,120,1,97.0,1960.0,ambiguous,1293,1391,199330060012,97.04245200605416,0.00043755380631971263
7467399672065296,Kauno m.,28,240,1,57.0,1952.0,ambiguous,1975,3176,199500088031,56.95269999608882,0.0008301691250727217
6487771825324945,Kauno m.,20,110,1,123.0,2021.0,ambiguous,14669,15727,199200086015,123.00936005605591,7.609512140760444e-05
64784277479385477,Kauno m.,22,296,1,38.0,2022.0,ambiguous,114,352,199760116016,38.110656563956226,0.0029077831389319186
74434436170501342,Panemunės sen.,28,240,1,45.0,1991.0,ambiguous,1679,3176,199590211020,45.00037570002737,8.34885464540136e-06
74406716101989179,Kauno m.,28,240,1,30.0,1927.0,ambiguous,1147,3176,440053929710,29.989079681954312,0.00036407686946393625
74420866512201131,Kauno m.,28,240,1,31.0,1980.0,ambiguous,1191,3176,199320440073,30.96873296372617,0.0010091230668045625
75336668160827569,Šilainių sen.,20,110,2,192.0,2010.0,ambiguous,5726,8034,440015956933,191.98790664136934,6.298822658479253e-05
64805819231407491,Kauno m.,28,240,1,7.0,2021.0,ambiguous,39,3176,440002584574,12.29224999792967,0.5630588332691764
74576261292908744,Kauno m.,28,240,1,31.0,1973.0,ambiguous,1191,3176,199320440073,30.96873296372617,0.0010091230668045625
7568172334947737,Kauno m.,24,110,4,265.0,1933.0,confident,1,1,199380324014,181.70438730300995,0.37734870501423856
65233561698028034,Kauno m.,22,296,1,124.0,2008.0,ambiguous,125,352,199320169100,124.47082228261543,0.0037897636575427995
74638498276442811,Kauno m.,28,240,0,16.4,1978.0,ambiguous,2,14,440037465764,19.353600001105665,0.16559711390988952
64891034193442776,Kauno m.,20,110,1,175.0,2021.0,ambiguous,12411,15727,190020604010,174.98762851645657,7.069669062964579e-05
75671843262258079,Šančių sen.,20,110,1,111.0,1972.0,ambiguous,14661,15727,199000287018,110.98375000114552,0.00014640710307300964
87796342986742271,Kauno m.,28,240,0,20.0,2004.0,ambiguous,2,14,199280332056,20.6112000027217,0.030102343948493093
74579000997815087,Kauno m.,28,240,1,4.9,1946.0,ambiguous,3,3176,440002584574,12.29224999792967,0.9197337772079086
74218042910170784,Panemunės sen.,20,110,1,163.0,2001.0,ambiguous,13148,15727,440007834346,163.00180004904593,1.1043184704462305e-05
74478527749752901,Kauno m.,28,240,1,26.0,1951.0,ambiguous,946,3176,440053170297,26.02109562525104,0.0008110412190998062
744807915382803,Kauno m.,28,240,1,21.0,1979.0,ambiguous,683,3176,199570356022,20.99824999592453,8.333699983475995e-05
75181556958585985,Šilainių sen.,20,110,2,174.0,1979.0,ambiguous,6214,8034,440024752452,174.0110412835731,6.345363949389338e-05
74448807225899694,Kauno m.,28,240,1,15.0,1982.0,ambiguous,354,3176,440023993764,14.810749998136423,0.01269693277208983
64819443957002842,Kauno m.,20,110,2,56.0,2023.0,ambiguous,4306,8034,440029948403,55.96573932189246,0.0006119850480041933
75609882700775774,Aleksoto sen.,20,110,2,112.0,1959.0,ambiguous,7087,8034,440055096701,112.00778944910378,6.954623431720819e-05
74437386383233384,Kauno m.,28,240,1,15.0,1991.0,ambiguous,354,3176,440023993764,14.810749998136423,0.01269693277208983
75031707384889554,Kauno m.,28,240,1,21.0,1975.0,ambiguous,683,3176,199570356022,20.99824999592453,8.333699983475995e-05
7560208314253529,Gričiupio sen.,20,140,4,851.29,1961.0,ambiguous,66,149,199660026013,862.4817999837145,0.013061201133980127
80526044473728575,Kauno m.,28,240,1,21.0,2006.0,ambiguous,683,3176,199570356022,20.99824999592453,8.333699983475995e-05
7537973199109109,Eigulių sen.,22,292,2,1356.0,1987.0,ambiguous,125,190,199800045010,1356.2113000139768,0.00015581382940421662
75657846601924442,Žaliakalnio sen.,20,140,2,107.0,1935.0,ambiguous,681,821,199230065017,107.04786428606059,0.00044722975413069577
75665522714410294,Šilainių sen.,20,110,1,68.0,1933.0,ambiguous,10955,15727,199350307010,67.98379999127593,0.00023826380497915522
74842043889051482,Šilainių sen.,22,228,1,309.0,1987.0,ambiguous,7,21,199820121011,351.45033171054274,0.12872712055796054
75621901960627499,Žaliakalnio sen.,20,110,2,112.0,1956.0,ambiguous,7087,8034,440055096701,112.00778944910378,6.954623431720819e-05
7499707876607202,Kauno m.,28,240,1,21.0,1989.0,ambiguous,683,3176,199570356022,20.99824999592453,8.333699983475995e-05
75661863364887755,Žaliakalnio sen.,20,110,2,156.0,1934.0,ambiguous,6666,8034,199620020011,156.00509999704323,3.269175435782756e-05
75639650577737222,Vilijampolės sen.,20,140,2,99.0,1941.0,ambiguous,646,821,199380522010,98.8341000088226,0.0016771631387912933
75527394102622186,Vilijampolės sen.,20,110,2,98.0,1970.0,ambiguous,7063,8034,199640027012,98.00959999648352,9.795435010673259e-05
7559193692550123,Žaliakalnio sen.,20,120,1,143.0,1962.0,ambiguous,1305,1391,529780278017,143.01815145568605,0.0001269252012017219
74453171762901615,Kauno m.,28,240,1,25.0,1982.0,ambiguous,903,3176,440050743778,24.990042994721314,0.00039835954577638333
74280169763175918,Kauno m.,28,240,1,44.0,1993.0,ambiguous,1647,3176,440023080940,43.90603878903235,0.0021377654606191676
75557695405519334,Šilainių sen.,20,110,2,176.0,1967.0,ambiguous,6168,8034,199190013014,175.99489999986943,2.8977693317777664e-05
64843382581196971,Kauno m.,20,110,1,81.0,1994.0,ambiguous,12898,15727,199330201011,81.0056999902783,7.036777447932963e-05
74158812809379263,Kauno m.,28,240,1,40.0,2002.0,ambiguous,1517,3176,529740369028,40.01455516398078,0.00036381291157594475
74266374007859237,Kauno m.,28,240,1,46.0,1972.0,ambiguous,1698,3176,440044986196,45.96639522582524,0.0007308055423478343
75354092294094926,Petrašiūnų sen.,20,110,2,207.0,1999.0,ambiguous,5326,8034,440021724552,207.02954928836155,0.00014273999748404265
65165466950212358,Kauno m.,28,240,1,26.0,2010.0,ambiguous,946,3176,440053170297,26.02109562525104,0.0008110412190998062
64920685948281209,Vilijampolės sen.,20,120,2,132.0,2023.0,ambiguous,2205,2464,440045652506,131.97990748926404,0.00015222757645361185
7546069353031995,Kauno m.,22,220,1,280.0,1985.0,ambiguous,535,1208,198780020872,278.5411649383662,0.005223745251167422
74488739776947185,Kauno m.,28,240,1,19.0,1938.0,ambiguous,555,3176,440041270455,19.060278235022437,0.003167516803143755
75527566697195556,Kauno m.,22,224,2,881.0,1978.0,ambiguous,54,117,199580544158,838.5533461474604,0.049379425769437546
74582405684136266,Šilainių sen.,20,110,1,143.0,1974.0,ambiguous,14192,15727,199400255016,143.00616192167755,4.3089433019005696e-05
7558223085868733,Šilainių sen.,20,110,1,102.0,1964.0,ambiguous,14424,15727,529560142010,101.99533091911671,4.5776350497739315e-05
74607978132930255,Kauno m.,28,240,1,26.52,1974.0,ambiguous,967,3176,199050059033,26.53594451719644,0.0006010454746037119
75654936650240187,Aleksoto sen.,20,110,1,122.0,1936.0,ambiguous,14678,15727,440049831383,121.99540721566103,3.764648189008568e-05
74452407265339707,Kauno m.,28,240,1,30.0,1973.0,ambiguous,1147,3176,440053929710,29.989079681954312,0.00036407686946393625
6490139573922496,Šilainių sen.,20,110,2,55.0,2019.0,ambiguous,4187,8034,440043029774,55.020286951158944,0.00036878564764819544
75627692053702678,Gričiupio sen.,20,110,1,103.0,1954.0,ambiguous,14459,15727,199700088017,103.00047223231456,4.5847692424771935e-06
74897167155427796,Kauno m.,28,240,1,35.0,1985.0,ambiguous,1368,3176,199730192028,35.120799997296,0.003445485984352459
74444564973260186,Kauno m.,28,240,1,17.0,1968.0,ambiguous,444,3176,199100169028,16.981026597074084,0.0011167058089558424
75668957946730009,Aleksoto sen.,20,110,1,126.0,1932.0,ambiguous,14627,15727,199300603018,126.00539999584704,4.285619155730558e-05
75703275908944212,Vilijampolės sen.,20,120,2,83.0,1957.0,ambiguous,2195,2464,440045619934,83.02267767969572,0.0002731877374060332
749160389595529,Kauno m.,28,240,1,16.8,1952.0,ambiguous,434,3176,440022956932,16.702565295758465,0.005816568258933508
75665569119300752,Aleksoto sen.,20,120,1,148.0,1933.0,ambiguous,1293,1391,199290245016,147.97864732378045,0.0001442852479369705
74902870718770637,Kauno m.,28,240,1,18.0,1962.0,ambiguous,504,3176,199620475038,18.02892226261338,0.0016055028576857922
75151862939362379,Vilijampolės sen.,20,110,0,228.0,1993.0,ambiguous,66,88,440002865668,230.34287881908062,0.010223347337422695
75612144896756536,Šančių sen.,20,140,1,188.0,1959.0,ambiguous,718,790,199320322014,187.76217447290503,0.0012658302245815989
64777454138321658,Kauno m.,20,110,1,228.0,2025.0,ambiguous,9013,15727,440038755054,227.99560772423914,1.9264552932440893e-05
74956828534172279,Kauno m.,28,240,1,30.0,1980.0,ambiguous,1147,3176,440053929710,29.989079681954312,0.00036407686946393625
75362108173272088,Šilainių sen.,24,140,5,731.0,1989.0,ambiguous,157,180,199780145017,735.1071000247724,0.0056027431671763495
75457738942080979,Šančių sen.,20,140,5,1043.0,1976.0,ambiguous,671,847,199660126010,1043.6849570245777,0.0006565025993721108
74984519153773813,Kauno m.,28,240,1,38.0,1968.0,ambiguous,1466,3176,440021225961,38.020943912511775,0.0005510037619571584
75677908863301682,Centro sen.,22,222,1,793.0,1930.0,ambiguous,259,917,199750126019,792.5533294878567,0.0005634254183091159
74619025455265303,Kauno m.,28,240,1,52.0,1933.0,ambiguous,1860,3176,199900331026,51.9864903071722,0.00025983553948050186
64712275582053516,Kauno m.,22,232,1,6886.0,2024.0,confident,3,18,440051325164,6613.7297187921495,0.04034261620652302
74100960792007939,Petrašiūnų sen.,20,110,1,145.0,2006.0,ambiguous,14102,15727,199320291018,144.99899999988173,6.8965763206918496e-06
7441223027619355,Kauno m.,28,240,1,37.0,1982.0,ambiguous,1439,3176,440023510410,36.97549517472136,0.0006625119877079477
75651653276055178,Žaliakalnio sen.,20,110,1,115.0,1937.0,ambiguous,14686,15727,440019548006,114.99592275123403,3.545496561496719e-05
74539258387851276,Kauno m.,28,240,1,19.0,1936.0,ambiguous,555,3176,440041270455,19.060278235022437,0.003167516803143755
65063913277633362,Šilainių sen.,20,110,1,298.0,2017.0,ambiguous,5627,15727,199180026037,298.0478000058632,0.00016038984110089416
65163251940482142,Žaliakalnio sen.,22,292,6,3390.0,2013.0,ambiguous,2,4,440020984954,3238.604646904652,0.04568734888632875
74564991922733248,Kauno m.,28,240,1,26.0,1990.0,ambiguous,946,3176,440053170297,26.02109562525104,0.0008110412190998062
7569812946032746,Vilijampolės sen.,20,110,1,94.0,1910.0,ambiguous,14041,15727,199230049013,94.00668983734653,7.116595005385307e-05
64878732387116306,Žaliakalnio sen.,20,110,2,124.0,2020.0,ambiguous,7025,8034,199680174016,123.97985000983215,0.00016251312525117356
74839292952520786,Šilainių sen.,20,110,2,138.0,1989.0,ambiguous,6916,8034,199590172011,137.99989187637405,7.835048432269787e-07
74247016099639282,Kauno m.,28,240,1,14.0,1967.0,ambiguous,297,3176,190021051033,14.002474562702611,0.00017673885952573798
7442466716399708,Kauno m.,28,240,1,15.0,1982.0,ambiguous,354,3176,440023993764,14.810749998136423,0.01269693277208983
6485097101884689,Kauno m.,20,110,1,228.75,2019.0,ambiguous,8971,15727,190030205012,228.72739999373667,9.880272241691301e-05
75630500305351248,Žaliakalnio sen.,20,110,1,89.0,1953.0,ambiguous,13678,15727,199360309014,88.99111999882014,9.978027204127216e-05
64845792748688943,Kauno m.,20,110,1,186.0,2025.0,ambiguous,11692,15727,529750303016,186.0022628892259,1.2165997100410664e-05
75604880801520641,Žaliakalnio sen.,20,120,2,112.0,1960.0,ambiguous,2253,2464,440046066313,112.03307772838448,0.0002952932572304334
64926269069344913,Šilainių sen.,20,110,2,43.0,2020.0,ambiguous,2589,8034,440055956130,43.050802384778166,0.001180753445001237
75646315428700206,Žaliakalnio sen.,20,140,2,139.0,1939.0,ambiguous,756,821,199580525018,138.90220001494717,0.0007038446553142563
743122602335579,Kauno m.,28,240,1,67.0,1930.0,ambiguous,2144,3176,440021199362,67.06007540801815,0.0008962461322905568
64794376311745158,Kauno m.,20,110,1,171.0,2023.0,ambiguous,12647,15727,529870211013,171.0027000005778,1.5789352410422453e-05
75336936826142481,Vilijampolės sen.,20,110,3,154.0,1994.0,ambiguous,82,88,199980098013,153.7046196314624,0.0019198961629012246
75006037642441681,Kauno m.,28,240,1,24.0,1927.0,ambiguous,830,3176,199480080075,23.88897094517182,0.00463694464823261
74440407326776786,Kauno m.,28,240,1,41.0,1965.0,ambiguous,1541,3176,199390440029,41.00460000060461,0.00011218884329400325
74499445190794281,Kauno m.,28,240,1,12.0,1930.0,ambiguous,208,3176,440002584574,12.29224999792967,0.02406233253648926
75711117090434807,Centro sen.,20,140,2,330.0,1880.0,ambiguous,430,821,199620473010,329.2716999920823,0.0022094086677526548
74571531566475224,Kauno m.,28,240,1,26.0,1986.0,ambiguous,946,3176,440053170297,26.02109562525104,0.0008110412190998062
74397696691154036,Kauno m.,28,240,1,17.0,1951.0,ambiguous,444,3176,199100169028,16.981026597074084,0.0011167058089558424
65057307777707546,Aleksoto sen.,28,240,1,20.0,2012.0,ambiguous,617,3176,440027549862,20.046249997112902,0.002309830142869007
74299093105490766,Kauno m.,28,240,1,16.0,1987.0,ambiguous,406,3176,440052806336,16.03196284859298,0.001995685331706021
85505100538701362,Vilijampolės sen.,20,110,1,159.0,2005.0,ambiguous,13397,15727,199360269014,158.9881999853842,7.421668239082635e-05
64850784335997183,Kauno m.,28,240,1,50.0,2021.0,ambiguous,1809,3176,440025282048,50.01779811025121,0.00035589886550901895
74457299957263856,Kauno m.,28,240,1,28.0,1982.0,ambiguous,1054,3176,440040127631,28.04340274881733,0.001548898009962052
75018091815580695,Kauno m.,28,240,0,11.0,1989.0,ambiguous,2,14,440037465764,19.353600001105665,0.5649831759416717
7498928821470377,Panemunės sen.,20,110,1,104.99,1958.0,ambiguous,14540,15727,199590309010,104.99429999652952,4.095540981108314e-05
74492195387768176,Kauno m.,28,240,1,6.0,1947.0,ambiguous,15,3176,440002584574,12.29224999792967,0.7172095130964347
65189654690970142,Šilainių sen.,20,110,2,200.0,2018.0,ambiguous,5526,8034,440043713357,199.97963089584945,0.00010185070735957424
74919414700279865,Kauno m.,28,240,1,11.0,1985.0,ambiguous,173,3176,440002584574,12.29224999792967,0.11107370952611895
75373650679169624,Petrašiūnų sen.,22,224,1,1224.0,1988.0,ambiguous,307,729,199930342011,1229.03759997871,0.004107239987298783
75587481740474291,Gričiupio sen.,22,220,1,19.0,1963.0,ambiguous,210,1208,199720361017,18.986193523152647,0.0007269208191074128
74923740838981165,Kauno m.,22,212,1,305.0,1998.0,ambiguous,175,437,440045562040,306.98903129330495,0.0065002416551971365
75482702420090683,Aleksoto sen.,20,110,1,82.0,1974.0,ambiguous,13015,15727,199350367010,82.02977420216645,0.00036303412155813675
75654535422672087,Žaliakalnio sen.,20,140,2,118.0,1937.0,ambiguous,713,821,199370261019,118.04163571565776,0.00035278281277228984
65110434772927356,Aleksoto sen.,20,110,1,228.0,2015.0,ambiguous,9013,15727,440038755054,227.99560772423914,1.9264552932440893e-05
75404409117260027,Šilainių sen.,22,224,1,471.0,1984.0,ambiguous,308,729,199750227055,471.3303647611196,0.0007011655084214752
74267889417453645,Aleksoto sen.,28,240,1,20.0,1972.0,ambiguous,617,3176,440027549862,20.046249997112902,0.002309830142869007
74976940794090743,Kauno m.,28,240,1,20.0,1982.0,ambiguous,617,3176,440027549862,20.046249997112902,0.002309830142869007
7417787230235931,Kauno m.,28,240,1,20.0,1984.0,ambiguous,617,3176,440027549862,20.046249997112902,0.002309830142869007
65329230483761908,Panemunės sen.,20,110,1,135.0,2018.0,ambiguous,14466,15727,199370030010,134.9980908394648,1.414202988847535e-05
74203241726586947,Šilainių sen.,22,214,2,183.51,2001.0,ambiguous,34,65,440020155093,181.02824577016432,0.01361608885310428
74631796189144034,Kauno m.,28,240,1,45.5,1968.0,ambiguous,1689,3176,440024807916,45.50098218223734,2.1586189815181456e-05
75536690976398341,Petrašiūnų sen.,22,296,1,121.0,1969.0,ambiguous,124,352,440021353140,119.15384999741578,0.015375030384208621
74138354051635005,Kauno m.,28,240,1,20.0,1920.0,ambiguous,617,3176,440027549862,20.046249997112902,0.002309830142869007
74252165407282356,Kauno m.,28,240,1,11.0,1990.0,ambiguous,173,3176,440002584574,12.29224999792967,0.11107370952611895
65188830795378752,Aleksoto sen.,20,110,1,131.0,2018.0,ambiguous,14554,15727,199280143015,131.00289999656417,2.2137133324662273e-05
74237797723944829,Kauno m.,28,240,1,33.0,1988.0,ambiguous,1269,3176,440057304559,32.99742574165476,7.801087141245944e-05
75184281496093006,Aleksoto sen.,20,110,1,91.0,1978.0,ambiguous,13843,15727,529580353015,90.9991747341689,9.068896408948035e-06
75616241604507181,Šilainių sen.,20,110,1,126.0,1958.0,ambiguous,14627,15727,199300603018,126.00539999584704,4.285619155730558e-05
87471339649399099,Kauno m.,28,240,1,59.0,1990.0,ambiguous,2017,3176,199390329038,59.001267202815534,2.147778317329596e-05
7566018928549581,Vilijampolės sen.,24,140,2,393.0,1997.0,ambiguous,239,430,198900101010,392.5691051754214,0.001097026003068713
75343180571108267,Aleksoto sen.,20,110,2,128.0,1992.0,ambiguous,7016,8034,199690166019,128.00584672769304,4.5676516914561205e-05
74227036615802516,Šilainių sen.,20,110,2,83.0,1969.0,ambiguous,6587,8034,199470048010,83.00050000228266,6.024105742241659e-06
74412062369366622,Kauno m.,28,240,1,18.0,1988.0,ambiguous,504,3176,199620475038,18.02892226261338,0.0016055028576857922
74438525379424303,Kauno m.,28,240,1,38.0,1983.0,ambiguous,1466,3176,440021225961,38.020943912511775,0.0005510037619571584
74307092022659199,Kauno m.,28,240,1,24.0,1955.0,ambiguous,830,3176,199480080075,23.88897094517182,0.00463694464823261
75647504217873085,Žaliakalnio sen.,20,110,1,114.0,1938.0,ambiguous,14677,15727,199610120013,114.00675000675302,5.92088326749618e-05
74930646772271972,Kauno m.,28,240,1,20.0,1960.0,ambiguous,617,3176,440027549862,20.046249997112902,0.002309830142869007
75638081977808788,Vilijampolės sen.,22,210,3,174.0,2016.0,ambiguous,46,151,199300386016,171.8629187444082,0.012358124205841925
65118993084676668,Panemunės sen.,20,110,2,146.0,2015.0,ambiguous,6800,8034,529770257011,145.99224999109376,5.308366169476386e-05
75484533246063149,Žaliakalnio sen.,20,120,2,118.0,1973.0,ambiguous,2237,2464,440045723486,118.02811739295075,0.00023825460622450834
64887345965401924,Šilainių sen.,20,110,1,144.0,2020.0,ambiguous,14153,15727,199340023023,143.97297600681765,0.00018768423090520514
75605710254768518,Petrašiūnų sen.,20,110,1,61.0,1960.0,ambiguous,9635,15727,199350568020,61.02070000389889,0.00033928676194783236
64867862795338738,Kauno m.,20,120,1,203.0,2020.0,ambiguous,1040,1391,199280039018,202.93694528820913,0.0003106625944244712
7426057791948236,Kauno m.,28,240,1,35.0,1980.0,ambiguous,1368,3176,199730192028,35.120799997296,0.003445485984352459
64853061552703817,Kauno m.,20,110,1,75.0,2021.0,ambiguous,12095,15727,440053826112,74.99262687105838,9.831321847375563e-05
74433090284019648,Kauno m.,28,240,1,29.0,1980.0,ambiguous,1106,3176,440061094300,29.048890156438162,0.0016844479839783766
74443902241259283,Kauno m.,28,240,1,16.0,1970.0,ambiguous,406,3176,440052806336,16.03196284859298,0.001995685331706021
75343089289670331,Aleksoto sen.,20,110,1,165.0,2008.0,ambiguous,13024,15727,199250246010,164.99997765821453,1.3540476917484057e-07
75340651792829658,Petrašiūnų sen.,20,110,1,247.0,2005.0,ambiguous,7944,15727,190020523010,247.0120000075661,4.858184646572283e-05
64872101199401844,Kauno m.,28,240,1,28.0,2011.0,ambiguous,1054,3176,440040127631,28.04340274881733,0.001548898009962052
74881407351666443,Kauno m.,28,240,1,61.0,1966.0,ambiguous,2042,3176,199230070049,61.01649703387182,0.00027040661506205765
74770273118863084,Kauno m.,28,240,1,32.0,1993.0,ambiguous,1227,3176,199490033024,32.05080792518123,0.0015864885232148573
75351090581833438,Žaliakalnio sen.,22,220,1,73.0,1990.0,ambiguous,285,1208,199620055010,73.50055827380712,0.006833560603555888
65115165216686935,Aleksoto sen.,20,120,3,183.0,2017.0,ambiguous,41,63,199220038015,186.35640316044234,0.018174833429623227
75587177617528048,Aleksoto sen.,20,110,1,78.0,1963.0,ambiguous,12525,15727,199350283019,78.01065000481847,0.00013652920277795744
75620296035417464,Aleksoto sen.,20,110,1,147.0,1957.0,ambiguous,14003,15727,440027278546,146.98703443898248,8.820498530237586e-05
74414995795208411,Kauno m.,28,240,1,21.0,1989.0,ambiguous,683,3176,199570356022,20.99824999592453,8.333699983475995e-05
74571565968449133,Šančių sen.,20,140,1,126.0,1935.0,ambiguous,728,790,199410073017,126.03657204333888,0.0002902121965799864
74208390582029785,Kauno m.,28,240,1,56.0,2001.0,ambiguous,1946,3176,199240070075,55.98519746826795,0.0002643658653633807
74453512676640257,Kauno m.,28,240,0,34.0,1964.0,ambiguous,4,14,199280332056,20.6112000027217,0.5005259071136776
64898390003759535,Šilainių sen.,20,110,2,50.0,2019.0,ambiguous,3504,8034,440052413937,49.99065072191384,0.0001870030457027383
74170563976407505,Aleksoto sen.,22,222,2,25.0,1972.0,ambiguous,11,243,190020349018,22.353099992084875,0.11191081132016478
74594693485780628,Kauno m.,28,240,1,16.0,1990.0,ambiguous,406,3176,440052806336,16.03196284859298,0.001995685331706021
74251832101689036,Kauno m.,28,240,1,30.0,1975.0,ambiguous,1147,3176,440053929710,29.989079681954312,0.00036407686946393625
74395922240632906,Kauno m.,28,240,1,34.0,1969.0,ambiguous,1314,3176,199350050047,33.81439999509547,0.005473777496629584
74220377493510348,Kauno m.,28,240,1,1722.0,2001.0,ambiguous,27,3176,199600323546,1760.6209499402737,0.022180153286902815
74481190100226496,Kauno m.,28,240,1,17.0,1970.0,ambiguous,444,3176,199100169028,16.981026597074084,0.0011167058089558424
65258765559551277,Petrašiūnų sen.,20,110,1,108.0,2017.0,ambiguous,14616,15727,199000199013,107.99345000005532,6.064998680965772e-05
74116630904123099,Kauno m.,20,110,2,104.0,1993.0,ambiguous,7096,8034,199900278019,104.00834005584943,8.018962943179275e-05
75514842227754037,Žaliakalnio sen.,20,110,1,127.0,1970.0,ambiguous,14624,15727,199580537011,127.00350000830926,2.7558740799626946e-05
74463677211408508,Kauno m.,28,240,1,12.0,1969.0,ambiguous,208,3176,440002584574,12.29224999792967,0.02406233253648926
10048327066329162,Vilijampolės sen.,20,110,1,261.0,2008.0,ambiguous,7210,15727,440050952624,261.0013587048445,5.205752137804609e-06
75559264374229732,Dainavos sen.,20,140,5,692.0,1966.0,ambiguous,806,847,199680025014,691.7735744064883,0.0003272581580109346
74179433597247768,Žaliakalnio sen.,22,222,1,67.0,1985.0,ambiguous,331,917,190010342010,67.04000000081956,0.0005968367950872633
74420880205929213,Kauno m.,28,240,1,31.0,1980.0,ambiguous,1191,3176,199320440073,30.96873296372617,0.0010091230668045625
64902033291051889,Vilijampolės sen.,20,110,1,107.0,2018.0,ambiguous,14591,15727,199670019013,106.99252679106144,6.984551333300004e-05
75549348390827581,Šilainių sen.,20,110,1,89.0,1967.0,ambiguous,13678,15727,199360309014,88.99111999882014,9.978027204127216e-05
74867933553119312,Kauno m.,28,240,1,23.0,1946.0,ambiguous,785,3176,440050269433,23.024728073147582,0.0010745560728868675
74317961989876544,Kauno m.,28,240,2,29.0,1930.0,ambiguous,25,123,199630142020,28.975800000848995,0.0008348311038797185
74390743037635834,Kauno m.,28,240,1,12.0,1979.0,ambiguous,208,3176,440002584574,12.29224999792967,0.02406233253648926
7440159635944657,Kauno m.,28,240,1,22.0,1975.0,ambiguous,739,3176,199270002032,22.042988585359026,0.0019521199805661027
74853127028870717,Kauno m.,28,240,1,21.0,1976.0,ambiguous,683,3176,199570356022,20.99824999592453,8.333699983475995e-05
75029185368784876,Panemunės sen.,22,214,1,285.0,1917.0,ambiguous,46,126,198810001070,284.20141763654834,0.002805976452896708
64898796403655423,Šilainių sen.,20,110,1,69.0,2003.0,ambiguous,11136,15727,199200162018,69.00819998759609,0.00011883333898232706
65192295262686745,Kauno m.,28,240,1,59.0,2009.0,ambiguous,2017,3176,199390329038,59.001267202815534,2.147778317329596e-05
74288500951372627,Kauno m.,28,240,1,27.0,1957.0,ambiguous,995,3176,199300179020,26.94290380843917,0.00211691284124349
74294778666389713,Kauno m.,28,240,1,44.0,1936.0,ambiguous,1647,3176,440023080940,43.90603878903235,0.0021377654606191676
74481826683695351,Kauno m.,28,240,1,30.0,1950.0,ambiguous,1147,3176,440053929710,29.989079681954312,0.00036407686946393625
6491598751194462,Kauno m.,20,120,2,108.0,2022.0,ambiguous,2288,2464,440058018822,107.9997808870303,2.0288258522072056e-06
75636946872296593,Šančių sen.,20,110,1,169.0,1948.0,ambiguous,12766,15727,199930001018,168.9953999954,2.7219332572769872e-05
744017872449627,Kauno m.,28,240,1,40.0,1960.0,ambiguous,1517,3176,529740369028,40.01455516398078,0.00036381291157594475
65211392598062537,Petrašiūnų sen.,20,110,1,100.0,2016.0,ambiguous,14351,15727,199000258015,99.9960539979593,3.9460798974211286e-05
64916281490039654,Petrašiūnų sen.,20,110,1,196.0,2017.0,ambiguous,11070,15727,199940107015,195.97712662901483,0.00011670768244975704
74250657258657898,Kauno m.,28,240,1,23.0,1975.0,ambiguous,785,3176,440050269433,23.024728073147582,0.0010745560728868675
74895572150332657,Kauno m.,28,240,1,32.0,1960.0,ambiguous,1227,3176,199490033024,32.05080792518123,0.0015864885232148573
75618170136781016,Aleksoto sen.,20,110,1,89.0,1980.0,ambiguous,13678,15727,199360309014,88.99111999882014,9.978027204127216e-05
75493060352246774,Kauno m.,22,296,1,29.0,1973.0,ambiguous,107,352,199520137080,28.801999999295923,0.006851000835728538
75699295413167653,Šančių sen.,20,110,1,246.0,1910.0,ambiguous,7981,15727,440026833096,245.98984162877454,4.129504460159694e-05
74294042892296797,Kauno m.,28,240,1,26.0,1956.0,ambiguous,946,3176,440053170297,26.02109562525104,0.0008110412190998062
748299502208217,Kauno m.,28,240,1,71.0,1980.0,ambiguous,2179,3176,440045080139,70.94084533663673,0.0008335115469790821
74448311169073786,Kauno m.,28,240,1,24.0,1946.0,ambiguous,830,3176,199480080075,23.88897094517182,0.00463694464823261
75199960290872628,Panemunės sen.,20,110,2,75.0,1972.0,ambiguous,6141,8034,440040065349,75.00372912924772,4.972048721896272e-05
75358934836316463,Šančių sen.,22,220,2,106.0,1990.0,ambiguous,27,149,199780086026,104.54240000368785,0.01384636333600664
64817082911247825,Kauno m.,28,240,1,64.0,2015.0,ambiguous,2088,3176,199780088020,64.0053500023732,8.359029331561629e-05
74568125062813906,Kauno m.,28,240,1,7.0,1961.0,ambiguous,39,3176,440002584574,12.29224999792967,0.5630588332691764
75423508205563969,Eigulių sen.,20,140,5,623.0,1981.0,ambiguous,827,847,199900088013,622.0518999997101,0.0015229890152363978
75687833139668745,Aleksoto sen.,20,110,1,34.0,1930.0,ambiguous,2357,15727,199280114023,34.03780000427999,0.001111147278916924
64861759216470791,Kauno m.,20,110,1,106.0,2020.0,ambiguous,14566,15727,199150044010,105.99840000594352,1.5094397471493437e-05
74927249445439714,Kauno m.,28,240,1,25.0,1988.0,ambiguous,903,3176,440050743778,24.990042994721314,0.00039835954577638333
74445886799341596,Kauno m.,28,240,1,16.0,1987.0,ambiguous,406,3176,440052806336,16.03196284859298,0.001995685331706021
75706984099910127,Panemunės sen.,20,110,1,47.0,1895.0,ambiguous,6332,15727,440042926763,47.003863413391485,8.219690666688706e-05
75687454924653466,Vilijampolės sen.,22,210,2,342.0,1925.0,ambiguous,151,274,199300185017,340.1867295981818,0.005316065509568979
74467514682168917,Kauno m.,28,240,1,182.0,2003.0,ambiguous,1557,3176,440024286308,182.22494999844693,0.0012352257968597513
7556631753400872,Žaliakalnio sen.,20,110,2,78.0,1966.0,ambiguous,6336,8034,440053881637,77.99525149712031,6.088009520244242e-05
64890669377634838,Aleksoto sen.,20,110,1,200.0,2019.0,ambiguous,10794,15727,440053484278,199.97446825658622,0.00012766686613652212
74881116747110371,Kauno m.,28,240,1,32.0,1975.0,ambiguous,1227,3176,199490033024,32.05080792518123,0.0015864885232148573
75705967039408892,Kauno m.,22,296,1,295.0,1900.0,ambiguous,103,352,199720060022,299.005700002446,0.013487280422490144
75643977264872667,Žaliakalnio sen.,20,110,1,142.0,1939.0,ambiguous,14233,15727,199870150015,142.00064999388476,4.577411247375096e-06
6491976915192299,Šilainių sen.,20,110,2,72.0,2020.0,ambiguous,5919,8034,440046358430,72.01829196114784,0.00025402274943164826
75015188633222346,Kauno m.,28,240,1,27.0,1990.0,ambiguous,995,3176,199300179020,26.94290380843917,0.00211691284124349
74309355830236998,Kauno m.,28,240,0,17.0,1980.0,ambiguous,2,14,440037465764,19.353600001105665,0.1296651046838262
74434171277222919,Kauno m.,28,240,1,35.0,1986.0,ambiguous,1368,3176,199730192028,35.120799997296,0.003445485984352459
74262108330351198,Kauno m.,26,266,1,70.0,1989.0,ambiguous,300,389,440029050122,70.11160651425486,0.001593109102610235
75537944359583192,Panemunės sen.,20,110,1,111.0,1968.0,ambiguous,14661,15727,199000287018,110.98375000114552,0.00014640710307300964
75682217525411211,Aleksoto sen.,20,120,1,81.0,1928.0,ambiguous,1145,1391,199580304018,80.99060001044124,0.00011605598804820261
7563368917141422,Aleksoto sen.,22,224,1,1515.0,1971.0,ambiguous,281,729,440001159468,1516.2837341582854,0.0008469904816665874
74614932631954872,Kauno m.,28,240,1,30.75,1992.0,ambiguous,1177,3176,440054893344,30.733664760810253,0.00053136844193169
7569507186604485,Žaliakalnio sen.,20,110,1,134.0,1920.0,ambiguous,14489,15727,198850029016,133.99796999718876,1.5149389462010276e-05
74883695977344053,Kauno m.,28,240,1,22.0,1959.0,ambiguous,739,3176,199270002032,22.042988585359026,0.0019521199805661027
74492833548611789,Kauno m.,28,240,1,18.0,1981.0,ambiguous,504,3176,199620475038,18.02892226261338,0.0016055028576857922
74495977976540728,Kauno m.,28,240,1,20.0,1936.0,ambiguous,617,3176,440027549862,20.046249997112902,0.002309830142869007
74843482354592608,Kauno m.,28,240,1,23.14,1960.0,ambiguous,799,3176,440051931894,23.1636147372962,0.0010199955004619454
75401627070600163,Dainavos sen.,24,140,10,393.0,1984.0,ambiguous,6,7,199840026011,391.42779999615885,0.0040085323571332765
74430072351248433,Kauno m.,28,240,1,24.0,1950.0,ambiguous,830,3176,199480080075,23.88897094517182,0.00463694464823261
74635362540746777,Kauno m.,28,240,1,15.91,1932.0,ambiguous,403,3176,440052806336,16.03196284859298,0.007636565221791791
74947548753492715,Kauno m.,28,240,1,10.4,1955.0,ambiguous,149,3176,440002584574,12.29224999792967,0.1671631761771626
74630411866493565,Kauno m.,28,240,1,26.0,1994.0,ambiguous,946,3176,440053170297,26.02109562525104,0.0008110412190998062
6475370356451364,Kauno m.,22,224,1,289.0,2023.0,ambiguous,235,729,199750287077,289.78860000239087,0.0027250035345414148
75015027772491513,Kauno m.,28,240,2,26.0,1900.0,ambiguous,22,123,440028268844,28.644961858931527,0.09688103832941097
75644105563423547,Vilijampolės sen.,20,110,1,125.0,1939.0,ambiguous,14638,15727,199630136013,124.9978000054907,1.760011095619518e-05
75640473538737249,Vilijampolės sen.,20,140,1,234.0,1940.0,ambiguous,620,790,199290193012,234.03199999522604,0.00013674276663167007
75026727480733579,Kauno m.,28,240,1,259.0,1970.0,ambiguous,1010,3176,199300685038,259.18154891754125,0.0007007155131208975
75611105370484752,Petrašiūnų sen.,20,110,2,129.0,1959.0,ambiguous,7010,8034,440020237236,129.0203320567398,0.00015760042334544977
74194253551359682,Šilainių sen.,22,222,1,124.0,1987.0,ambiguous,247,917,199200190192,124.90969999561756,0.007309510605566949
74266846336694628,Kauno m.,28,240,1,11.0,1966.0,ambiguous,173,3176,440002584574,12.29224999792967,0.11107370952611895
75149533013153913,Šilainių sen.,20,110,2,302.05,1995.0,ambiguous,2791,8034,440024741826,301.96115441393766,0.00029418525155922026
74203962540310142,Panemunės sen.,20,110,1,272.0,2001.0,ambiguous,6730,15727,440021198598,272.0005807609091,2.13514812141824e-06
64934434453856341,Panemunės sen.,20,110,1,197.0,2018.0,ambiguous,10998,15727,529620192010,196.99574829410827,2.15824963101241e-05
8127426126197855,Šilainių sen.,22,212,1,1196.0,2006.0,ambiguous,136,437,199570218025,1222.053932240602,0.02155033865018119
75613582278053343,Gričiupio sen.,20,110,1,160.0,1958.0,ambiguous,13335,15727,199350069019,160.00144707591636,9.044183578943432e-06
74296589153364664,Kauno m.,28,240,1,25.0,1994.0,ambiguous,903,3176,440050743778,24.990042994721314,0.00039835954577638333
75337135936581534,Centro sen.,24,202,5,509.0,2014.0,confident,1,1,199940103015,471.6484492924413,0.0762141192954493
74830340453238373,Kauno m.,28,240,0,17.0,1995.0,ambiguous,2,14,440037465764,19.353600001105665,0.1296651046838262
74826643185055289,Kauno m.,28,240,0,6.0,1978.0,no_match,0,14,,,
74550762880798455,Kauno m.,28,240,1,22.0,1930.0,ambiguous,739,3176,199270002032,22.042988585359026,0.0019521199805661027
75633159245999865,Centro sen.,20,110,2,191.0,2006.0,ambiguous,5750,8034,199890013013,190.98157178381496,9.648746201662561e-05
74937675325482206,Kauno m.,28,240,1,30.0,1979.0,ambiguous,1147,3176,440053929710,29.989079681954312,0.00036407686946393625
74621439568325801,Kauno m.,28,240,1,40.25,1953.0,ambiguous,1522,3176,199240039021,40.341999991077,0.0022831057933849763
75673710136517677,Gričiupio sen.,20,110,1,130.0,1997.0,ambiguous,14576,15727,199340256017,129.99929999415465,5.384674845565485e-06
75696584834793176,Kauno m.,22,222,1,379.0,1944.0,ambiguous,225,917,199550120160,380.33103706007364,0.003505818565023411
64695287117779721,Kauno m.,22,214,1,52.0,2025.0,ambiguous,38,126,440061153079,52.594166157630575,0.011361485460568144
75099470674290014,Kauno m.,22,220,1,977.0,1990.0,ambiguous,327,1208,440054875468,982.0037879546151,0.0051085136918356255
7502106845690748,Aleksoto sen.,20,110,1,92.7,1997.0,ambiguous,13962,15727,199310108020,92.70409999531378,4.4227666104568186e-05
7569330779906179,Centro sen.,24,140,3,469.0,1920.0,ambiguous,229,370,199300249016,469.17833239285505,0.00038016737084145547
74267192113382535,Kauno m.,28,240,1,36.0,1957.0,ambiguous,1405,3176,440050713967,36.03845984236268,0.001067758697253396
74143762102800256,Šilainių sen.,20,110,1,166.0,2007.0,ambiguous,12958,15727,199250292014,165.9990500016583,5.722897952864514e-06
75643053621433601,Aleksoto sen.,20,110,1,57.0,1937.0,ambiguous,8849,15727,199540133011,57.01082451597223,0.00018988575954459463
74420301193720437,Kauno m.,28,240,1,18.0,1935.0,ambiguous,504,3176,199620475038,18.02892226261338,0.0016055028576857922
74289666899232873,Kauno m.,28,240,1,1.0,1918.0,no_match,0,3176,,,
653091773958345,Aleksoto sen.,20,110,1,125.0,2007.0,ambiguous,14638,15727,199630136013,124.9978000054907,1.760011095619518e-05
65112918341101472,Kauno m.,28,240,1,36.0,1994.0,ambiguous,1405,3176,440050713967,36.03845984236268,0.001067758697253396
74449974752779563,Kauno m.,28,240,1,43.0,1968.0,ambiguous,1597,3176,440028001572,43.06414195874233,0.0014905620194025637
65079335932180571,Vilijampolės sen.,28,240,1,26.0,2012.0,ambiguous,946,3176,440053170297,26.02109562525104,0.0008110412190998062
65125008415084076,Žaliakalnio sen.,28,240,1,38.0,2012.0,ambiguous,1466,3176,440021225961,38.020943912511775,0.0005510037619571584
74882031998230833,Kauno m.,28,240,1,5.0,1981.0,ambiguous,3,3176,440002584574,12.29224999792967,0.8995310698903893
74275152447339357,Kauno m.,28,240,1,23.0,1987.0,ambiguous,785,3176,440050269433,23.024728073147582,0.0010745560728868675
75336365931338328,Šančių sen.,20,110,2,194.0,1994.0,ambiguous,5667,8034,440007679005,194.000899990749,4.639116811588906e-06
74102340352052015,Dainavos sen.,20,110,2,71.0,2008.0,ambiguous,5839,8034,199700538012,70.994700001904,7.465064679745836e-05
74986980761782659,Dainavos sen.,22,212,2,926.0,1970.0,ambiguous,69,156,190000103016,910.5294500090771,0.01684799112617341
74993066194369573,Kauno m.,28,240,1,32.11,1974.0,ambiguous,1228,3176,199740162021,32.10089674427923,0.00028354239679906357
74454519805813843,Kauno m.,28,240,1,25.0,1963.0,ambiguous,903,3176,440050743778,24.990042994721314,0.00039835954577638333
7541774661810062,Žaliakalnio sen.,20,110,2,121.0,1981.0,ambiguous,7049,8034,529810197010,120.97940000004546,0.00017026242733297892
74468997599847431,Kauno m.,28,240,1,52.0,1983.0,ambiguous,1860,3176,199900331026,51.9864903071722,0.00025983553948050186
74462999773631036,Kauno m.,28,240,1,21.0,1973.0,ambiguous,683,3176,199570356022,20.99824999592453,8.333699983475995e-05
64805162169690386,Kauno m.,20,120,2,132.0,2025.0,ambiguous,2205,2464,440045652506,131.97990748926404,0.00015222757645361185
74602201854965591,Kauno m.,28,240,1,7.32,1975.0,ambiguous,46,3176,440002584574,12.29224999792967,0.5183586543512695
75629431022788005,Vilijampolės sen.,20,110,1,117.0,1953.0,ambiguous,14704,15727,199640195010,116.99415000152811,5.000123698017944e-05
75344987360035989,Šilainių sen.,20,110,2,129.0,1995.0,ambiguous,7010,8034,440020237236,129.0203320567398,0.00015760042334544977
74252208720023555,Kauno m.,28,240,1,35.0,1954.0,ambiguous,1368,3176,199730192028,35.120799997296,0.003445485984352459
74939647838765305,Kauno m.,28,240,1,22.1,1960.0,ambiguous,746,3176,199270002032,22.042988585359026,0.0025830351848248334
74996315568379282,Kauno m.,28,240,1,14.0,1992.0,ambiguous,297,3176,190021051033,14.002474562702611,0.00017673885952573798
75646138292160672,Vilijampolės sen.,20,120,1,119.0,1939.0,ambiguous,1328,1391,440017692276,118.71599711385566,0.0023894312937784434
74456455869266927,Kauno m.,28,240,1,7.0,1955.0,ambiguous,39,3176,440002584574,12.29224999792967,0.5630588332691764
74478204728551933,Kauno m.,28,240,1,26.0,1905.0,ambiguous,946,3176,440053170297,26.02109562525104,0.0008110412190998062
64971004794417975,Vilijampolės sen.,20,110,2,75.0,2018.0,ambiguous,6141,8034,440040065349,75.00372912924772,4.972048721896272e-05
65199395978383215,Šilainių sen.,20,120,2,225.0,2012.0,ambiguous,1364,2464,440020969331,224.95170056575418,0.0002146871958501606
7430590050816667,Kauno m.,28,240,1,36.0,1982.0,ambiguous,1405,3176,440050713967,36.03845984236268,0.001067758697253396
6490554425347464,Šilainių sen.,20,110,2,85.0,2019.0,ambiguous,6673,8034,190020920011,84.97022799308391,0.00035032025987291604
74184907120266957,Aleksoto sen.,20,110,1,171.0,2001.0,ambiguous,12647,15727,529870211013,171.0027000005778,1.5789352410422453e-05
74598932694846132,Kauno m.,28,240,1,23.0,1986.0,ambiguous,785,3176,440050269433,23.024728073147582,0.0010745560728868675
74448539505812525,Kauno m.,28,240,2,84.0,2007.0,ambiguous,88,123,440053333830,84.98535680515224,0.01166216992576441
75461539106983666,Panemunės sen.,22,216,1,200.0,1976.0,ambiguous,27,40,199530195012,195.5832833050405,0.022331076275209583
74294734934794562,Kauno m.,28,240,1,21.0,1986.0,ambiguous,683,3176,199570356022,20.99824999592453,8.333699983475995e-05
64912748393480726,Šilainių sen.,20,110,2,52.0,2020.0,ambiguous,3799,8034,440045531931,51.9945992775241,0.00010386544144180831
64903784223735023,Petrašiūnų sen.,20,110,2,88.0,2018.0,ambiguous,6820,8034,440001824282,87.98192251111115,0.00020544711291403672
74453445674187185,Kauno m.,28,240,1,24.0,1954.0,ambiguous,830,3176,199480080075,23.88897094517182,0.00463694464823261
75536310016097952,Aleksoto sen.,20,110,1,90.0,1969.0,ambiguous,13772,15727,199510100017,90.00124999977648,1.3888789955451841e-05
74461157586136209,Kauno m.,28,240,1,14.0,1972.0,ambiguous,297,3176,190021051033,14.002474562702611,0.00017673885952573798
64824277744870776,Kauno m.,28,240,1,21.0,2017.0,ambiguous,683,3176,199570356022,20.99824999592453,8.333699983475995e-05
75595355425199226,Eigulių sen.,20,110,1,217.0,1962.0,ambiguous,9712,15727,440053018236,217.0618435992614,0.00028495294203700894
74452602317940555,Kauno m.,28,240,1,33.0,1958.0,ambiguous,1269,3176,440057304559,32.99742574165476,7.801087141245944e-05
75595880989206166,Vilijampolės sen.,20,110,1,367.0,2006.0,ambiguous,3131,15727,440005450894,367.2061499896994,0.0005615588894745116
75689506986270569,Šančių sen.,20,110,1,96.0,1924.0,ambiguous,14161,15727,199420002017,96.00074999316782,7.812398314932523e-06
74726184218833452,Kauno m.,28,240,1,2.8,1996.0,no_match,0,3176,,,
75566738849829715,Kauno m.,22,296,1,322.0,1966.0,ambiguous,102,352,199360285018,321.5877000165826,0.0012812551880960754
74785249674885687,Kauno m.,28,240,1,20.0,1982.0,ambiguous,617,3176,440027549862,20.046249997112902,0.002309830142869007
74453179645004808,Kauno m.,28,240,1,22.0,1978.0,ambiguous,739,3176,199270002032,22.042988585359026,0.0019521199805661027
65204802161769354,Centro sen.,20,110,3,195.0,2018.0,ambiguous,75,88,199700123015,194.1962080669957,0.004130528813758083
75634421439860114,Panemunės sen.,20,110,1,58.0,1950.0,ambiguous,9042,15727,199580474010,57.948449999510494,0.0008891883226764818
74827607396035861,Kauno m.,28,240,1,5.0,1947.0,ambiguous,3,3176,440002584574,12.29224999792967,0.8995310698903893
74500478712474838,Kauno m.,28,240,1,9.0,1928.0,ambiguous,98,3176,440002584574,12.29224999792967,0.31174440498827005
7551485719450074,Šilainių sen.,20,110,2,114.0,1970.0,ambiguous,7076,8034,199280273021,114.00444820968045,3.901862192545735e-05
75527371590767639,Šančių sen.,22,220,1,2085.0,1970.0,ambiguous,116,1208,190000145018,2132.457771245132,0.022506342472678575
75185485452541376,Panemunės sen.,20,120,1,188.0,2022.0,ambiguous,1125,1391,199580217010,188.00600000354555,3.191440320637895e-05
75028712507732298,Kauno m.,28,240,1,17.0,1965.0,ambiguous,444,3176,199100169028,16.981026597074084,0.0011167058089558424
75495098999529234,Kauno m.,22,224,2,969.0,1988.0,ambiguous,53,117,199820205014,960.2513455447652,0.009069543421510673
75223704755429749,Aleksoto sen.,20,120,1,83.0,1960.0,ambiguous,1167,1391,199630008012,83.0686291517,0.0008265155912638988
65309681886111998,Kauno m.,24,266,1,97.0,2007.0,ambiguous,41,97,199860140014,95.17884691496069,0.01895325766673306
74621693330633773,Panemunės sen.,28,240,1,38.0,1971.0,ambiguous,1466,3176,440021225961,38.020943912511775,0.0005510037619571584
75639517277106813,Vilijampolės sen.,20,110,1,83.74,1941.0,ambiguous,13199,15727,199550192019,83.72608842393866,0.00016614200790510125
75005154774023156,Petrašiūnų sen.,20,110,2,90.0,1972.0,ambiguous,6869,8034,199640049010,90.0042500006808,4.7221114852114e-05
74553960606380601,Kauno m.,28,240,1,45.0,1960.0,ambiguous,1679,3176,199590211020,45.00037570002737,8.34885464540136e-06
75033483730802805,Kauno m.,28,240,1,55.0,1961.0,ambiguous,1925,3176,440043133599,55.04719999694005,0.0008578137351182846
64973714321524323,Šilainių sen.,20,110,1,166.0,2017.0,ambiguous,12958,15727,199250292014,165.9990500016583,5.722897952864514e-06
74236189391550148,Kauno m.,28,240,1,34.0,1968.0,ambiguous,1314,3176,199350050047,33.81439999509547,0.005473777496629584
65161462804491199,Aleksoto sen.,28,240,1,47.0,2010.0,ambiguous,1734,3176,199740057027,47.009421325163444,0.00020043363871824482
64866896312472014,Kauno m.,20,120,2,71.0,2021.0,ambiguous,2003,2464,199370217010,70.90416951532941,0.0013506368356317466
7440343153772104,Kauno m.,28,240,1,22.0,1958.0,ambiguous,739,3176,199270002032,22.042988585359026,0.0019521199805661027
84966346945757262,Šilainių sen.,20,110,2,254.0,2016.0,ambiguous,3992,8034,199300473012,254.03952964717945,0.00015561642333850045
74251255937728133,Petrašiūnų sen.,26,266,1,17.0,1973.0,ambiguous,117,389,190000182011,16.31825000242982,0.04092923051309949
65182204651548878,Kauno m.,22,214,1,65.0,2009.0,ambiguous,49,126,199330303067,69.63647349479344,0.06890120464681182
74276352751733193,Kauno m.,28,240,1,36.0,1989.0,ambiguous,1405,3176,440050713967,36.03845984236268,0.001067758697253396
75575595467356302,Kauno m.,22,210,4,456.0,1966.0,ambiguous,34,72,199690247020,458.68417940847735,0.005869101431762225
75615586190687811,Gričiupio sen.,20,120,2,94.0,1958.0,ambiguous,2274,2464,440056943190,94.07279447967036,0.0007741096579856332
74676567125155704,Petrašiūnų sen.,20,110,1,93.0,1995.0,ambiguous,13991,15727,199530008012,92.99989999337811,1.0753405987884435e-06
64921081094064331,Šilainių sen.,20,110,2,45.0,2019.0,ambiguous,2859,8034,199200260019,45.004458689276085,9.907707561751522e-05
7568453646553773,Centro sen.,22,296,1,67.57,1987.0,ambiguous,136,352,199430022284,67.94600000377372,0.0055491745420575
75640611995313994,Aleksoto sen.,20,110,1,267.0,1992.0,ambiguous,6938,15727,199560201010,267.0502481552681,0.00018817763156153688
75520545616944768,Dainavos sen.,20,140,5,1104.0,1970.0,ambiguous,640,847,199720164018,1102.9703499917794,0.0009330891852989964
75664215836407991,Šančių sen.,20,110,2,136.0,1933.0,ambiguous,6932,8034,199930061018,136.00909234887564,6.685327170874444e-05
74436485212200712,Kauno m.,28,240,1,24.0,1976.0,ambiguous,830,3176,199480080075,23.88897094517182,0.00463694464823261
74245724068181196,Kauno m.,28,240,1,40.0,1974.0,ambiguous,1517,3176,529740369028,40.01455516398078,0.00036381291157594475
75341192011847261,Šilainių sen.,20,110,2,113.0,2007.0,ambiguous,7086,8034,199280119020,113.0126000022307,0.00011149822836031831
75637108280968479,Panemunės sen.,20,110,2,268.0,1948.0,ambiguous,3624,8034,440009702489,268.0391448118056,0.0001460520644958052
75711216036363438,Šančių sen.,20,110,1,47.0,1931.0,ambiguous,6332,15727,440042926763,47.003863413391485,8.219690666688706e-05
7570977892626872,Centro sen.,24,140,2,747.0,1885.0,ambiguous,64,430,199000120041,746.4900912586974,0.0006828418401969572
64745869267477441,Kauno m.,22,214,1,83.0,2024.0,ambiguous,53,126,199970042021,81.81229999945946,0.014413008750284284
75591492987247821,Kauno m.,22,296,1,225.0,1990.0,ambiguous,112,352,440018037419,224.49985263287448,0.002225351446048407
75644562335451387,Panemunės sen.,20,110,1,186.0,1939.0,ambiguous,11692,15727,529750303016,186.0022628892259,1.2165997100410664e-05
6506798166569204,Šančių sen.,28,240,1,23.0,2014.0,ambiguous,785,3176,440050269433,23.024728073147582,0.0010745560728868675
74623513065378622,Kauno m.,28,240,1,6.0,1959.0,ambiguous,15,3176,440002584574,12.29224999792967,0.7172095130964347
64784686059762578,Kauno m.,20,110,1,227.0,2022.0,ambiguous,9068,15727,440010470049,227.00463986984718,2.0439746380773727e-05
7446723990242389,Kauno m.,28,240,2,35.0,1976.0,ambiguous,35,123,440059419380,38.74103051582802,0.10155119695722092
75695751731899311,Kauno m.,22,296,5,1037.0,1985.0,confident,1,2,199500067374,1419.8288185131696,0.31420438475616397
64945859094095948,Šilainių sen.,20,110,2,174.0,2019.0,ambiguous,6214,8034,440024752452,174.0110412835731,6.345363949389338e-05
74991430162396622,Kauno m.,28,240,1,18.0,1936.0,ambiguous,504,3176,199620475038,18.02892226261338,0.0016055028576857922
75490724849953852,Šilainių sen.,20,110,2,83.0,1973.0,ambiguous,6587,8034,199470048010,83.00050000228266,6.024105742241659e-06
75400123575020864,Petrašiūnų sen.,22,222,2,1190.0,1984.0,ambiguous,116,243,199680287021,1201.7262000145681,0.009805716032666112
75578030445169114,Vilijampolės sen.,22,292,1,359.0,1964.0,ambiguous,17,46,199230046065,337.8936000178788,0.06059133540944117
75015181930577254,Kauno m.,28,240,1,25.0,1997.0,ambiguous,903,3176,440050743778,24.990042994721314,0.00039835954577638333
75020621052449846,Kauno m.,28,240,1,58.0,1926.0,ambiguous,1992,3176,440028098953,57.99539177605002,7.945529355701808e-05
75448800603644492,Žaliakalnio sen.,22,220,1,353.0,1978.0,ambiguous,534,1208,199710098029,353.1502499980284,0.00042554683028495077
75592150031174962,Vilijampolės sen.,20,110,1,140.0,1962.0,ambiguous,14296,15727,440008299265,140.0059151726284,4.2250340501759354e-05
80927439489114267,Šančių sen.,20,110,2,143.0,2016.0,ambiguous,6854,8034,199320493014,143.00039998745584,2.79711116402126e-06
74190090329912667,Petrašiūnų sen.,20,110,2,95.0,2001.0,ambiguous,7021,8034,440031711447,95.03307528605733,0.0003481003119221171
64904692314984191,Kauno m.,22,220,1,37.0,1980.0,ambiguous,246,1208,199750233028,36.96827302407237,0.0008578536871612918
74910338316467276,Kauno m.,22,240,1,35.0,1938.0,ambiguous,99,264,199200069025,35.022799996317175,0.0006512163787832925
65198882731545019,Aleksoto sen.,20,110,1,236.0,2009.0,ambiguous,8546,15727,440056143594,235.98040994655605,8.301214644657051e-05
65063154276800012,Šilainių sen.,20,110,2,65.0,2016.0,ambiguous,5306,8034,440046466071,65.01007353579148,0.00015496546594739868
75710893168058527,Vilijampolės sen.,20,110,1,43.0,1880.0,ambiguous,5098,15727,199000023016,43.00850000190176,0.00019765492780932092
75030292640346219,Kauno m.,22,220,1,19.38,1995.0,ambiguous,214,1208,199670031017,19.37370741976338,0.0003247472673391094
74264726919612847,Kauno m.,28,240,1,31.0,1967.0,ambiguous,1191,3176,199320440073,30.96873296372617,0.0010091230668045625
97615116588661288,Kauno m.,28,240,1,7.71,1983.0,ambiguous,51,3176,440002584574,12.29224999792967,0.46645079474925133
75020775401970025,Kauno m.,28,240,1,3.0,1958.0,no_match,0,3176,,,
74468712841277138,Šilainių sen.,28,240,1,33.0,1977.0,ambiguous,1269,3176,440057304559,32.99742574165476,7.801087141245944e-05
65060023243224449,Kauno m.,28,240,1,46.0,1977.0,ambiguous,1698,3176,440044986196,45.96639522582524,0.0007308055423478343
74469755067336427,Kauno m.,28,240,1,33.0,1970.0,ambiguous,1269,3176,440057304559,32.99742574165476,7.801087141245944e-05
74982338347880956,Kauno m.,28,240,1,5.0,1979.0,ambiguous,3,3176,440002584574,12.29224999792967,0.8995310698903893
74264704257539352,Kauno m.,28,240,1,18.0,1985.0,ambiguous,504,3176,199620475038,18.02892226261338,0.0016055028576857922
74440438764818359,Kauno m.,28,240,1,20.0,1987.0,ambiguous,617,3176,440027549862,20.046249997112902,0.002309830142869007
75450106298742103,Aleksoto sen.,22,224,1,135.0,1977.0,ambiguous,146,729,199960106016,135.19551742954556,0.0014472295138796554
75638392066864332,Aleksoto sen.,20,140,1,124.0,1946.0,ambiguous,727,790,199370244018,124.11790000234302,0.0009503547403522106
7569470602577108,Centro sen.,24,140,3,667.0,1924.0,ambiguous,145,370,440006305806,668.340150026196,0.0020072046453645243
74581221150454985,Kauno m.,28,240,1,25.0,1978.0,ambiguous,903,3176,440050743778,24.990042994721314,0.00039835954577638333
65149425307486825,Šilainių sen.,20,110,1,217.0,2018.0,ambiguous,9712,15727,440053018236,217.0618435992614,0.00028495294203700894
75377047273868056,Žaliakalnio sen.,20,110,2,127.0,1987.0,ambiguous,7024,8034,440039971205,127.00173759789423,1.3681779586605103e-05
75337498196025726,Petrašiūnų sen.,20,110,2,86.0,1994.0,ambiguous,6735,8034,440047814739,86.02198348312048,0.00025558923104007647
75591766955477424,Šilainių sen.,20,110,1,93.0,1995.0,ambiguous,13991,15727,199530008012,92.99989999337811,1.0753405987884435e-06
75600067345842875,Petrašiūnų sen.,20,110,1,99.0,1970.0,ambiguous,14300,15727,440060829125,98.99872793961106,1.284917738786362e-05
64914114186329946,Šilainių sen.,20,110,2,78.0,2020.0,ambiguous,6336,8034,440053881637,77.99525149712031,6.088009520244242e-05
74300773983315138,Kauno m.,22,240,1,16.0,1950.0,ambiguous,33,264,190010091026,19.141854840472305,0.17928856820522743
74453977780337841,Kauno m.,28,240,1,30.0,1935.0,ambiguous,1147,3176,440053929710,29.989079681954312,0.00036407686946393625
74884683374970798,Kauno m.,28,240,1,15.21,1982.0,ambiguous,365,3176,199460089041,15.267000001796522,0.0037405301212771747
74572075958267661,Kauno m.,28,240,1,23.0,1987.0,ambiguous,785,3176,440050269433,23.024728073147582,0.0010745560728868675
75507148339355859,Dainavos sen.,20,110,2,135.0,1971.0,ambiguous,6952,8034,199930072014,135.00850690892733,6.301215489479262e-05
75642463613452005,Panemunės sen.,20,140,1,206.0,1962.0,ambiguous,694,790,529590066010,206.15044997489903,0.0007300731157311446
74466192336928499,Kauno m.,28,240,1,27.0,1980.0,ambiguous,995,3176,199300179020,26.94290380843917,0.00211691284124349
74571319089580299,Kauno m.,28,240,1,28.0,1968.0,ambiguous,1054,3176,440040127631,28.04340274881733,0.001548898009962052
65324513696597072,Šilainių sen.,20,110,2,159.0,2009.0,ambiguous,6612,8034,440046107417,159.00146706298003,9.226768628245452e-06
75479223647199917,Šilainių sen.,20,110,2,81.0,1974.0,ambiguous,6487,8034,440058573587,80.9995304065761,5.7974664837701084e-06
74410192394736063,Kauno m.,28,240,1,26.0,1979.0,ambiguous,946,3176,440053170297,26.02109562525104,0.0008110412190998062
74484883950463918,Panemunės sen.,28,240,1,23.0,1987.0,ambiguous,785,3176,440050269433,23.024728073147582,0.0010745560728868675
64819993929986927,Kauno m.,20,110,1,102.0,2023.0,ambiguous,14424,15727,529560142010,101.99533091911671,4.5776350497739315e-05
75678612041653742,Aleksoto sen.,20,110,1,115.0,1930.0,ambiguous,14686,15727,440019548006,114.99592275123403,3.545496561496719e-05
74485523047898392,Vilijampolės sen.,28,240,1,13.0,1960.0,ambiguous,262,3176,199180028031,12.808198848106617,0.01486385658262579
64704054951376044,Kauno m.,20,110,1,142.0,2025.0,ambiguous,14233,15727,199870150015,142.00064999388476,4.577411247375096e-06
75473163802380908,Gričiupio sen.,20,140,12,473.0,1975.0,ambiguous,38,38,199880056019,474.6463499895228,0.003474611907482661
74417845143755226,Kauno m.,28,240,1,27.0,1981.0,ambiguous,995,3176,199300179020,26.94290380843917,0.00211691284124349
75597722209149107,Gričiupio sen.,20,110,1,134.0,1962.0,ambiguous,14489,15727,198850029016,133.99796999718876,1.5149389462010276e-05
64855036669391936,Kauno m.,20,120,2,117.0,2021.0,ambiguous,2239,2464,199590070010,117.03888666308393,0.0003323094208509403
75700581161513472,Šančių sen.,20,110,1,68.0,1907.0,ambiguous,10955,15727,199350307010,67.98379999127593,0.00023826380497915522
64856329621598638,Kauno m.,28,240,1,7.0,2019.0,ambiguous,39,3176,440002584574,12.29224999792967,0.5630588332691764
75336996798247929,Petrašiūnų sen.,22,224,1,868.0,1994.0,ambiguous,320,729,199250004029,874.8613500211086,0.007873702022875406
75343430403368494,Kauno m.,22,210,3,147.0,1992.0,ambiguous,36,151,440021322787,151.96264999923426,0.03320218018328003
74462456712955427,Žaliakalnio sen.,28,240,1,16.0,1946.0,ambiguous,406,3176,440052806336,16.03196284859298,0.001995685331706021
75650825733358407,Vilijampolės sen.,20,110,1,135.0,1938.0,ambiguous,14466,15727,199370030010,134.9980908394648,1.414202988847535e-05
75366046576274687,Petrašiūnų sen.,22,220,2,1949.0,1988.0,ambiguous,47,149,199890010021,1842.2630198667216,0.05632170251307045
7539260139809352,Šančių sen.,20,140,9,543.0,1985.0,ambiguous,294,303,199740191013,543.0000499798532,9.204392448225462e-08
64683057414588713,Kauno m.,22,240,0,51.0,2021.0,no_match,0,0,,,
64830649004401025,Kauno m.,20,110,1,165.0,2023.0,ambiguous,13024,15727,199250246010,164.99997765821453,1.3540476917484057e-07
74281206513059292,Kauno m.,28,240,1,31.0,1972.0,ambiguous,1191,3176,199320440073,30.96873296372617,0.0010091230668045625
75504987313288696,Šančių sen.,22,222,1,104.0,1971.0,ambiguous,299,917,190020330013,104.39780000671075,0.0038177033524773307
75480221201713757,Eigulių sen.,24,140,5,690.0,1974.0,ambiguous,162,180,199720071016,690.1048999657598,0.00015201738065684367
74416351841406922,Kauno m.,28,240,1,5.0,1986.0,ambiguous,3,3176,440002584574,12.29224999792967,0.8995310698903893
74173974255513489,Šančių sen.,22,222,1,34.0,1959.0,ambiguous,260,917,190020194011,34.07037600497461,0.002067743243968856
75151780036016136,Vilijampolės sen.,20,110,2,115.0,1993.0,ambiguous,7080,8034,199610091011,115.00420362091396,3.6552557285851606e-05
74442746138441096,Kauno m.,28,240,1,13.0,1959.0,ambiguous,262,3176,199180028031,12.808198848106617,0.01486385658262579
75661762902866345,Vilijampolės sen.,20,110,0,113.0,2007.0,ambiguous,84,88,440005800792,114.1831000005832,0.010415481574177932
74509168589109762,Vilijampolės sen.,28,240,0,9.0,1928.0,ambiguous,2,14,440037465764,19.353600001105665,0.7656538714038228
75527191499927898,Žaliakalnio sen.,22,292,2,675.0,1970.0,ambiguous,150,190,199650051011,671.0353999806758,0.005890798242265127
74624178508007635,Kauno m.,28,240,1,18.0,1959.0,ambiguous,504,3176,199620475038,18.02892226261338,0.0016055028576857922
74999117560638637,Kauno m.,28,240,1,56.0,1997.0,ambiguous,1946,3176,199240070075,55.98519746826795,0.0002643658653633807
75701056590095725,Šančių sen.,20,110,1,67.48,1925.0,ambiguous,10884,15727,199280073012,67.48447575230176,6.632489443614276e-05
74243669256190525,Kauno m.,28,240,1,15.0,1985.0,ambiguous,354,3176,440023993764,14.810749998136423,0.01269693277208983
64808309710142495,Kauno m.,20,110,1,207.0,2025.0,ambiguous,10336,15727,440059168396,207.00038533371128,1.861513781342694e-06
74552013891359237,Kauno m.,22,220,1,25.16,1972.0,ambiguous,245,1208,199670362011,25.237032608977305,0.0030570319315015304
64886186709585417,Vilijampolės sen.,24,140,4,317.0,2020.0,ambiguous,144,165,440057530082,318.6955821133288,0.005334585238848888
75017521759260714,Kauno m.,28,240,1,46.0,1960.0,ambiguous,1698,3176,440044986196,45.96639522582524,0.0007308055423478343
7562901156389025,Šilainių sen.,20,120,1,128.0,1954.0,ambiguous,1328,1391,529550107018,128.03366003607903,0.00026293446157232836
74438908383413535,Kauno m.,28,240,1,27.0,1977.0,ambiguous,995,3176,199300179020,26.94290380843917,0.00211691284124349
74307505791503595,Centro sen.,28,240,1,19.0,1982.0,ambiguous,555,3176,440041270455,19.060278235022437,0.003167516803143755
65339877158497567,Centro sen.,24,140,9,146.0,2013.0,ambiguous,6,78,440006712458,283.3516862816246,0.663082212121715
75581835956659363,Vilijampolės sen.,20,140,5,707.36,1964.0,ambiguous,805,847,199710188017,707.2295500287375,0.00018443508455057156
7492659876669662,Kauno m.,28,240,1,12.0,1958.0,ambiguous,208,3176,440002584574,12.29224999792967,0.02406233253648926
75342736191900933,Centro sen.,20,110,2,125.0,1992.0,ambiguous,7028,8034,190020103014,124.97496247900692,0.0002003202307028218
75626434270325976,Petrašiūnų sen.,20,110,1,62.0,1955.0,ambiguous,9828,15727,199610119014,61.988949999944495,0.00017824169145352897
74464560208048675,Kauno m.,28,240,1,33.0,1960.0,ambiguous,1269,3176,440057304559,32.99742574165476,7.801087141245944e-05
64770097542942925,Kauno m.,28,240,1,27.0,2022.0,ambiguous,995,3176,199300179020,26.94290380843917,0.00211691284124349
75536405253193079,Gričiupio sen.,22,292,2,1763.0,1969.0,ambiguous,121,190,199870088010,1733.0786999820184,0.017117481144417468
74410705680933595,Kauno m.,28,240,1,11.0,1970.0,ambiguous,173,3176,440002584574,12.29224999792967,0.11107370952611895
74149763710426517,Vilijampolės sen.,20,110,1,148.0,2002.0,ambiguous,13961,15727,199370080012,147.99605000070744,2.6689540571389614e-05
64795450107550015,Kauno m.,20,110,3,109.0,2023.0,ambiguous,80,88,199850017017,109.21671979350758,0.0019862810234245742
75678485358172218,Kauno m.,22,224,1,226.0,1972.0,ambiguous,215,729,199960077025,226.2181500101736,0.0009647999625421733
74958224800697776,Kauno m.,28,240,1,20.0,1971.0,ambiguous,617,3176,440027549862,20.046249997112902,0.002309830142869007
75684795348627626,Centro sen.,24,140,3,666.0,1927.0,ambiguous,145,370,199490012012,664.200653002431,0.002705378456957064
65083905087607169,Panemunės sen.,20,110,1,174.0,2016.0,ambiguous,12460,15727,440005450802,173.99924999797065,4.310365779858216e-06
75616466047942088,Petrašiūnų sen.,20,110,1,97.0,1958.0,ambiguous,14221,15727,199700442019,96.99904998900165,9.793975778826791e-06
75537889203486031,Aleksoto sen.,20,110,2,83.0,1968.0,ambiguous,6587,8034,199470048010,83.00050000228266,6.024105742241659e-06
74454805627688275,Kauno m.,28,240,1,24.0,1922.0,ambiguous,830,3176,199480080075,23.88897094517182,0.00463694464823261
75341953229429159,Žaliakalnio sen.,20,110,2,164.0,1992.0,ambiguous,6497,8034,440012434685,163.99815089737675,1.1275079558892287e-05
74857607653501537,Kauno m.,28,240,1,28.78,1957.0,ambiguous,1090,3176,440051845608,28.758528867333514,0.0007463219545500444
64908998258455572,Kauno m.,28,296,1,59.0,1955.0,no_match,0,0,,,
75005208276275714,Kauno m.,28,240,2,27.0,1991.0,ambiguous,22,123,440028268844,28.644961858931527,0.059140710346563985
75339833183316468,Centro sen.,22,212,1,68.0,1993.0,ambiguous,119,437,199980120012,67.40977715501373,0.008717636131181372
75659885441315036,Aleksoto sen.,20,110,1,71.0,1978.0,ambiguous,11443,15727,199490048018,71.00590000584573,8.309522138016945e-05
75631352328905471,Kauno m.,22,224,1,191.0,1954.0,ambiguous,194,729,440005014335,191.5933500110913,0.003101729221267391
75568245308568496,Žaliakalnio sen.,20,110,1,88.0,1965.0,ambiguous,13588,15727,199620241014,88.00454999920987,5.170319984237892e-05
74973514987774367,Kauno m.,28,240,1,15.0,1990.0,ambiguous,354,3176,440023993764,14.810749998136423,0.01269693277208983
7424979138834889,Kauno m.,28,240,1,26.0,1981.0,ambiguous,946,3176,440053170297,26.02109562525104,0.0008110412190998062
65115500694066242,Šilainių sen.,20,110,1,280.0,2015.0,ambiguous,6396,15727,440029281507,279.98471021156337,5.460787825661839e-05
64940213141124387,Šilainių sen.,20,110,2,153.0,2022.0,ambiguous,6714,8034,199910211010,153.00469999953845,3.0718479414382216e-05
75623081870569375,Vilijampolės sen.,20,110,1,78.0,1956.0,ambiguous,12525,15727,199350283019,78.01065000481847,0.00013652920277795744
74574920424072946,Kauno m.,28,240,1,31.0,1991.0,ambiguous,1191,3176,199320440073,30.96873296372617,0.0010091230668045625
74830964466818001,Kauno m.,28,240,1,24.0,1996.0,ambiguous,830,3176,199480080075,23.88897094517182,0.00463694464823261
75698840941938156,Aleksoto sen.,24,140,1,242.0,1910.0,ambiguous,145,175,199370240018,242.22205000799224,0.0009171413137973872
90862968735209992,Aleksoto sen.,20,110,2,89.0,2006.0,ambiguous,6851,8034,199470021013,88.98605000129882,0.00015675384368218914
75636882822813792,Vilijampolės sen.,22,224,1,311.0,1987.0,ambiguous,260,729,199330202422,312.3866237506297,0.0044486871699440655
75630666603796179,Aleksoto sen.,20,120,2,154.0,2005.0,ambiguous,2106,2464,440030616110,153.91549842375417,0.0005488621313300968
65071402921133309,Petrašiūnų sen.,26,266,0,41.0,1969.0,ambiguous,19,20,440020845198,39.873699996211755,0.02785510810663583
74480174928248419,Kauno m.,28,240,1,24.0,1980.0,ambiguous,830,3176,199480080075,23.88897094517182,0.00463694464823261
75022930136231458,Kauno m.,28,240,1,25.2,1976.0,ambiguous,911,3176,199600009029,25.196699997465313,0.00013096105656007495
64862017027300156,Kauno m.,20,120,2,67.0,2020.0,ambiguous,1917,2464,440029268517,67.10870165869021,0.0016210981263862223
75649317523188792,Panemunės sen.,20,110,1,153.0,1938.0,ambiguous,13748,15727,199350300019,153.00044999148156,2.9411164694792546e-06
74210102606214898,Kauno m.,28,240,1,58.0,2001.0,ambiguous,1992,3176,440028098953,57.99539177605002,7.945529355701808e-05
75674828559716384,Žaliakalnio sen.,20,140,2,151.0,1930.0,ambiguous,766,821,199300549013,150.56595001008566,0.0028786425631430745
75709489996555912,Šančių sen.,20,110,1,126.0,1888.0,ambiguous,14627,15727,199300603018,126.00539999584704,4.285619155730558e-05
75664677196511737,Panemunės sen.,20,110,2,129.09,1933.0,ambiguous,7009,8034,440015589508,129.09746655203216,5.783822223381918e-05
7429804454584632,Vilijampolės sen.,28,240,1,25.0,1975.0,ambiguous,903,3176,440050743778,24.990042994721314,0.00039835954577638333
7415389271761981,Kauno m.,28,240,1,55.0,2002.0,ambiguous,1925,3176,440043133599,55.04719999694005,0.0008578137351182846
74410463667878471,Kauno m.,28,240,1,21.0,1982.0,ambiguous,683,3176,199570356022,20.99824999592453,8.333699983475995e-05
64921455855156768,Panemunės sen.,20,110,1,179.0,2017.0,ambiguous,12160,15727,440040261561,179.00460439004686,2.572251859689345e-05
87310622541554722,Šančių sen.,20,120,1,121.0,1930.0,ambiguous,1328,1391,440057124506,121.11828075402212,0.0009770494244651928
74163594424323603,Kauno m.,28,240,1,15.0,2001.0,ambiguous,354,3176,440023993764,14.810749998136423,0.01269693277208983
75716043544442335,Kauno m.,22,296,0,157.0,1962.0,ambiguous,5,13,440002101904,98.1266088499715,0.46998723345687043
65342671220339099,Petrašiūnų sen.,26,266,0,62.0,1989.0,ambiguous,17,20,440012327774,61.885603003125944,0.0018468171702883396
92464658310474165,Aleksoto sen.,24,140,4,388.0,2004.0,ambiguous,142,165,198940002010,388.3948108856251,0.0010170364719623848
74560819172455203,Kauno m.,28,240,1,65.0,1930.0,ambiguous,2110,3176,440024992929,65.02111575902447,0.0003248050762660881
74779564259823822,Kauno m.,28,240,1,21.21,1978.0,ambiguous,693,3176,440021631807,21.195055998147797,0.000704821730291183
64743730127126933,Kauno m.,28,240,1,5.0,2023.0,ambiguous,3,3176,440002584574,12.29224999792967,0.8995310698903893
74936254685371628,Kauno m.,28,240,1,40.0,1993.0,ambiguous,1517,3176,529740369028,40.01455516398078,0.00036381291157594475
74416138832665304,Šančių sen.,28,240,1,15.0,1935.0,ambiguous,354,3176,440023993764,14.810749998136423,0.01269693277208983
64921366925091525,Gričiupio sen.,20,140,3,418.0,2019.0,ambiguous,139,210,199590040010,423.22060000069496,0.012412123584883084
75339367529936738,Vilijampolės sen.,20,150,5,584.0,1993.0,ambiguous,23,23,199710063018,582.0080000002245,0.0034167894864074455
75166015604237121,Panemunės sen.,20,110,1,171.0,1986.0,ambiguous,12647,15727,529870211013,171.0027000005778,1.5789352410422453e-05
64706516287062948,Kauno m.,22,240,1,36.0,2024.0,ambiguous,104,264,440051724188,35.74489999733158,0.007111336909928934
75640576098762333,Kauno m.,22,224,1,536.0,1974.0,ambiguous,324,729,529520074079,535.9810989293926,3.5263813192187854e-05
75715699484720733,Eigulių sen.,20,140,9,521.0,1984.0,ambiguous,296,303,199790125018,521.84840000484,0.0016270825021296176
75672153064256661,Žaliakalnio sen.,20,110,1,110.0,1931.0,ambiguous,14658,15727,529470075019,109.9988000088267,1.0909070170761481e-05
74844837385105598,Kauno m.,28,240,1,16.0,1960.0,ambiguous,406,3176,440052806336,16.03196284859298,0.001995685331706021
74888263697330787,Kauno m.,28,240,1,5.0,1940.0,ambiguous,3,3176,440002584574,12.29224999792967,0.8995310698903893
64967994411632701,Aleksoto sen.,20,110,1,243.0,2017.0,ambiguous,8149,15727,440019813082,243.03368222802413,0.0001386003863919072
74509114711038049,Kauno m.,28,240,1,25.0,1988.0,ambiguous,903,3176,440050743778,24.990042994721314,0.00039835954577638333
7488009761107646,Kauno m.,28,240,1,21.0,1970.0,ambiguous,683,3176,199570356022,20.99824999592453,8.333699983475995e-05
75619765106242229,Kauno m.,22,210,1,10.0,1961.0,confident,1,170,199340073081,24.490949051052077,0.8957185298141894
75706164711254922,Aleksoto sen.,22,224,1,777.0,1899.0,ambiguous,338,729,440057431884,777.6516849338775,0.0008383678200889477
65239222992626425,Šilainių sen.,20,110,2,77.0,2019.0,ambiguous,6272,8034,199590151043,77.03250000136904,0.0004219888900198754
74843260856769345,Kauno m.,28,240,1,19.88,1975.0,ambiguous,609,3176,440027549862,20.046249997112902,0.008327902468431958
75613551690769498,Panemunės sen.,20,110,1,94.0,1958.0,ambiguous,14041,15727,199230049013,94.00668983734653,7.116595005385307e-05
7462659336234434,Kauno m.,28,240,1,19.43,1937.0,ambiguous,580,3176,198900100035,19.437812126956445,0.0004019843996432293
79940472214423589,Panemunės sen.,20,110,1,197.0,2010.0,ambiguous,10998,15727,529620192010,196.99574829410827,2.15824963101241e-05
75562527438855484,Panemunės sen.,20,110,1,142.0,1966.0,ambiguous,14233,15727,199870150015,142.00064999388476,4.577411247375096e-06
64861586116162051,Kauno m.,20,110,1,231.0,2022.0,ambiguous,8836,15727,440015696287,231.03839623135644,0.00016620363916963754
756443313776064,Žaliakalnio sen.,20,110,1,111.0,1939.0,ambiguous,14661,15727,199000287018,110.98375000114552,0.00014640710307300964
74581146113545729,Aleksoto sen.,20,110,2,130.0,1992.0,ambiguous,7007,8034,440039509905,129.97160307119515,0.00021846177491902097
75215044318300825,Šilainių sen.,20,120,2,57.0,1965.0,ambiguous,1574,2464,440054349669,57.00851374182759,0.00014935273803651228
6475531494204384,Kauno m.,20,110,1,239.0,2023.0,ambiguous,8363,15727,440014792188,239.05843279592068,0.00024445880337164994
74257147270794979,Šilainių sen.,22,266,1,41.0,1974.0,ambiguous,273,332,199730272012,40.60544999888092,0.009669772679885114
64981233593852744,Kauno m.,28,240,1,25.0,2015.0,ambiguous,903,3176,440050743778,24.990042994721314,0.00039835954577638333
74458692658476086,Kauno m.,28,240,1,63.0,1961.0,ambiguous,2067,3176,440020485314,63.04580000315867,0.0007267200521265949
74444120518922019,Kauno m.,28,240,1,25.0,1979.0,ambiguous,903,3176,440050743778,24.990042994721314,0.00039835954577638333
75446047821612322,Šilainių sen.,20,110,2,106.0,1978.0,ambiguous,7099,8034,199540129020,106.01139999927152,0.00010754138015744985
75639163536561013,Panemunės sen.,20,110,1,77.0,1968.0,ambiguous,12387,15727,199620009016,77.00259999662414,3.376561985835025e-05
74863060293976269,Kauno m.,28,240,1,1710.0,1966.0,ambiguous,27,3176,199600323546,1760.6209499402737,0.02917318877787345
75489089965567774,Dainavos sen.,20,140,5,1120.0,1973.0,ambiguous,636,847,199690110014,1118.8719000236824,0.0010077397208609895
64803537898758853,Kauno m.,20,110,1,176.0,2026.0,ambiguous,12357,15727,440056740731,175.9801543347779,0.00011276581931518592
65089071676344229,Šančių sen.,20,120,1,61.0,1920.0,ambiguous,827,1391,440051551694,61.010340511585696,0.00016950221705958057
75214374146331489,Panemunės sen.,20,120,1,184.0,1965.0,ambiguous,1140,1391,199250164013,184.01402293168726,7.620868130153724e-05
74718820245508577,Kauno m.,28,240,1,57.0,1998.0,ambiguous,1975,3176,199500088031,56.95269999608882,0.0008301691250727217
75105055731357548,Panemunės sen.,20,110,1,92.0,1988.0,ambiguous,13907,15727,440047966800,92.00531309035003,5.7749314541943875e-05
75648986143236688,Kauno m.,22,212,1,191.0,1966.0,ambiguous,177,437,440058108140,194.06204309125854,0.015904489637216912
7500669767729036,Kauno m.,28,240,1,23.0,1973.0,ambiguous,785,3176,440050269433,23.024728073147582,0.0010745560728868675
65152853966154986,Šilainių sen.,20,110,2,105.0,2013.0,ambiguous,7103,8034,199310295013,104.99826592645981,1.651512247047293e-05
74509120697458242,Kauno m.,28,240,1,25.0,1988.0,ambiguous,903,3176,440050743778,24.990042994721314,0.00039835954577638333
74427552115835266,Kauno m.,28,240,1,25.0,1989.0,ambiguous,903,3176,440050743778,24.990042994721314,0.00039835954577638333
74412901967021744,Kauno m.,28,240,1,24.0,1953.0,ambiguous,830,3176,199480080075,23.88897094517182,0.00463694464823261
64751112403473213,Kauno m.,28,240,1,48.0,2023.0,ambiguous,1753,3176,529560080028,47.99290952321471,0.00014772917777783334
64899393726679244,Kauno m.,20,140,4,303.0,2023.0,ambiguous,141,149,440046402071,302.8262390200721,0.000573633076617952
75029313117009805,Panemunės sen.,22,222,1,452.0,1968.0,ambiguous,247,917,199730019242,452.48564999531436,0.001073870087353157
7446377004620347,Kauno m.,28,240,1,11.0,1975.0,ambiguous,173,3176,440002584574,12.29224999792967,0.11107370952611895
75151941238362718,Šilainių sen.,20,110,0,27.0,1993.0,confident,3,88,440006523860,42.59120428166462,0.4558108936912699
75645096149278321,Šilainių sen.,20,120,1,198.0,1939.0,ambiguous,1067,1391,199340153019,198.05954750473742,0.000300699758716938
74259066899021287,Kauno m.,26,266,1,26.0,1982.0,ambiguous,213,389,529870323010,26.2570500004299,0.00983798640224487
65070191192783636,Panemunės sen.,20,110,2,159.0,2016.0,ambiguous,6612,8034,440046107417,159.00146706298003,9.226768628245452e-06
75595114244548747,Vilijampolės sen.,20,110,1,71.0,1962.0,ambiguous,11443,15727,199490048018,71.00590000584573,8.309522138016945e-05
74836590940102907,Kauno m.,28,240,1,32.0,1990.0,ambiguous,1227,3176,199490033024,32.05080792518123,0.0015864885232148573
74453069296832333,Kauno m.,28,240,1,25.0,1979.0,ambiguous,903,3176,440050743778,24.990042994721314,0.00039835954577638333
64896478881920544,Eigulių sen.,20,110,2,600.0,2018.0,ambiguous,145,8034,440022135702,605.1946251183069,0.008620445492567796
75676267672010619,Kauno m.,24,140,3,323.0,1930.0,ambiguous,288,370,199100126018,322.25658217989326,0.0023042559179557998
64844918768256002,Kauno m.,20,120,2,88.0,2020.0,ambiguous,2245,2464,199550106019,88.01520000117384,0.00017271237042582044
75569386207450975,Dainavos sen.,24,140,5,649.0,1965.0,ambiguous,165,180,199810022010,652.9002999678373,0.005991720927566391
64830396554169833,Kauno m.,20,110,1,213.0,2025.0,ambiguous,9929,15727,529490066018,213.0034721359701,1.6300974978733507e-05
74249375454440728,Kauno m.,28,240,1,21.0,1986.0,ambiguous,683,3176,199570356022,20.99824999592453,8.333699983475995e-05
83840334010038001,Vilijampolės sen.,20,110,2,131.0,2005.0,ambiguous,6996,8034,199940255010,131.00583056621872,4.45071486163684e-05
74240418851883164,Kauno m.,28,240,1,32.0,1972.0,ambiguous,1227,3176,199490033024,32.05080792518123,0.0015864885232148573
7495542167691846,Kauno m.,28,240,1,50.0,1936.0,ambiguous,1809,3176,440025282048,50.01779811025121,0.00035589886550901895
74457542563616225,Kauno m.,28,240,1,35.0,1973.0,ambiguous,1368,3176,199730192028,35.120799997296,0.003445485984352459
75711234263477895,Centro sen.,22,292,2,552.0,1880.0,ambiguous,135,190,199230046032,551.4856185890878,0.0009322848245654214
74267365956683901,Kauno m.,28,240,1,11.0,1962.0,ambiguous,173,3176,440002584574,12.29224999792967,0.11107370952611895
75669473969899828,Petrašiūnų sen.,22,222,2,2577.0,1966.0,ambiguous,97,243,199320139533,2564.4294866121804,0.00488990016043811
75615257244045747,Šančių sen.,20,110,2,77.0,1958.0,ambiguous,6272,8034,199590151043,77.03250000136904,0.0004219888900198754
75690989602391262,Petrašiūnų sen.,20,120,1,164.0,1923.0,ambiguous,1241,1391,199340105014,163.92409999074565,0.0004629120617360982
74439383747113494,Kauno m.,28,240,1,29.0,1947.0,ambiguous,1106,3176,440061094300,29.048890156438162,0.0016844479839783766
745411392376987,Kauno m.,28,240,1,31.0,1999.0,ambiguous,1191,3176,199320440073,30.96873296372617,0.0010091230668045625
74443778358708065,Šančių sen.,28,240,1,28.0,1975.0,ambiguous,1054,3176,440040127631,28.04340274881733,0.001548898009962052
75024058258360074,Kauno m.,28,240,1,26.0,1975.0,ambiguous,946,3176,440053170297,26.02109562525104,0.0008110412190998062
75484424218249885,Žaliakalnio sen.,20,120,2,114.0,1983.0,ambiguous,2254,2464,440049463009,113.97931279536472,0.0001814831744022527
74546865043474755,Kauno m.,28,240,1,37.0,1928.0,ambiguous,1439,3176,440023510410,36.97549517472136,0.0006625119877079477
75636134791216614,Kauno m.,22,222,1,671.0,1957.0,ambiguous,265,917,190010365017,676.1574499895808,0.0076568261367544466
74444500072287909,Kauno m.,28,240,1,28.0,1985.0,ambiguous,1054,3176,440040127631,28.04340274881733,0.001548898009962052
86588856697258368,Kauno m.,28,240,0,64.0,2004.0,ambiguous,8,14,440005080175,57.31299999361206,0.11035560939217248
74541151296991279,Kauno m.,28,240,1,7.0,1983.0,ambiguous,39,3176,440002584574,12.29224999792967,0.5630588332691764
86613297775796669,Eigulių sen.,20,110,1,238.0,2012.0,ambiguous,8438,15727,440009606593,238.00041441710025,1.7412468036326345e-06
75700755219808805,Žaliakalnio sen.,20,110,1,152.0,1907.0,ambiguous,13788,15727,199880090010,152.0013499902958,8.881475663358174e-06
64894267163760136,Panemunės sen.,20,110,1,107.0,2019.0,ambiguous,14591,15727,199670019013,106.99252679106144,6.984551333300004e-05
74490517918730778,Kauno m.,28,240,1,35.0,1973.0,ambiguous,1368,3176,199730192028,35.120799997296,0.003445485984352459
75631974175948621,Petrašiūnų sen.,20,110,1,98.0,1952.0,ambiguous,14258,15727,199620464011,97.99575000126566,4.336827441431268e-05
64940715164911955,Aleksoto sen.,28,240,1,29.0,2016.0,ambiguous,1106,3176,440061094300,29.048890156438162,0.0016844479839783766
64836311957853138,Kauno m.,22,212,2,502.0,2021.0,ambiguous,78,156,440054930226,496.4938843542992,0.011028953796362373
74703169735017921,Kauno m.,28,240,1,13.0,1992.0,ambiguous,262,3176,199180028031,12.808198848106617,0.01486385658262579
75387637986414513,Žaliakalnio sen.,22,232,2,3361.0,1986.0,confident,3,12,199860009016,3247.0717689358758,0.03448495271412
7551760192782736,Aleksoto sen.,20,110,1,101.0,1970.0,ambiguous,14391,15727,199680230015,101.00339999740328,3.3662774028719866e-05
74494909695742198,Kauno m.,28,240,1,22.0,1962.0,ambiguous,739,3176,199270002032,22.042988585359026,0.0019521199805661027
74441407558539535,Kauno m.,28,240,1,4.0,1995.0,no_match,0,3176,,,
74852823163865628,Panemunės sen.,22,296,1,15.0,1970.0,ambiguous,66,352,199390101298,15.165599998743833,0.010979503960177883
75587502016056754,Šilainių sen.,24,110,1,115.0,1963.0,ambiguous,21,24,199630208014,119.5555499974329,0.0388489885323855
74982342783850395,Kauno m.,28,240,1,19.0,1979.0,ambiguous,555,3176,440041270455,19.060278235022437,0.003167516803143755
74438656971942602,Kauno m.,28,240,1,30.0,1991.0,ambiguous,1147,3176,440053929710,29.989079681954312,0.00036407686946393625
75539544176299073,Vilijampolės sen.,20,110,1,83.0,1968.0,ambiguous,13119,15727,199360423014,83.00489999570176,5.90343502304691e-05
75008698441113672,Kauno m.,28,240,1,10.0,1989.0,ambiguous,130,3176,440002584574,12.29224999792967,0.20638388933044371
65111810239788806,Aleksoto sen.,28,240,1,27.0,2012.0,ambiguous,995,3176,199300179020,26.94290380843917,0.00211691284124349
74151478905129395,Petrašiūnų sen.,26,266,1,49.0,1973.0,ambiguous,320,389,440022612240,48.90037078561576,0.0020353191306177187
75703694425506507,Šančių sen.,22,296,1,102.0,1960.0,ambiguous,127,352,199440009061,103.50400000886432,0.014637446103001217
64886068443686107,Kauno m.,20,110,2,58.0,2020.0,ambiguous,4561,8034,440030618416,57.993885026299175,0.00010543613924252071
74791114479273516,Kauno m.,28,240,1,25.0,1977.0,ambiguous,903,3176,440050743778,24.990042994721314,0.00039835954577638333
75003197919921286,Kauno m.,28,240,1,27.0,1970.0,ambiguous,995,3176,199300179020,26.94290380843917,0.00211691284124349
74728910580415989,Kauno m.,28,240,1,43.0,1995.0,ambiguous,1597,3176,440028001572,43.06414195874233,0.0014905620194025637
75403355000945416,Eigulių sen.,20,140,5,900.0,1984.0,ambiguous,778,847,199870069013,901.1093471832295,0.001231848943814562
74744075203144092,Kauno m.,28,240,1,36.0,1985.0,ambiguous,1405,3176,440050713967,36.03845984236268,0.001067758697253396
64836022751720929,Kauno m.,20,110,1,85.0,1926.0,ambiguous,13317,15727,199570078012,85.00240000739917,2.823498255555279e-05
7500106596117237,Kauno m.,28,240,1,50.0,1974.0,ambiguous,1809,3176,440025282048,50.01779811025121,0.00035589886550901895
74893760232699502,Kauno m.,28,240,1,49.0,1975.0,ambiguous,1777,3176,199080029036,49.00504426796847,0.00010293894585977625
64921653466700119,Šilainių sen.,20,140,3,323.0,2018.0,ambiguous,149,210,440009567351,322.56496223217016,0.001347773993741086
81960570813998435,Vilijampolės sen.,22,210,2,194.0,1964.0,ambiguous,132,274,440005531102,190.19589999643938,0.019803565459670658
7533357485696035,Kauno m.,22,212,1,88.0,1997.0,ambiguous,143,437,199680347010,87.51068175670466,0.005575951345973884
74270280739130667,Kauno m.,28,240,1,176.0,1999.0,ambiguous,1606,3176,199660309020,176.00548768014818,3.117951475584135e-05
75641468467950612,Šančių sen.,20,120,2,181.0,1940.0,ambiguous,1880,2464,440045630262,181.01374087904566,7.591357730696302e-05
74286526756598456,Kauno m.,28,240,1,21.0,1976.0,ambiguous,683,3176,199570356022,20.99824999592453,8.333699983475995e-05
74440994861953741,Kauno m.,28,240,1,18.0,1981.0,ambiguous,504,3176,199620475038,18.02892226261338,0.0016055028576857922
75561249652530166,Šančių sen.,20,110,2,92.0,1966.0,ambiguous,6939,8034,199320249014,92.0203086720965,0.0002207220749221861
74301091956120238,Petrašiūnų sen.,26,266,1,126.0,1992.0,ambiguous,173,389,199840176010,125.86924362490971,0.0010382878429711084
74300168565317876,Kauno m.,28,240,1,26.0,1980.0,ambiguous,946,3176,440053170297,26.02109562525104,0.0008110412190998062
75242289904803639,Vilijampolės sen.,20,110,1,102.0,1935.0,ambiguous,14424,15727,529560142010,101.99533091911671,4.5776350497739315e-05
74468762277220379,Kauno m.,28,240,1,18.0,1973.0,ambiguous,504,3176,199620475038,18.02892226261338,0.0016055028576857922
74478628822556181,Kauno m.,28,240,1,25.0,1990.0,ambiguous,903,3176,440050743778,24.990042994721314,0.00039835954577638333
75669971987377252,Žaliakalnio sen.,20,110,1,59.0,1932.0,ambiguous,9242,15727,199610220014,59.00635000254736,0.00010762137043229814
75597859377960902,Aleksoto sen.,20,120,1,68.0,1961.0,ambiguous,956,1391,199330072014,67.75871999840552,0.003554545234970341
80409413506244587,Aleksoto sen.,20,110,1,169.0,2008.0,ambiguous,12766,15727,199930001018,168.9953999954,2.7219332572769872e-05
85253669990080272,Kauno m.,20,110,2,131.0,1992.0,ambiguous,6996,8034,199940255010,131.00583056621872,4.45071486163684e-05
74567178824472766,Kauno m.,28,240,1,28.0,1969.0,ambiguous,1054,3176,440040127631,28.04340274881733,0.001548898009962052
75648364549414746,Šančių sen.,20,140,2,163.0,1938.0,ambiguous,767,821,199560130018,163.0281999919407,0.00017299112169855135
75358908320797072,Aleksoto sen.,20,110,1,126.0,1990.0,ambiguous,14627,15727,199300603018,126.00539999584704,4.285619155730558e-05
7425414881269618,Kauno m.,28,240,1,14.0,1970.0,ambiguous,297,3176,190021051033,14.002474562702611,0.00017673885952573798
74247964205725284,Kauno m.,28,240,1,26.0,1974.0,ambiguous,946,3176,440053170297,26.02109562525104,0.0008110412190998062
74857305642185221,Kauno m.,28,240,0,4.54,1978.0,no_match,0,14,,,
74454161076100006,Kauno m.,20,110,2,95.0,1980.0,ambiguous,7021,8034,440031711447,95.03307528605733,0.0003481003119221171
75567828900957715,Eigulių sen.,22,224,1,74.0,1970.0,ambiguous,92,729,199680260068,71.82189999699537,0.029875649771541113
75636916128432999,Aleksoto sen.,20,120,1,82.0,1948.0,ambiguous,1154,1391,199300412015,82.06986153634062,0.0008516072349742387
64824914620952662,Kauno m.,28,240,1,28.0,2020.0,ambiguous,1054,3176,440040127631,28.04340274881733,0.001548898009962052
74450283913292462,Kauno m.,28,240,1,29.0,1980.0,ambiguous,1106,3176,440061094300,29.048890156438162,0.0016844479839783766
74988946130683243,Kauno m.,28,240,1,18.0,1980.0,ambiguous,504,3176,199620475038,18.02892226261338,0.0016055028576857922
7533930992665018,Aleksoto sen.,20,110,1,197.0,1993.0,ambiguous,10998,15727,529620192010,196.99574829410827,2.15824963101241e-05
7552355118677602,Aleksoto sen.,20,110,1,72.0,1970.0,ambiguous,11600,15727,199590435015,72.00880000468231,0.00012221481871943496
74221817363291809,Aleksoto sen.,28,240,1,55.0,1959.0,ambiguous,1925,3176,440043133599,55.04719999694005,0.0008578137351182846
9405104734329614,Kauno m.,28,240,1,195.0,2003.0,ambiguous,1474,3176,440063813661,194.79025000446848,0.0010762199196845401
86671137093777217,Petrašiūnų sen.,20,110,1,109.0,2006.0,ambiguous,14633,15727,199620041012,109.00090000046734,8.256850933641147e-06
75597910182268732,Žaliakalnio sen.,20,110,1,68.0,1961.0,ambiguous,10955,15727,199350307010,67.98379999127593,0.00023826380497915522
74928430547397132,Kauno m.,28,240,1,54.73,1980.0,ambiguous,1926,3176,440030663044,54.73813433189357,0.00014861552100420283
75439205029791234,Aleksoto sen.,20,140,5,782.08,1979.0,ambiguous,798,847,199630150011,782.2304000165503,0.0001922892247110397
74533989809439899,Kauno m.,28,240,1,64.56,1976.0,ambiguous,2101,3176,440017873217,64.55357422226399,9.953682685992504e-05
74994882974985078,Kauno m.,28,240,1,47.0,1939.0,ambiguous,1734,3176,199740057027,47.009421325163444,0.00020043363871824482
7425334065122309,Kauno m.,28,240,1,9.0,1989.0,ambiguous,98,3176,440002584574,12.29224999792967,0.31174440498827005
96134213021894982,Petrašiūnų sen.,20,110,0,135.0,2003.0,ambiguous,83,88,199920403014,139.10154142815986,0.029929401868532324
75694503658588375,Petrašiūnų sen.,20,110,2,137.38,1930.0,ambiguous,6922,8034,199680305019,137.3715675227848,6.138255948062721e-05
74206410832744263,Eigulių sen.,20,110,2,200.0,2001.0,ambiguous,5526,8034,440043713357,199.97963089584945,0.00010185070735957424
65063355014645982,Vilijampolės sen.,20,110,2,61.0,2015.0,ambiguous,4906,8034,440054790968,60.93729793322396,0.0010284313883497376
75359952184864062,Panemunės sen.,20,110,2,395.0,1989.0,ambiguous,1165,8034,199730259019,394.898498949229,0.0002569977065780549
74267169438673092,Žaliakalnio sen.,28,240,1,23.0,1955.0,ambiguous,785,3176,440050269433,23.024728073147582,0.0010745560728868675
74437488488214951,Kauno m.,28,240,1,45.0,1958.0,ambiguous,1679,3176,199590211020,45.00037570002737,8.34885464540136e-06
75372867209781702,Kauno m.,22,296,1,59.0,1988.0,ambiguous,131,352,199680054258,58.98239999542236,0.00029834966416864006
74460158819792552,Dainavos sen.,22,214,2,688.0,2000.0,ambiguous,26,65,440023959173,685.2304025056482,0.004033702202607792
64754840033952085,Kauno m.,20,110,1,252.0,2023.0,ambiguous,7686,15727,440057975184,251.97723560753482,9.033897117660672e-05
75645986833018861,Šančių sen.,20,110,1,133.0,1939.0,ambiguous,14521,15727,440053864636,133.01651955118035,0.00012419943866248673
80126928779486489,Aleksoto sen.,20,110,1,182.0,2012.0,ambiguous,11974,15727,199630042014,181.99629999810253,2.032988740552355e-05
83476278601633827,Aleksoto sen.,20,110,1,97.0,2016.0,ambiguous,14221,15727,199700442019,96.99904998900165,9.793975778826791e-06
7426527651045231,Kauno m.,28,240,1,29.0,1978.0,ambiguous,1106,3176,440061094300,29.048890156438162,0.0016844479839783766
64923366176186867,Aleksoto sen.,20,110,1,157.0,2018.0,ambiguous,13518,15727,199300009018,156.996656093512,2.129899426073223e-05
74469217113696043,Kauno m.,28,240,1,25.0,1970.0,ambiguous,903,3176,440050743778,24.990042994721314,0.00039835954577638333
75637502859463385,Vilijampolės sen.,20,120,1,111.0,1947.0,ambiguous,1325,1391,199330139016,111.02630129650154,0.00023692054924140393
75566718666149932,Vilijampolės sen.,20,110,2,98.0,1966.0,ambiguous,7063,8034,199640027012,98.00959999648352,9.795435010673259e-05
74929888178704024,Kauno m.,28,240,1,14.5,1973.0,ambiguous,326,3176,440023993764,14.810749998136423,0.021204618903591488
7446842612364768,Kauno m.,28,240,1,39.0,1959.0,ambiguous,1497,3176,199830130015,38.97799999525118,0.0005642618516472631
75583324611621303,Kauno m.,22,222,1,117.0,1964.0,ambiguous,277,917,199880221012,116.6737999972038,0.0027919280183779094
75174020279077117,Aleksoto sen.,20,110,1,188.0,2003.0,ambiguous,11559,15727,199550237011,188.00365160300575,1.9423231611526148e-05
74883064590662726,Kauno m.,28,240,1,144.0,1974.0,ambiguous,1841,3176,199280275038,143.93575217640864,0.0004462650030223614
65168310425965187,Šilainių sen.,20,120,1,158.0,2011.0,ambiguous,1261,1391,440020686824,158.01941380923407,0.00012286466217048542
75635051386877358,Kauno m.,22,224,8,2515.0,1974.0,no_match,0,0,,,
7423544641580318,Kauno m.,28,240,1,17.0,1933.0,ambiguous,444,3176,199100169028,16.981026597074084,0.0011167058089558424
75340764633272911,Šilainių sen.,20,110,2,189.0,2004.0,ambiguous,5797,8034,199360187017,188.9657119717981,0.0001814345968957909
75600148672265013,Eigulių sen.,20,110,1,257.0,1961.0,ambiguous,7427,15727,440021593871,256.99879521357207,4.687895922117491e-06
74461418170795921,Kauno m.,28,240,1,67.0,1981.0,ambiguous,2144,3176,440021199362,67.06007540801815,0.0008962461322905568
64953373372264825,Panemunės sen.,20,110,2,215.0,2023.0,ambiguous,5089,8034,440007184205,215.01549271332317,7.205653560138359e-05
74883767583498712,Kauno m.,28,240,1,45.64,1991.0,ambiguous,1691,3176,529680230028,45.64019999776054,4.382062277485943e-06
7448674195412934,Kauno m.,28,240,1,37.0,1993.0,ambiguous,1439,3176,440023510410,36.97549517472136,0.0006625119877079477
75570585467969298,Žaliakalnio sen.,24,140,3,536.0,1965.0,ambiguous,187,370,440046292515,542.7482608709132,0.012511443391195698
75015753925496642,Kauno m.,28,240,1,37.0,1994.0,ambiguous,1439,3176,440023510410,36.97549517472136,0.0006625119877079477
84029430968024857,Aleksoto sen.,20,110,1,156.0,2012.0,ambiguous,13572,15727,440004329575,156.00299999756086,1.9230568686801064e-05
64848376871313132,Kauno m.,20,110,1,207.0,2020.0,ambiguous,10336,15727,440059168396,207.00038533371128,1.861513781342694e-06
75518647856021193,Šilainių sen.,20,110,2,118.0,1970.0,ambiguous,7070,8034,440030768666,118.01264147002973,0.00010712536381962678
75008941626808281,Kauno m.,28,240,1,22.0,1980.0,ambiguous,739,3176,199270002032,22.042988585359026,0.0019521199805661027
75461534176052711,Žaliakalnio sen.,20,110,2,142.0,1976.0,ambiguous,6874,8034,199790043014,141.9894500073215,7.429848315254617e-05
64721150738036554,Kauno m.,20,110,1,194.0,2025.0,ambiguous,11182,15727,199820020019,193.9976999917535,1.1855782890535238e-05
75635525184645933,Šilainių sen.,20,120,1,159.0,1949.0,ambiguous,1253,1391,199680173019,158.93355749744435,0.00041796470964516885
80312818423009816,Panemunės sen.,20,110,2,115.0,2011.0,ambiguous,7080,8034,199610091011,115.00420362091396,3.6552557285851606e-05
74282294698366003,Kauno m.,28,240,1,39.0,1970.0,ambiguous,1497,3176,199830130015,38.97799999525118,0.0005642618516472631
74143648180701918,Kauno m.,28,240,1,55.0,2001.0,ambiguous,1925,3176,440043133599,55.04719999694005,0.0008578137351182846
7502090067503156,Kauno m.,28,240,1,8.0,1969.0,ambiguous,68,3176,440002584574,12.29224999792967,0.42952744064465387
75705355871164171,Vilijampolės sen.,20,110,1,189.0,1900.0,ambiguous,11503,15727,440009252128,188.9925728778035,3.92977149843432e-05
75685626462180938,Aleksoto sen.,20,110,1,55.0,1926.0,ambiguous,8429,15727,199280234011,54.96569999581501,0.0006238309818185073
65188936740321737,Šilainių sen.,20,110,2,88.0,2017.0,ambiguous,6820,8034,440001824282,87.98192251111115,0.00020544711291403672
74212373274118379,Kauno m.,28,240,1,34.0,2001.0,ambiguous,1314,3176,199350050047,33.81439999509547,0.005473777496629584
65157487012419343,Petrašiūnų sen.,20,110,1,94.0,2011.0,ambiguous,14041,15727,199230049013,94.00668983734653,7.116595005385307e-05
65348529153773663,Panemunės sen.,20,110,1,143.0,2010.0,ambiguous,14192,15727,199400255016,143.00616192167755,4.3089433019005696e-05
64821757606346869,Kauno m.,20,110,2,97.0,2024.0,ambiguous,7046,8034,440021307326,97.01292719814813,0.00013326120433276856
74260934527703784,Kauno m.,28,240,1,17.0,1964.0,ambiguous,444,3176,199100169028,16.981026597074084,0.0011167058089558424
74482566504211561,Kauno m.,28,240,1,14.0,1977.0,ambiguous,297,3176,190021051033,14.002474562702611,0.00017673885952573798
84993685859162546,Aleksoto sen.,20,110,2,133.0,2004.0,ambiguous,6975,8034,440054622205,132.99710064293242,2.179991481643384e-05
75653031132321219,Vilijampolės sen.,20,110,1,26.0,1937.0,ambiguous,720,15727,199720215018,26.090650000888296,0.003480474610920048
74275949458563237,Kauno m.,28,240,1,10.0,1925.0,ambiguous,130,3176,440002584574,12.29224999792967,0.20638388933044371
75703803610023532,Centro sen.,20,110,1,143.0,1900.0,ambiguous,14192,15727,199400255016,143.00616192167755,4.3089433019005696e-05
74482758917382846,Panemunės sen.,28,240,1,16.0,1965.0,ambiguous,406,3176,440052806336,16.03196284859298,0.001995685331706021
86786166292602218,Šilainių sen.,20,110,2,154.0,2013.0,ambiguous,6700,8034,199360230017,153.99589144642005,2.6679275239693823e-05
75634895172418809,Žaliakalnio sen.,20,110,1,68.0,1950.0,ambiguous,10955,15727,199350307010,67.98379999127593,0.00023826380497915522
75485259338669702,Kauno m.,22,220,1,24.0,1973.0,ambiguous,237,1208,199670075013,24.108122250929767,0.004494976229372671
65308389300594002,Kauno m.,22,220,0,21.0,1972.0,confident,1,16,199660362018,16.55828283394344,0.2376359877453118
75547375814151496,Petrašiūnų sen.,20,110,1,96.0,1968.0,ambiguous,14161,15727,199420002017,96.00074999316782,7.812398314932523e-06
74503158224719909,Kauno m.,28,240,1,100.0,1977.0,ambiguous,2152,3176,199580349077,100.02294353024831,0.00022940898622891837
64872715214189955,Kauno m.,20,120,2,89.0,2020.0,ambiguous,2252,2464,440057121190,88.93173984986136,0.000767262249500078
64905025991309026,Kauno m.,22,240,1,63.0,2021.0,ambiguous,180,264,199400269045,63.00924599648085,0.00014675108043604723
75656225445803166,Žaliakalnio sen.,20,120,1,77.0,1936.0,ambiguous,1089,1391,199200170010,77.00764999341351,9.934562887092824e-05
9213089557928919,Kauno m.,28,240,0,36.0,2003.0,ambiguous,4,14,440005080175,57.31299999361206,0.4650085355113891
7447617597862155,Kauno m.,28,240,1,9.0,2002.0,ambiguous,98,3176,440002584574,12.29224999792967,0.31174440498827005
74908481162864804,Kauno m.,28,240,1,24.0,1988.0,ambiguous,830,3176,199480080075,23.88897094517182,0.00463694464823261
74198748142419529,Panemunės sen.,28,240,1,42.0,2001.0,ambiguous,1562,3176,199100156029,42.02899999731593,0.0006902378576021384
75640737635461586,Panemunės sen.,24,140,1,294.0,1957.0,ambiguous,129,175,199200177011,294.69060001313744,0.00234622509658422
86866462345677187,Vilijampolės sen.,20,110,1,123.0,2008.0,ambiguous,14669,15727,199200086015,123.00936005605591,7.609512140760444e-05
7448089861111451,Kauno m.,28,240,1,42.0,1930.0,ambiguous,1562,3176,199100156029,42.02899999731593,0.0006902378576021384
7461488358990645,Šilainių sen.,20,110,1,122.0,1996.0,ambiguous,14678,15727,440049831383,121.99540721566103,3.764648189008568e-05
75624826753886695,Šančių sen.,20,110,1,141.0,1956.0,ambiguous,14273,15727,199650158018,140.99640000713188,2.5532190256249976e-05
75392985104743085,Centro sen.,22,224,1,61.0,1988.0,ambiguous,83,729,190010090011,61.06169999793097,0.0010109641793789592
64918619641234451,Šilainių sen.,20,110,2,219.0,2018.0,ambiguous,4969,8034,440008881585,218.98433374921288,7.153795050029998e-05
85948097561799303,Kauno m.,28,240,1,116.0,2004.0,ambiguous,2079,3176,199870025028,116.03184722600756,0.0002745073711931667
7427034692056575,Kauno m.,28,240,1,23.0,1973.0,ambiguous,785,3176,440050269433,23.024728073147582,0.0010745560728868675
74446221252208608,Kauno m.,28,240,1,25.0,1975.0,ambiguous,903,3176,440050743778,24.990042994721314,0.00039835954577638333
7563500785116449,Petrašiūnų sen.,22,224,1,1603.0,1985.0,ambiguous,276,729,440007924112,1603.2371409377783,0.00014792476525471443
75710739553217166,Žaliakalnio sen.,20,110,1,86.0,1880.0,ambiguous,13399,15727,199580627010,85.99942678707804,6.665288746710019e-06
74483592142661911,Kauno m.,28,240,1,23.0,1991.0,ambiguous,785,3176,440050269433,23.024728073147582,0.0010745560728868675
75012450315659257,Kauno m.,28,240,2,53.0,1931.0,ambiguous,73,123,440043861107,52.51380000535287,0.009215921250639969
74417782586980064,Kauno m.,28,240,1,32.0,1960.0,ambiguous,1227,3176,199490033024,32.05080792518123,0.0015864885232148573
75013624952846344,Kauno m.,28,240,1,28.0,1980.0,ambiguous,1054,3176,440040127631,28.04340274881733,0.001548898009962052
74559900722772424,Kauno m.,28,240,1,43.0,1936.0,ambiguous,1597,3176,440028001572,43.06414195874233,0.0014905620194025637
74999856740263673,Vilijampolės sen.,22,224,1,336.0,1984.0,ambiguous,257,729,440009589446,335.37029999138116,0.0018758655045649775
7533936272963497,Aleksoto sen.,20,110,2,243.0,1995.0,ambiguous,4310,8034,529950057019,242.87070000678133,0.0005322403522960428
74569637843971484,Kauno m.,28,240,1,12.0,1978.0,ambiguous,208,3176,440002584574,12.29224999792967,0.02406233253648926
74576259267122885,Kauno m.,28,240,1,5.0,1973.0,ambiguous,3,3176,440002584574,12.29224999792967,0.8995310698903893
64932900865583787,Aleksoto sen.,28,240,1,7.0,1986.0,ambiguous,39,3176,440002584574,12.29224999792967,0.5630588332691764
75519808892350576,Žaliakalnio sen.,20,140,5,654.0,1970.0,ambiguous,816,847,199650132011,653.9324999916181,0.00010321634861476525
64813571428848901,Kauno m.,20,110,1,184.0,2022.0,ambiguous,11844,15727,199360340016,184.0094955468807,5.1604901490698296e-05
74268446961859025,Kauno m.,28,240,1,22.0,1966.0,ambiguous,739,3176,199270002032,22.042988585359026,0.0019521199805661027
7566716006013964,Panemunės sen.,20,110,1,61.0,1932.0,ambiguous,9635,15727,199350568020,61.02070000389889,0.00033928676194783236
75415027180922981,Žaliakalnio sen.,20,140,5,575.0,1981.0,ambiguous,830,847,199900086019,575.1065334477951,0.00018525839998506655
64804083992423656,Kauno m.,20,110,2,198.0,2025.0,ambiguous,5570,8034,440008986645,197.97746603758236,0.00011381436760782293
74574924474428775,Kauno m.,28,240,1,11.0,1985.0,ambiguous,173,3176,440002584574,12.29224999792967,0.11107370952611895
75584525002835037,Kauno m.,22,224,0,314.0,1986.0,ambiguous,4,5,198700025055,300.55324101293434,0.043768072874722286
75606142851420338,Kauno m.,22,210,1,26.0,1975.0,ambiguous,21,170,199340073081,24.490949051052077,0.05979291521324681
74945722371937154,Kauno m.,28,240,1,21.73,1959.0,ambiguous,723,3176,199720377034,21.74245791574917,0.000573140636047853
74829853740018826,Vilijampolės sen.,22,224,1,120.0,1998.0,ambiguous,128,729,529200119051,119.80358567074636,0.0016381270749290522
75697490778928775,Centro sen.,24,140,3,154.0,1913.0,ambiguous,240,370,199200161031,153.45443714671447,0.003548905853823392
74410157267052399,Kauno m.,28,240,1,18.0,1950.0,ambiguous,504,3176,199620475038,18.02892226261338,0.0016055028576857922
74434642209530083,Kauno m.,28,240,1,64.0,1967.0,ambiguous,2088,3176,199780088020,64.0053500023732,8.359029331561629e-05
75617955815266938,Žaliakalnio sen.,20,110,1,87.0,1958.0,ambiguous,13500,15727,529500163017,87.00095476772138,1.097428140717227e-05
74153194767242886,Kauno m.,28,240,1,8.0,2002.0,ambiguous,68,3176,440002584574,12.29224999792967,0.42952744064465387
65082434915330084,Kauno m.,28,240,1,28.0,1999.0,ambiguous,1054,3176,440040127631,28.04340274881733,0.001548898009962052
74516042393276652,Kauno m.,28,240,1,45.0,1985.0,ambiguous,1679,3176,199590211020,45.00037570002737,8.34885464540136e-06
74479205576040819,Žaliakalnio sen.,28,240,1,28.0,1956.0,ambiguous,1054,3176,440040127631,28.04340274881733,0.001548898009962052
74903733743595879,Kauno m.,28,240,1,11.0,1968.0,ambiguous,173,3176,440002584574,12.29224999792967,0.11107370952611895
75591505670599732,Kauno m.,22,210,1,30.0,1980.0,ambiguous,21,170,199550294085,29.82725000655372,0.00577497623685419
6486883462296332,Kauno m.,20,110,2,48.0,2020.0,ambiguous,3280,8034,440046320463,47.99505379380777,0.00010305127193843688
75497466562884377,Vilijampolės sen.,22,222,2,693.0,1972.0,ambiguous,108,243,199600159046,693.1568500074051,0.00022630917716615073
65348392182478246,Šilainių sen.,20,110,2,296.0,2011.0,ambiguous,2923,8034,199000036026,295.55835031113327,0.0014931739893171425
75618734054439044,Aleksoto sen.,20,120,1,109.0,1957.0,ambiguous,1328,1391,199290141014,108.97699999724236,0.00021103146518441918
64782405924952574,Kauno m.,20,110,2,106.0,1995.0,ambiguous,7099,8034,199540129020,106.01139999927152,0.00010754138015744985
75091469574256789,Petrašiūnų sen.,22,210,3,721.0,1974.0,ambiguous,80,151,199880152014,717.3645480018508,0.005054990745660071
74468434032851485,Kauno m.,28,240,1,1.0,1986.0,no_match,0,3176,,,
74300278981294224,Kauno m.,28,240,1,8.0,1951.0,ambiguous,68,3176,440002584574,12.29224999792967,0.42952744064465387
7441073495760106,Kauno m.,28,240,1,23.0,1975.0,ambiguous,785,3176,440050269433,23.024728073147582,0.0010745560728868675
65177532821493023,Panemunės sen.,20,110,1,186.0,2012.0,ambiguous,11692,15727,529750303016,186.0022628892259,1.2165997100410664e-05
74559036947276794,Kauno m.,28,240,2,42.0,1985.0,ambiguous,47,123,440054107943,41.903493232134906,0.002300424135075918
75576960715703176,Šilainių sen.,20,110,1,117.0,1964.0,ambiguous,14704,15727,199640195010,116.99415000152811,5.000123698017944e-05
74265049866779148,Kauno m.,28,240,1,19.0,1958.0,ambiguous,555,3176,440041270455,19.060278235022437,0.003167516803143755
74879447219603129,Šilainių sen.,20,110,2,108.0,1995.0,ambiguous,7090,8034,199690136019,107.98214811208882,0.00016530892120414364
65091238673339116,Panemunės sen.,20,110,1,133.0,2018.0,ambiguous,14521,15727,440053864636,133.01651955118035,0.00012419943866248673
74312947493342565,Kauno m.,28,240,1,10.0,1980.0,ambiguous,130,3176,440002584574,12.29224999792967,0.20638388933044371
744883961510686,Kauno m.,28,240,1,19.0,1972.0,ambiguous,555,3176,440041270455,19.060278235022437,0.003167516803143755
64886943979930278,Vilijampolės sen.,20,120,2,175.0,2020.0,ambiguous,1941,2464,199350468014,175.02772657975376,0.00015842504868146534
7533822280158177,Šančių sen.,20,110,2,116.0,1993.0,ambiguous,7081,8034,199900199013,115.99742299597743,2.221579868777468e-05
75568671850251276,Gričiupio sen.,20,140,5,693.0,1965.0,ambiguous,806,847,199750011019,692.9094500005368,0.00013067231714458671
64824016586520039,Kauno m.,20,120,2,138.0,2022.0,ambiguous,2188,2464,529680187017,137.89661830413638,0.0007494234712819292
75359306069829379,Kauno m.,22,220,1,30.0,1989.0,ambiguous,264,1208,199680042015,30.257013345661626,0.008530622080106909
74586172320489988,Kauno m.,28,240,1,19.6,1982.0,ambiguous,589,3176,199290139050,19.57819989043279,0.0011128694977360354
75616744067009342,Vilijampolės sen.,20,110,1,100.0,1958.0,ambiguous,14351,15727,199000258015,99.9960539979593,3.9460798974211286e-05
64982353756623243,Petrašiūnų sen.,20,110,1,120.0,2015.0,ambiguous,14696,15727,199640129013,119.99945000377316,4.583312393613426e-06
6495871194657378,Panemunės sen.,28,240,1,36.0,2012.0,ambiguous,1405,3176,440050713967,36.03845984236268,0.001067758697253396
74335485614282423,Šilainių sen.,28,240,1,26.0,1979.0,ambiguous,946,3176,440053170297,26.02109562525104,0.0008110412190998062
74426850780632783,Kauno m.,28,240,1,15.0,1975.0,ambiguous,354,3176,440023993764,14.810749998136423,0.01269693277208983
75019563117587534,Kauno m.,28,240,1,19.0,1953.0,ambiguous,555,3176,440041270455,19.060278235022437,0.003167516803143755
64913317322109323,Šilainių sen.,22,296,1,15.0,2017.0,ambiguous,66,352,199390101298,15.165599998743833,0.010979503960177883
75546569438989006,Petrašiūnų sen.,20,140,5,699.69,1968.0,ambiguous,806,847,199740186014,699.5578388260108,0.00018890316742314894
92543180409100076,Kauno m.,28,240,0,30.0,1987.0,ambiguous,3,14,199280332056,20.6112000027217,0.3753627641596715
74890603629959404,Kauno m.,28,240,1,32.24,1998.0,ambiguous,1233,3176,440020925746,32.23329999738448,0.00020783805513024944
74487544152874396,Kauno m.,28,240,1,22.0,1962.0,ambiguous,739,3176,199270002032,22.042988585359026,0.0019521199805661027
64707958586226605,Kauno m.,20,110,1,164.0,2025.0,ambiguous,13078,15727,199930037015,164.00184998778218,1.128034968189695e-05
65017053111171771,Petrašiūnų sen.,22,224,1,410.0,2015.0,ambiguous,274,729,199590074054,408.59813187480745,0.003425049339949915
75334660870241724,Eigulių sen.,22,220,1,877.0,1995.0,ambiguous,357,1208,199960088084,877.7312069782374,0.0008334119979771515
74915394271504746,Kauno m.,28,240,1,7.0,1973.0,ambiguous,39,3176,440002584574,12.29224999792967,0.5630588332691764
74464506867702965,Kauno m.,28,240,1,31.0,1975.0,ambiguous,1191,3176,199320440073,30.96873296372617,0.0010091230668045625
74268411050101596,Kauno m.,28,240,1,23.0,1954.0,ambiguous,785,3176,440050269433,23.024728073147582,0.0010745560728868675
6510275317155477,Šilainių sen.,28,240,1,71.0,1992.0,ambiguous,2179,3176,440045080139,70.94084533663673,0.0008335115469790821
75011561725181281,Kauno m.,28,240,1,90.0,1988.0,ambiguous,2208,3176,440028228426,90.00600030133525,6.666779248920562e-05
65181591744454856,Kauno m.,20,110,2,100.0,2010.0,ambiguous,7086,8034,199470037015,99.99447573424787,5.52441834535955e-05
64900575545694839,Panemunės sen.,20,110,1,118.0,2018.0,ambiguous,14702,15727,199230030010,118.01003171002571,8.50108782159964e-05
74458653199176383,Kauno m.,28,240,0,20.0,1979.0,ambiguous,2,14,199280332056,20.6112000027217,0.030102343948493093
755145254431311,Kauno m.,22,220,1,106.0,1971.0,ambiguous,368,1208,199710354019,105.64341807378288,0.0033696513396410666
75334540988478749,Šančių sen.,20,110,2,116.0,2025.0,ambiguous,7081,8034,199900199013,115.99742299597743,2.221579868777468e-05
75615698394952413,Petrašiūnų sen.,20,110,1,71.0,1958.0,ambiguous,11443,15727,199490048018,71.00590000584573,8.309522138016945e-05
75569184257697028,Vilijampolės sen.,20,110,2,99.0,1965.0,ambiguous,7076,8034,199920083014,99.00726887686417,7.342030329215987e-05
75563540848957597,Kauno m.,22,220,1,18.0,1966.0,ambiguous,202,1208,199760051041,17.996560293808187,0.0001911130493694735
7560026303999319,Kauno m.,22,220,1,331.0,1973.0,ambiguous,530,1208,199380571028,331.12278610711087,0.00037088621957970247
74902707285764314,Kauno m.,28,240,1,17.0,1987.0,ambiguous,444,3176,199100169028,16.981026597074084,0.0011167058089558424
64924686196613346,Aleksoto sen.,20,110,2,202.0,2017.0,ambiguous,5472,8034,199680303013,202.0021499863904,1.0643440340629695e-05
74995358972557102,Kauno m.,28,240,1,43.0,1977.0,ambiguous,1597,3176,440028001572,43.06414195874233,0.0014905620194025637
75692794271861832,Panemunės sen.,20,110,1,78.0,1920.0,ambiguous,12525,15727,199350283019,78.01065000481847,0.00013652920277795744
74988528556837339,Kauno m.,28,240,1,64.0,1997.0,ambiguous,2088,3176,199780088020,64.0053500023732,8.359029331561629e-05
7541601077541335,Dainavos sen.,22,296,1,117.0,1985.0,ambiguous,125,352,199940251018,116.19527339348885,0.006901767683255677
64711409743485451,Kauno m.,20,110,1,175.0,2025.0,ambiguous,12411,15727,190020604010,174.98762851645657,7.069669062964579e-05
65157734871251968,Šilainių sen.,20,120,1,137.0,2013.0,ambiguous,1317,1391,199590103012,136.94299570614436,0.0004161763255270401
74528218398689991,Žaliakalnio sen.,28,240,1,73.0,1982.0,ambiguous,2187,3176,440029092442,72.9551244957912,0.0006149219601283562
74421179522250858,Kauno m.,28,240,1,60.0,1987.0,ambiguous,2030,3176,199600273032,60.00888042184316,0.00014799607876003762
74103378036819212,Žaliakalnio sen.,20,110,2,184.0,2006.0,ambiguous,5949,8034,440026853123,183.99997621008683,1.292930154050964e-07
64700971603678659,Kauno m.,20,120,2,155.0,2025.0,ambiguous,2104,2464,440057440583,155.0401885569884,0.0002592474053155769
7552746414021301,Kauno m.,22,220,1,91.0,1970.0,ambiguous,331,1208,440039359294,90.90922823346462,0.0009979897661134274
64784807307182252,Kauno m.,28,240,1,8.0,2022.0,ambiguous,68,3176,440002584574,12.29224999792967,0.42952744064465387
75333543694848196,Kauno m.,28,240,1,62.21,1992.0,ambiguous,2055,3176,199270040045,62.143999992901456,0.0010614859722961612
65304685557668204,Kauno m.,28,240,1,11.0,2007.0,ambiguous,173,3176,440002584574,12.29224999792967,0.11107370952611895
64883140455280972,Aleksoto sen.,20,110,1,193.0,2019.0,ambiguous,11251,15727,440038735001,192.98343145625705,8.585106200342807e-05
75025621084375521,Aleksoto sen.,28,240,1,46.0,1965.0,ambiguous,1698,3176,440044986196,45.96639522582524,0.0007308055423478343
75094194906182798,Gričiupio sen.,22,220,1,20.0,1968.0,ambiguous,219,1208,198900140012,19.97586087422769,0.0012076852469631305
74853790862281985,Kauno m.,28,240,1,16.0,1978.0,ambiguous,406,3176,440052806336,16.03196284859298,0.001995685331706021
6516891969095151,Aleksoto sen.,20,110,2,158.0,2017.0,ambiguous,6636,8034,440038203408,158.0005447796126,3.44796628759525e-06
64846270047950558,Kauno m.,28,240,1,54.0,2021.0,ambiguous,1902,3176,440058769710,54.00028103423108,5.204324069918442e-06
7565352736494281,Vilijampolės sen.,20,120,1,163.0,1977.0,ambiguous,1242,1391,199440020013,162.90610000547358,0.0005762395801927056
74279152202952572,Kauno m.,28,240,1,17.0,1985.0,ambiguous,444,3176,199100169028,16.981026597074084,0.0011167058089558424
74703078031192374,Kauno m.,28,240,1,10.45,1935.0,ambiguous,149,3176,440002584574,12.29224999792967,0.16236700391366954
75652378141285656,Aleksoto sen.,20,120,1,118.0,1937.0,ambiguous,1329,1391,199690152011,117.93059637597311,0.0005883393429675365
7566821497547245,Žaliakalnio sen.,20,140,2,283.0,1996.0,ambiguous,553,821,199590043013,282.6343248748357,0.0012929737819193932
75628446378255776,Petrašiūnų sen.,20,110,1,74.0,1954.0,ambiguous,11934,15727,440046562923,74.01053055717641,0.00014229470233662056
75690427084917716,Žaliakalnio sen.,20,110,1,46.0,1923.0,ambiguous,6021,15727,199600352016,46.12490000880547,0.0027115380384707954
74526112634546532,Šilainių sen.,20,110,2,118.0,1990.0,ambiguous,7070,8034,440030768666,118.01264147002973,0.00010712536381962678
75686325646385097,Žaliakalnio sen.,20,140,2,173.0,1925.0,ambiguous,763,821,199390268012,173.001000014456,5.7804136748274004e-06
74137205350959232,Kauno m.,28,240,1,24.0,1965.0,ambiguous,830,3176,199480080075,23.88897094517182,0.00463694464823261
74999585099920135,Kauno m.,28,240,1,42.0,1985.0,ambiguous,1562,3176,199100156029,42.02899999731593,0.0006902378576021384
64808052757736753,Kauno m.,20,110,2,119.0,2023.0,ambiguous,7060,8034,529720348018,118.98070198694259,0.00016218132763423654
75592185549752985,Šilainių sen.,20,110,1,132.0,1962.0,ambiguous,14538,15727,199760002013,132.00019999915753,1.5151439853866577e-06
75604603502546427,Kauno m.,22,296,1,18.0,1975.0,ambiguous,83,352,199700183880,18.022899993248657,0.001271413258663756
74469185471391544,Kauno m.,28,240,1,21.0,1985.0,ambiguous,683,3176,199570356022,20.99824999592453,8.333699983475995e-05
64781953772647352,Kauno m.,22,266,1,91.0,2024.0,ambiguous,206,332,190010109015,91.08835000801794,0.0009704082106001266
74215954233106951,Kauno m.,28,240,1,22.0,2000.0,ambiguous,739,3176,199270002032,22.042988585359026,0.0019521199805661027
74693380554301164,Kauno m.,28,240,1,62.0,1960.0,ambiguous,2051,3176,440021785706,61.992500005606566,0.00012097496868346269
74560962508055439,Kauno m.,28,240,2,15.0,1991.0,ambiguous,3,123,440028268844,28.644961858931527,0.646927375248683
64904692827518942,Kauno m.,22,220,1,35.0,1982.0,ambiguous,263,1208,199930394012,34.967090516136636,0.0009407132995669087
7523989889546473,Vilijampolės sen.,20,110,1,216.0,1938.0,ambiguous,9770,15727,440018133925,216.03413723115165,0.0001580302493753294
74153944285618251,Aleksoto sen.,20,110,1,139.0,2010.0,ambiguous,14333,15727,199620193017,139.01215000325664,8.740627533221357e-05
74770400061786604,Kauno m.,28,240,1,30.0,1975.0,ambiguous,1147,3176,440053929710,29.989079681954312,0.00036407686946393625
74457755594748862,Kauno m.,28,240,1,34.0,1993.0,ambiguous,1314,3176,199350050047,33.81439999509547,0.005473777496629584
75648061488816185,Šančių sen.,20,140,1,97.0,1938.0,ambiguous,650,790,199370128019,96.95299998893216,0.0004846536221716491
82759131092514163,Kauno m.,28,240,1,64.0,2005.0,ambiguous,2088,3176,199780088020,64.0053500023732,8.359029331561629e-05
64765533272499995,Kauno m.,20,110,1,101.0,2024.0,ambiguous,14391,15727,199680230015,101.00339999740328,3.3662774028719866e-05
7462501608299707,Panemunės sen.,22,236,1,137.0,1900.0,confident,1,4,199790177016,183.1914999906011,0.29055112790429405
75527921912360435,Kauno m.,22,220,1,19.0,1970.0,ambiguous,210,1208,199720361017,18.986193523152647,0.0007269208191074128
74310183829919607,Kauno m.,28,240,1,34.0,1973.0,ambiguous,1314,3176,199350050047,33.81439999509547,0.005473777496629584
74413163641540214,Aleksoto sen.,28,240,1,26.0,1974.0,ambiguous,946,3176,440053170297,26.02109562525104,0.0008110412190998062
74317992571845085,Kauno m.,22,220,1,20.0,1962.0,ambiguous,219,1208,198900140012,19.97586087422769,0.0012076852469631305
64846691308913643,Kauno m.,20,110,1,105.0,2020.0,ambiguous,14540,15727,199590309010,104.99429999652952,5.428722086175952e-05
74316872645009954,Kauno m.,28,240,1,14.0,1980.0,ambiguous,297,3176,190021051033,14.002474562702611,0.00017673885952573798
65151189131189488,Vilijampolės sen.,20,110,1,84.0,2011.0,ambiguous,13221,15727,199610280014,83.99804999840613,2.3214574144780897e-05
74705535927071159,Eigulių sen.,22,292,2,478.0,1980.0,ambiguous,105,190,199610050018,478.874249975889,0.0018273043070680117
7534025327241442,Kauno m.,22,224,1,555.0,1993.0,ambiguous,320,729,440054505352,555.8968434944331,0.0016146300073254238
64925729789625686,Aleksoto sen.,20,110,1,102.0,2017.0,ambiguous,14424,15727,529560142010,101.99533091911671,4.5776350497739315e-05
74778305110397861,Kauno m.,28,240,1,21.0,1967.0,ambiguous,683,3176,199570356022,20.99824999592453,8.333699983475995e-05
7427486851128827,Kauno m.,28,240,1,22.0,1975.0,ambiguous,739,3176,199270002032,22.042988585359026,0.0019521199805661027
74944413554533254,Kauno m.,28,240,1,7.0,1966.0,ambiguous,39,3176,440002584574,12.29224999792967,0.5630588332691764
74884425111554215,Kauno m.,28,240,1,14.12,1977.0,ambiguous,302,3176,440022913488,14.096399998512492,0.0016727865349164261
7454001183808795,Kauno m.,28,240,1,19.0,1982.0,ambiguous,555,3176,440041270455,19.060278235022437,0.003167516803143755
75631470038323337,Kauno m.,22,224,1,488.0,1984.0,ambiguous,316,729,199660058040,487.9659499700062,6.97770859909852e-05
74450213021082928,Kauno m.,28,240,1,64.0,1988.0,ambiguous,2088,3176,199780088020,64.0053500023732,8.359029331561629e-05
74299075976386492,Kauno m.,28,240,1,44.0,1957.0,ambiguous,1647,3176,440023080940,43.90603878903235,0.0021377654606191676
75592441799099006,Vilijampolės sen.,20,140,5,707.0,1962.0,ambiguous,805,847,199670113014,707.0655000152234,9.264070903292065e-05
75599754760871038,Vilijampolės sen.,20,110,2,129.0,1961.0,ambiguous,7010,8034,440020237236,129.0203320567398,0.00015760042334544977
75375735752172671,Aleksoto sen.,20,110,1,116.0,2003.0,ambiguous,14697,15727,529700106016,116.00220000441391,1.8965375448765087e-05
74536928521888868,Kauno m.,28,240,2,40.0,1930.0,ambiguous,44,123,199330224029,40.07711817546017,0.0019260982677380412
65210729124151934,Šilainių sen.,20,110,1,300.0,2018.0,ambiguous,5544,15727,440008911873,300.0309999860786,0.00010332794841261261
74328163224383265,Kauno m.,28,240,1,67.0,1967.0,ambiguous,2144,3176,440021199362,67.06007540801815,0.0008962461322905568
75406274503264495,Eigulių sen.,22,296,2,723.0,1983.0,ambiguous,20,60,440001936288,724.056650002492,0.0014604130256996584
85638838561358635,Panemunės sen.,26,266,1,39.0,2004.0,ambiguous,298,389,199780235016,39.01133099721126,0.0002904961919276694
7517609659271457,Šilainių sen.,20,120,2,168.0,1981.0,ambiguous,2000,2464,199650010018,167.97574999103975,0.0001443557102138726
7463558014347603,Kauno m.,28,240,1,24.0,1975.0,ambiguous,830,3176,199480080075,23.88897094517182,0.00463694464823261
74893273118981585,Kauno m.,28,240,1,34.0,1991.0,ambiguous,1314,3176,199350050047,33.81439999509547,0.005473777496629584
64711502259197529,Kauno m.,20,120,1,214.0,2025.0,ambiguous,974,1391,199380312012,214.01889753290027,8.830232974066377e-05
74469092523424679,Kauno m.,28,240,1,12.0,1992.0,ambiguous,208,3176,440002584574,12.29224999792967,0.02406233253648926
75163842313774848,Panemunės sen.,22,224,1,547.0,1991.0,ambiguous,321,729,199810017186,545.8723000333503,0.0020637367547067242
74274028167377937,Kauno m.,28,240,1,42.0,1983.0,ambiguous,1562,3176,199100156029,42.02899999731593,0.0006902378576021384
75479023172508986,Šilainių sen.,20,110,2,114.0,1974.0,ambiguous,7076,8034,199280273021,114.00444820968045,3.901862192545735e-05
750058436640966,Kauno m.,28,240,1,24.0,1978.0,ambiguous,830,3176,199480080075,23.88897094517182,0.00463694464823261
64941097774287013,Petrašiūnų sen.,22,224,1,39.0,1964.0,ambiguous,57,729,199640202146,39.19780000581667,0.005058976791259884
74261628958510795,Kauno m.,28,240,1,27.0,1961.0,ambiguous,995,3176,199300179020,26.94290380843917,0.00211691284124349
7449781474599651,Kauno m.,28,240,1,15.0,1927.0,ambiguous,354,3176,440023993764,14.810749998136423,0.01269693277208983
75200139511999706,Panemunės sen.,20,110,1,96.0,1972.0,ambiguous,14161,15727,199420002017,96.00074999316782,7.812398314932523e-06
74421811478536548,Kauno m.,28,240,1,12.0,1918.0,ambiguous,208,3176,440002584574,12.29224999792967,0.02406233253648926
74190593571953095,Panemunės sen.,20,110,1,222.0,2005.0,ambiguous,9384,15727,440030621800,221.98396655707603,7.222532405926074e-05
75678738728637965,Panemunės sen.,20,120,1,82.0,1930.0,ambiguous,1154,1391,199300412015,82.06986153634062,0.0008516072349742387
74298796210399906,Kauno m.,28,240,1,33.0,1935.0,ambiguous,1269,3176,440057304559,32.99742574165476,7.801087141245944e-05
75638589407201307,Eigulių sen.,20,120,1,170.0,1945.0,ambiguous,1217,1391,440026455714,169.9644781974857,0.0002089736129606834
6477831499654535,Kauno m.,20,110,1,102.0,2022.0,ambiguous,14424,15727,529560142010,101.99533091911671,4.5776350497739315e-05
74471436592178406,Kauno m.,22,240,2,43.0,1971.0,ambiguous,9,28,199410051022,33.86318754378946,0.23887160450059586
75098626228143145,Aleksoto sen.,20,110,2,190.0,1992.0,ambiguous,5769,8034,199590125010,189.99962589834843,1.9689579993098505e-06
75642630347129786,Šančių sen.,20,140,1,233.0,1940.0,ambiguous,622,790,199300761019,232.94369999301733,0.00024166012871251752
74523355209452399,Kauno m.,28,240,1,41.0,1980.0,ambiguous,1541,3176,199390440029,41.00460000060461,0.00011218884329400325
74429656786285853,Dainavos sen.,22,292,1,426.0,1983.0,ambiguous,23,46,440060974638,447.226825222565,0.04862655861723386
7489195774090536,Žaliakalnio sen.,28,240,1,64.0,1939.0,ambiguous,2088,3176,199780088020,64.0053500023732,8.359029331561629e-05
74543660339906906,Kauno m.,28,240,1,26.0,1981.0,ambiguous,946,3176,440053170297,26.02109562525104,0.0008110412190998062
75647154995081456,Žaliakalnio sen.,20,110,3,399.0,1939.0,ambiguous,16,88,199390016016,383.42535000223353,0.039816469522417464
74790338720632163,Aleksoto sen.,28,240,1,35.0,1968.0,ambiguous,1368,3176,199730192028,35.120799997296,0.003445485984352459
75699739540009595,Šančių sen.,20,110,1,88.0,1910.0,ambiguous,13588,15727,199620241014,88.00454999920987,5.170319984237892e-05
64901329003705391,Petrašiūnų sen.,20,110,1,120.0,2020.0,ambiguous,14696,15727,199640129013,119.99945000377316,4.583312393613426e-06
75683332851251908,Žaliakalnio sen.,20,110,1,170.0,1927.0,ambiguous,12707,15727,440009323886,170.0095670885646,5.627540806596443e-05
75023765008984056,Eigulių sen.,22,224,1,9.0,1964.0,confident,1,729,199300818246,21.71580000069067,0.8808155288971533
74484739074685752,Kauno m.,28,240,1,30.0,1993.0,ambiguous,1147,3176,440053929710,29.989079681954312,0.00036407686946393625
74459331947948432,Kauno m.,28,240,1,119.0,1994.0,ambiguous,2056,3176,199600278030,119.02705000076519,0.00022728509958458432
64923078804460882,Šilainių sen.,20,120,2,182.0,2018.0,ambiguous,1864,2464,199290100014,182.03131249726815,0.0001720318899529616
74273104730268935,Kauno m.,28,240,0,17.0,1978.0,ambiguous,2,14,440037465764,19.353600001105665,0.1296651046838262
74260642069104474,Vilijampolės sen.,28,240,1,14.0,1959.0,ambiguous,297,3176,190021051033,14.002474562702611,0.00017673885952573798
75617713439938047,Dainavos sen.,22,224,1,55.0,1988.0,ambiguous,77,729,199640104067,56.303499996453525,0.023423514880599683
64785797077951304,Kauno m.,20,120,1,200.0,2025.0,ambiguous,1057,1391,529330044010,200.11226079452604,0.000561146500479559
74228019775300233,Kauno m.,28,240,1,17.0,1982.0,ambiguous,444,3176,199100169028,16.981026597074084,0.0011167058089558424
7442644335183117,Kauno m.,28,240,1,30.0,1988.0,ambiguous,1147,3176,440053929710,29.989079681954312,0.00036407686946393625
65112104561501599,Aleksoto sen.,28,240,1,34.0,2012.0,ambiguous,1314,3176,199350050047,33.81439999509547,0.005473777496629584
74979783955401794,Kauno m.,28,240,1,135.0,1982.0,ambiguous,1922,3176,440065218453,134.9137101352215,0.0006393885488442663
74902994931830599,Kauno m.,28,240,1,19.0,1960.0,ambiguous,555,3176,440041270455,19.060278235022437,0.003167516803143755
7565209023781154,Šančių sen.,20,110,1,69.0,1937.0,ambiguous,11136,15727,199200162018,69.00819998759609,0.00011883333898232706
74996375640477148,Kauno m.,28,240,1,20.0,1971.0,ambiguous,617,3176,440027549862,20.046249997112902,0.002309830142869007
75678705117464037,Aleksoto sen.,20,110,1,178.0,1930.0,ambiguous,12229,15727,199290204016,177.99000000265892,5.618133848450668e-05
74465609364955859,Kauno m.,28,240,1,28.0,1960.0,ambiguous,1054,3176,440040127631,28.04340274881733,0.001548898009962052
75091540016673591,Petrašiūnų sen.,22,296,1,118.0,1996.0,ambiguous,123,352,440020304272,118.6175887287653,0.00522015404285181
74164770329616131,Gričiupio sen.,22,222,1,34.0,1963.0,ambiguous,260,917,190020194011,34.07037600497461,0.002067743243968856
75633586765585126,Žaliakalnio sen.,20,110,2,136.0,1951.0,ambiguous,6932,8034,199930061018,136.00909234887564,6.685327170874444e-05
64890971743206488,Kauno m.,20,110,1,168.0,2020.0,ambiguous,12841,15727,440001356001,168.00000000324567,1.9319656985317124e-11
74289021222394905,Kauno m.,28,240,1,33.0,1985.0,ambiguous,1269,3176,440057304559,32.99742574165476,7.801087141245944e-05
74143640830990204,Kauno m.,28,240,1,54.0,2001.0,ambiguous,1902,3176,440058769710,54.00028103423108,5.204324069918442e-06
65078448093370045,Šilainių sen.,20,120,1,251.0,2017.0,ambiguous,754,1391,440012409606,250.70659665863872,0.0011696213554435175
74114733890669859,Kauno m.,28,240,1,34.0,2003.0,ambiguous,1314,3176,199350050047,33.81439999509547,0.005473777496629584
74797161495949213,Kauno m.,28,240,1,14.0,1958.0,ambiguous,297,3176,190021051033,14.002474562702611,0.00017673885952573798
74491545392815495,Kauno m.,28,240,1,10.0,1971.0,ambiguous,130,3176,440002584574,12.29224999792967,0.20638388933044371
74702552854601006,Kauno m.,22,214,1,514.0,1989.0,ambiguous,43,126,199820104021,513.0180310018264,0.0019122727503688708
75629730294404188,Žaliakalnio sen.,20,110,1,119.0,1953.0,ambiguous,14708,15727,199320415016,119.00695887890069,5.847626418464813e-05
75507604078067059,Vilijampolės sen.,22,226,2,676.0,1971.0,confident,2,2,199400324014,519.2036000195831,0.2638969768951833
65077991861940271,Petrašiūnų sen.,28,240,1,37.0,2012.0,ambiguous,1439,3176,440023510410,36.97549517472136,0.0006625119877079477
74368257315502631,Kauno m.,28,240,1,83.0,1985.0,ambiguous,2217,3176,440024816636,83.02729550299449,0.00032880741877683306
75593812088820211,Gričiupio sen.,20,140,4,270.0,1962.0,ambiguous,134,149,199620345012,268.0014000065684,0.007429754596056881
75716895985396451,Kauno m.,22,224,1,18.0,1950.0,ambiguous,18,729,199300818246,21.71580000069067,0.18766834833720836
74878803424805226,Kauno m.,28,240,1,16.0,1969.0,ambiguous,406,3176,440052806336,16.03196284859298,0.001995685331706021
75192748457262329,Aleksoto sen.,20,110,2,115.0,1975.0,ambiguous,7080,8034,199610091011,115.00420362091396,3.6552557285851606e-05
7502786999673873,Kauno m.,28,240,1,75.0,1973.0,ambiguous,2194,3176,199620078037,74.98951114679764,0.00013986115614628147
75243180396609433,Aleksoto sen.,20,110,1,118.0,1934.0,ambiguous,14702,15727,199230030010,118.01003171002571,8.50108782159964e-05
75354280117454653,Panemunės sen.,20,110,2,202.0,1990.0,ambiguous,5472,8034,199680303013,202.0021499863904,1.0643440340629695e-05
64750137693533466,Kauno m.,22,224,1,195.0,2024.0,ambiguous,198,729,199550120217,195.6335000147028,0.003243452341114228
75566771648499509,Žaliakalnio sen.,20,120,2,98.0,1966.0,ambiguous,2288,2464,199560271018,97.91559998955168,0.0008615956633777344
75608270804625122,Aleksoto sen.,20,110,1,79.0,1960.0,ambiguous,12653,15727,440038102091,79.00796648231572,0.0001008364641332804
7567937221610628,Žaliakalnio sen.,20,140,2,151.0,1929.0,ambiguous,766,821,199300549013,150.56595001008566,0.0028786425631430745
74481432030871028,Kauno m.,28,240,1,30.0,1973.0,ambiguous,1147,3176,440053929710,29.989079681954312,0.00036407686946393625
74818996836627544,Kauno m.,28,240,1,16.0,1957.0,ambiguous,406,3176,440052806336,16.03196284859298,0.001995685331706021
64903050717624103,Kauno m.,20,110,2,107.0,2021.0,ambiguous,7095,8034,199950093013,107.02948266375243,0.0002755009596997482
74299492803410319,Kauno m.,28,240,1,13.0,1980.0,ambiguous,262,3176,199180028031,12.808198848106617,0.01486385658262579
74792959836647591,Kauno m.,28,240,1,14.0,1950.0,ambiguous,297,3176,190021051033,14.002474562702611,0.00017673885952573798
65238854207530408,Šilainių sen.,20,120,2,272.0,2014.0,ambiguous,870,2464,199690038018,271.5922916161301,0.001500052398125895
75704848793397214,Centro sen.,22,222,1,118.0,1900.0,ambiguous,267,917,199810126015,118.49919999079704,0.004221584954217761
75692874668786395,Vilijampolės sen.,20,110,1,107.0,1920.0,ambiguous,14591,15727,199670019013,106.99252679106144,6.984551333300004e-05
74986903052956813,Kauno m.,28,240,1,57.48,1979.0,ambiguous,1982,3176,199610096030,57.48110000648871,1.9137020935033888e-05
74242284254108587,Centro sen.,22,220,1,23.0,2000.0,ambiguous,231,1208,440022103219,23.045851655735795,0.001991565765092407
64956671369285804,Petrašiūnų sen.,20,110,1,140.0,2009.0,ambiguous,14296,15727,440008299265,140.0059151726284,4.2250340501759354e-05
64900398255404154,Panemunės sen.,20,110,1,173.0,2022.0,ambiguous,12523,15727,529920391015,173.00754998798834,4.364059680028731e-05
74545987695137927,Kauno m.,28,240,1,25.0,1970.0,ambiguous,903,3176,440050743778,24.990042994721314,0.00039835954577638333
75634298533477681,Vilijampolės sen.,20,110,1,145.0,1986.0,ambiguous,14102,15727,199320291018,144.99899999988173,6.8965763206918496e-06
65240385139026469,Panemunės sen.,20,140,4,941.0,2011.0,ambiguous,42,149,199640237021,895.0982000336733,0.0500097066213856
7499836737281057,Vilijampolės sen.,22,222,1,370.0,1956.0,ambiguous,223,917,199640093074,372.4967133689075,0.006725208971701591
74988051059731067,Kauno m.,28,240,1,34.0,1972.0,ambiguous,1314,3176,199350050047,33.81439999509547,0.005473777496629584
75644072205454424,Žaliakalnio sen.,20,110,2,152.0,1939.0,ambiguous,6725,8034,529830235018,151.98709462186403,8.490740805822128e-05
74163256663334023,Žaliakalnio sen.,28,240,1,16.0,1961.0,ambiguous,406,3176,440052806336,16.03196284859298,0.001995685331706021
74422623566805859,Kauno m.,28,240,1,29.0,1983.0,ambiguous,1106,3176,440061094300,29.048890156438162,0.0016844479839783766
74291317601511919,Kauno m.,28,240,1,25.0,1975.0,ambiguous,903,3176,440050743778,24.990042994721314,0.00039835954577638333
75334610519515954,Kauno m.,22,222,2,3322.0,1995.0,ambiguous,87,243,199590047357,3285.461336635716,0.011059931782897436
64970702958186327,Aleksoto sen.,20,110,2,100.0,2017.0,ambiguous,7086,8034,199470037015,99.99447573424787,5.52441834535955e-05
75556486936699516,Aleksoto sen.,20,110,1,168.0,1967.0,ambiguous,12841,15727,440001356001,168.00000000324567,1.9319656985317124e-11
75156600165274964,Panemunės sen.,20,110,2,158.0,1991.0,ambiguous,6636,8034,440038203408,158.0005447796126,3.44796628759525e-06
64736418756505126,Kauno m.,20,110,1,191.0,2025.0,ambiguous,11373,15727,440008010738,191.00842882030355,4.4128975535961956e-05
75645807142230792,Šančių sen.,20,110,1,104.06,1939.0,ambiguous,14495,15727,529650269011,104.05764999797232,2.2583399609032995e-05
64798011206053149,Kauno m.,20,120,2,92.0,2025.0,ambiguous,2266,2464,199080054054,91.97134524014098,0.0003115132963058542
75341314470421222,Panemunės sen.,20,110,2,185.0,1992.0,ambiguous,5920,8034,199920296015,185.00195641196382,1.0575143887692207e-05
75609610191861104,Žaliakalnio sen.,20,110,1,110.0,1951.0,ambiguous,14658,15727,529470075019,109.9988000088267,1.0909070170761481e-05
81238189335868655,Panemunės sen.,20,110,1,139.0,2022.0,ambiguous,14333,15727,199620193017,139.01215000325664,8.740627533221357e-05
74333678338271314,Kauno m.,28,240,1,61.0,1980.0,ambiguous,2042,3176,199230070049,61.01649703387182,0.00027040661506205765
74117823574217992,Šilainių sen.,20,110,1,151.0,2008.0,ambiguous,13840,15727,440017507034,151.0091810112469,6.0799550656298607e-05
75340783840435979,Gričiupio sen.,22,212,3,295.0,1992.0,ambiguous,18,31,190020673016,302.21905223196654,0.024176736620647787
65062147364765024,Šilainių sen.,20,110,2,63.0,2016.0,ambiguous,5110,8034,440043154267,63.002104560954386,3.340517147609745e-05
75156392692550492,Panemunės sen.,20,110,2,158.0,1991.0,ambiguous,6636,8034,440038203408,158.0005447796126,3.44796628759525e-06
74281191348604558,Kauno m.,28,240,1,13.0,1947.0,ambiguous,262,3176,199180028031,12.808198848106617,0.01486385658262579
74156208346718197,Žaliakalnio sen.,22,220,1,20.0,1966.0,ambiguous,219,1208,198900140012,19.97586087422769,0.0012076852469631305
75604651837854947,Kauno m.,22,224,1,36.0,1960.0,ambiguous,50,729,529690283050,36.32580411796103,0.009009407519462442
7560510214396049,Petrašiūnų sen.,20,110,1,108.0,1960.0,ambiguous,14616,15727,199000199013,107.99345000005532,6.064998680965772e-05
75646628643412539,Aleksoto sen.,20,110,1,61.0,1939.0,ambiguous,9635,15727,199350568020,61.02070000389889,0.00033928676194783236
74251769962747433,Šilainių sen.,20,110,2,99.0,1993.0,ambiguous,7076,8034,199920083014,99.00726887686417,7.342030329215987e-05
75032001151379132,Aleksoto sen.,22,224,1,40.0,1935.0,ambiguous,58,729,529600387059,39.57191115064375,0.010759901913649284
7564368219185022,Kauno m.,22,296,1,351.0,1939.0,ambiguous,98,352,199520036031,351.7983999991542,0.0022720607861872466
74480161050549942,Kauno m.,28,240,1,63.0,1971.0,ambiguous,2067,3176,440020485314,63.04580000315867,0.0007267200521265949
75644888262455329,Gričiupio sen.,20,110,1,147.0,1939.0,ambiguous,14003,15727,440027278546,146.98703443898248,8.820498530237586e-05
756350590696932,Kauno m.,22,220,1,103.0,1976.0,ambiguous,363,1208,199690161010,103.71534311770294,0.006921072837627662
75235322387185471,Šilainių sen.,20,110,1,94.0,1947.0,ambiguous,14041,15727,199230049013,94.00668983734653,7.116595005385307e-05
74927998828520831,Kauno m.,28,240,1,43.0,1940.0,ambiguous,1597,3176,440028001572,43.06414195874233,0.0014905620194025637
75005919470731611,Kauno m.,28,240,1,10.0,1972.0,ambiguous,130,3176,440002584574,12.29224999792967,0.20638388933044371
75631815507357134,Centro sen.,24,150,4,701.0,1952.0,ambiguous,7,9,199520117064,705.6479301192272,0.00660854352448581
75412141082239717,Dainavos sen.,20,140,9,562.0,1975.0,ambiguous,292,303,199750131018,560.2484499652331,0.0031215039005818568
74474870856502354,Kauno m.,28,240,1,15.0,1946.0,ambiguous,354,3176,440023993764,14.810749998136423,0.01269693277208983
81249529877056206,Petrašiūnų sen.,20,110,1,135.0,2013.0,ambiguous,14466,15727,199370030010,134.9980908394648,1.414202988847535e-05
75627625576822718,Petrašiūnų sen.,20,120,2,141.0,1954.0,ambiguous,2170,2464,440022239096,140.98748081535834,8.879248549398255e-05
64820014597362197,Kauno m.,24,140,5,849.0,2022.0,ambiguous,151,180,199700322012,848.6949000083025,0.000359428534515871
74447972622404865,Kauno m.,28,240,1,17.0,1961.0,ambiguous,444,3176,199100169028,16.981026597074084,0.0011167058089558424
64808202076791346,Kauno m.,20,110,1,291.0,2025.0,ambiguous,5943,15727,199910244012,291.0201916139556,6.938458237204514e-05
75704609576176793,Centro sen.,22,210,2,143.0,1931.0,ambiguous,98,274,199310023018,141.38579999773373,0.01135230618447114
75002636428534789,Kauno m.,28,240,1,24.0,1978.0,ambiguous,830,3176,199480080075,23.88897094517182,0.00463694464823261
75457913847667202,Dainavos sen.,20,140,9,562.0,1976.0,ambiguous,292,303,199750131018,560.2484499652331,0.0031215039005818568
75389693079930736,Aleksoto sen.,20,110,2,113.0,1985.0,ambiguous,7086,8034,199280119020,113.0126000022307,0.00011149822836031831
92465681261652916,Aleksoto sen.,20,110,2,105.0,2007.0,ambiguous,7103,8034,199310295013,104.99826592645981,1.651512247047293e-05
74484106042752268,Kauno m.,28,240,1,12.0,1968.0,ambiguous,208,3176,440002584574,12.29224999792967,0.02406233253648926
85912776208003638,Panemunės sen.,20,110,1,123.0,2011.0,ambiguous,14669,15727,199200086015,123.00936005605591,7.609512140760444e-05
64882948446000691,Šilainių sen.,20,120,2,119.0,2020.0,ambiguous,2236,2464,440058658987,119.00257321651576,2.1623434411033315e-05
7427433286823,Kauno m.,28,240,1,36.0,1978.0,ambiguous,1405,3176,440050713967,36.03845984236268,0.001067758697253396
74260011933734757,Kauno m.,22,266,1,43.0,1985.0,ambiguous,280,332,440056271451,43.1230359993026,0.0028572165757339008
75658214658561401,Vilijampolės sen.,20,110,2,269.0,1935.0,ambiguous,3594,8034,440059074747,269.04337078104845,0.00016121667321922217
75634790178811584,Vilijampolės sen.,24,240,1,97.0,2005.0,ambiguous,18,22,440053670096,98.28724081683954,0.013183241820715175
7546483662879315,Kauno m.,22,220,1,432.0,1978.0,ambiguous,533,1208,199650252021,433.7338304544377,0.004005463830887734
74453548148936191,Kauno m.,28,240,1,30.0,1985.0,ambiguous,1147,3176,440053929710,29.989079681954312,0.00036407686946393625
74991456832065997,Kauno m.,28,240,1,16.0,1890.0,ambiguous,406,3176,440052806336,16.03196284859298,0.001995685331706021
6515252236704791,Kauno m.,28,240,2,38.0,2011.0,ambiguous,40,123,440059419380,38.74103051582802,0.019313098720248778
74989974682450319,Kauno m.,28,240,1,17.0,1980.0,ambiguous,444,3176,199100169028,16.981026597074084,0.0011167058089558424
74903788233048441,Kauno m.,28,240,1,5.0,1950.0,ambiguous,3,3176,440002584574,12.29224999792967,0.8995310698903893
7533522915283862,Petrašiūnų sen.,20,110,1,217.0,1995.0,ambiguous,9712,15727,440053018236,217.0618435992614,0.00028495294203700894
7426136287294989,Kauno m.,28,240,1,21.0,1978.0,ambiguous,683,3176,199570356022,20.99824999592453,8.333699983475995e-05
75497454138043388,Vilijampolės sen.,20,140,9,472.0,1972.0,ambiguous,298,303,199650194017,478.7404730135114,0.014179655000617686
65083909767246984,Aleksoto sen.,20,120,2,98.0,2014.0,ambiguous,2288,2464,199560271018,97.91559998955168,0.0008615956633777344
75636593330332028,Kauno m.,22,210,1,218.0,1967.0,ambiguous,86,170,199170069018,216.66612211195877,0.006137501900095543
64941294965986579,Žaliakalnio sen.,28,240,0,29.0,2016.0,ambiguous,3,14,199280332056,20.6112000027217,0.3414612124839902
75549991861245364,Šančių sen.,20,110,1,115.0,1967.0,ambiguous,14686,15727,440019548006,114.99592275123403,3.545496561496719e-05
6484847754070204,Kauno m.,20,120,2,145.0,2020.0,ambiguous,2157,2464,440009545364,145.01160423486238,8.002600378187452e-05
75693927739349201,Aleksoto sen.,20,110,1,51.0,1920.0,ambiguous,7451,15727,199320271025,51.041322624919495,0.0008099194740989191
74946906134718258,Šilainių sen.,28,240,1,44.0,2015.0,ambiguous,1647,3176,440023080940,43.90603878903235,0.0021377654606191676
64868834792030206,Kauno m.,20,110,2,47.0,2020.0,ambiguous,3136,8034,440046968910,47.04313787421157,0.0009174061651324728
65312941900272495,Kauno m.,28,240,1,10.0,2004.0,ambiguous,130,3176,440002584574,12.29224999792967,0.20638388933044371
75446898057086098,Kauno m.,22,220,1,233.0,1978.0,ambiguous,542,1208,199690164013,232.87508212573078,0.0005362719838668539
74888391851505698,Kauno m.,28,240,1,40.0,1962.0,ambiguous,1517,3176,529740369028,40.01455516398078,0.00036381291157594475
75533556518257161,Gričiupio sen.,20,110,1,143.0,1969.0,ambiguous,14192,15727,199400255016,143.00616192167755,4.3089433019005696e-05
64779233056242516,Kauno m.,28,240,1,29.0,2022.0,ambiguous,1106,3176,440061094300,29.048890156438162,0.0016844479839783766
75514914567484479,Žaliakalnio sen.,20,110,2,188.0,1970.0,ambiguous,5823,8034,440018119892,188.00784806297952,4.17441445499378e-05
74279301885211729,Kauno m.,28,240,1,20.0,1975.0,ambiguous,617,3176,440027549862,20.046249997112902,0.002309830142869007
65121947028013216,Eigulių sen.,20,110,1,402.0,2020.0,ambiguous,2243,15727,440001098342,401.69040001278313,0.0007704459391986163
7500520381773039,Kauno m.,28,240,1,8.0,1991.0,ambiguous,68,3176,440002584574,12.29224999792967,0.42952744064465387
75651018470625733,Petrašiūnų sen.,20,120,1,111.0,1938.0,ambiguous,1325,1391,199330139016,111.02630129650154,0.00023692054924140393
65256912734155084,Šilainių sen.,20,120,2,346.0,2008.0,ambiguous,411,2464,199560121095,346.0336290134975,9.718895762844681e-05
75246313780707896,Vilijampolės sen.,20,110,1,73.0,1926.0,ambiguous,11773,15727,199370123010,73.00107483784477,1.4723697698393323e-05
75680124757889683,Eigulių sen.,20,110,1,124.0,1929.0,ambiguous,14654,15727,199500093010,123.99972570268179,2.2120775939882265e-06
75664568940247562,Žaliakalnio sen.,20,140,2,126.0,1933.0,ambiguous,735,821,199380239012,126.12929999323265,0.0010256642490285017
75662381165638254,Kauno m.,22,296,0,325.0,1988.0,ambiguous,5,13,440006814948,339.9918000104714,0.04509631737337472
75557705477436107,Aleksoto sen.,20,110,2,91.0,1967.0,ambiguous,6915,8034,199920063010,90.99666151243242,3.668734953876651e-05
7566714974431879,Centro sen.,20,140,3,293.0,1932.0,ambiguous,156,210,440050509096,293.2208338636206,0.0007534153046426795
74557479345644606,Aleksoto sen.,28,240,1,28.0,1986.0,ambiguous,1054,3176,440040127631,28.04340274881733,0.001548898009962052
74476625631418672,Kauno m.,28,240,1,8.0,1980.0,ambiguous,68,3176,440002584574,12.29224999792967,0.42952744064465387
74457071169911876,Kauno m.,22,240,1,39.0,1960.0,ambiguous,115,264,199530175020,39.22201515783468,0.005676554191490268
7449318547086016,Kauno m.,28,240,1,25.0,1958.0,ambiguous,903,3176,440050743778,24.990042994721314,0.00039835954577638333
75645588955755058,Aleksoto sen.,20,120,1,118.0,1939.0,ambiguous,1329,1391,199690152011,117.93059637597311,0.0005883393429675365
74887316773013274,Kauno m.,28,240,1,24.0,1973.0,ambiguous,830,3176,199480080075,23.88897094517182,0.00463694464823261
65295251457631112,Kauno m.,28,240,1,110.0,1985.0,ambiguous,2115,3176,440055969561,109.97752694676431,0.00020432135614800728
74535444872027207,Panemunės sen.,20,110,2,146.0,1990.0,ambiguous,6800,8034,529770257011,145.99224999109376,5.308366169476386e-05
74118857604661165,Kauno m.,28,240,1,25.0,2003.0,ambiguous,903,3176,440050743778,24.990042994721314,0.00039835954577638333
75608823317993554,Žaliakalnio sen.,20,110,2,105.0,1993.0,ambiguous,7103,8034,199310295013,104.99826592645981,1.651512247047293e-05
74411958895066674,Kauno m.,28,240,1,21.0,1975.0,ambiguous,683,3176,199570356022,20.99824999592453,8.333699983475995e-05
742780136467448,Kauno m.,28,240,1,3.0,1980.0,no_match,0,3176,,,
75660130060048389,Aleksoto sen.,20,110,1,34.0,1935.0,ambiguous,2357,15727,199280114023,34.03780000427999,0.001111147278916924
7571281509027869,Centro sen.,22,292,1,307.0,1870.0,ambiguous,18,46,199000178078,300.65676788039696,0.020878439527121095
74827579538144395,Kauno m.,28,240,1,13.0,1971.0,ambiguous,262,3176,199180028031,12.808198848106617,0.01486385658262579
74486507675857183,Kauno m.,28,240,1,21.0,1992.0,ambiguous,683,3176,199570356022,20.99824999592453,8.333699983475995e-05
74996348941668081,Kauno m.,28,240,0,9.0,1986.0,ambiguous,2,14,440037465764,19.353600001105665,0.7656538714038228
7431794096489569,Kauno m.,22,220,1,20.0,1964.0,ambiguous,219,1208,198900140012,19.97586087422769,0.0012076852469631305
75580573005514518,Kauno m.,22,224,1,32.0,1974.0,ambiguous,46,729,199390477110,31.175970477356245,0.026088281730785035
64960781175049942,Aleksoto sen.,20,120,2,152.0,2020.0,ambiguous,2114,2464,440019388966,152.01596744693106,0.00010504347570794437
75685284677612485,Vilijampolės sen.,20,110,1,80.0,1929.0,ambiguous,12785,15727,199510088014,79.99679999125358,4.000090935551981e-05
64894347218026477,Panemunės sen.,20,110,1,193.0,2023.0,ambiguous,11251,15727,440038735001,192.98343145625705,8.585106200342807e-05
64901000294755706,Aleksoto sen.,20,110,2,106.0,2020.0,ambiguous,7099,8034,199540129020,106.01139999927152,0.00010754138015744985
74904926123755114,Kauno m.,28,240,0,26.0,1936.0,ambiguous,3,14,199280332056,20.6112000027217,0.2322619205189982
74101674178076199,Šilainių sen.,20,110,0,135.0,2003.0,ambiguous,83,88,199920403014,139.10154142815986,0.029929401868532324
75426056575339295,Gričiupio sen.,24,140,9,400.0,1980.0,ambiguous,72,78,440013819833,398.58962335653257,0.0035321723913446235
75095031701695916,Petrašiūnų sen.,20,110,3,145.0,2006.0,ambiguous,82,88,199590026012,145.6897931667695,0.004745914563970111
74930800260523248,Kauno m.,28,240,1,18.0,1993.0,ambiguous,504,3176,199620475038,18.02892226261338,0.0016055028576857922
75388067368424183,Aleksoto sen.,20,140,5,718.0,1986.0,ambiguous,805,847,199780139010,718.0688499949756,9.588676062222135e-05
65139013031546025,Petrašiūnų sen.,20,110,1,115.0,2011.0,ambiguous,14686,15727,440019548006,114.99592275123403,3.545496561496719e-05
65183529531694609,Aleksoto sen.,22,212,2,415.0,2013.0,ambiguous,79,156,440030110917,408.7736382254643,0.015116969170341221
65098307732769436,Aleksoto sen.,20,110,2,134.0,2024.0,ambiguous,6962,8034,199580145018,133.99180001239927,6.119580974406347e-05
65112011290374347,Šančių sen.,20,120,2,109.0,2015.0,ambiguous,2285,2464,440042092679,108.9995183724897,4.418610773271325e-06
75364279664716607,Šilainių sen.,20,140,9,746.0,1989.0,ambiguous,265,303,199910017013,748.7181635464058,0.003637028851343871
74776118338446246,Kauno m.,28,240,1,30.0,1991.0,ambiguous,1147,3176,440053929710,29.989079681954312,0.00036407686946393625
75706997107259921,Žaliakalnio sen.,20,110,1,107.0,1895.0,ambiguous,14591,15727,199670019013,106.99252679106144,6.984551333300004e-05
8153823192490682,Kauno m.,28,240,1,43.0,1977.0,ambiguous,1597,3176,440028001572,43.06414195874233,0.0014905620194025637
74538505065074187,Kauno m.,28,240,1,34.0,1990.0,ambiguous,1314,3176,199350050047,33.81439999509547,0.005473777496629584
64940137533173806,Šilainių sen.,28,240,2,39.0,2016.0,ambiguous,41,123,440059419380,38.74103051582802,0.006662387683011861
75639640323704765,Aleksoto sen.,20,140,1,162.0,1941.0,ambiguous,742,790,199330291011,161.93960000267214,0.0003729090116015854
75163618346372557,Šilainių sen.,20,140,2,857.0,1987.0,ambiguous,31,821,199000181017,873.872193137475,0.019496214256646383
75674443667341676,Vilijampolės sen.,20,110,1,67.0,1930.0,ambiguous,10816,15727,199380630019,67.00205000825301,3.059667002247579e-05
81815721375570263,Panemunės sen.,20,110,2,200.0,2008.0,ambiguous,5526,8034,440043713357,199.97963089584945,0.00010185070735957424
74418785556502789,Kauno m.,28,240,1,24.0,1983.0,ambiguous,830,3176,199480080075,23.88897094517182,0.00463694464823261
75463706767743124,Aleksoto sen.,20,110,1,108.0,1975.0,ambiguous,14616,15727,199000199013,107.99345000005532,6.064998680965772e-05
75623776678488741,Aleksoto sen.,20,110,1,68.0,1956.0,ambiguous,10955,15727,199350307010,67.98379999127593,0.00023826380497915522
75392181300711042,Dainavos sen.,20,140,9,518.0,1985.0,ambiguous,297,303,199890072016,518.3577084102511,0.000690318451927574
74919994340771526,Aleksoto sen.,20,110,1,406.0,1990.0,ambiguous,2166,15727,440011917023,405.88363488769915,0.0002866546586171026
75556547352548312,Aleksoto sen.,20,110,1,87.0,1967.0,ambiguous,13500,15727,529500163017,87.00095476772138,1.097428140717227e-05
74164521092739424,Kauno m.,28,240,1,17.0,2000.0,ambiguous,444,3176,199100169028,16.981026597074084,0.0011167058089558424
75675272905218888,Centro sen.,22,292,3,562.0,1930.0,ambiguous,22,72,199300065018,551.4842232431309,0.018888618602737495
74428590608801526,Kauno m.,28,240,1,7.0,1951.0,ambiguous,39,3176,440002584574,12.29224999792967,0.5630588332691764
75614367421670825,Eigulių sen.,20,110,1,99.0,1958.0,ambiguous,14300,15727,440060829125,98.99872793961106,1.284917738786362e-05
7445881695756025,Kauno m.,28,240,1,14.0,1975.0,ambiguous,297,3176,190021051033,14.002474562702611,0.00017673885952573798
74284874045959237,Kauno m.,28,240,1,12.0,1935.0,ambiguous,208,3176,440002584574,12.29224999792967,0.02406233253648926
74895350243605718,Kauno m.,28,240,1,30.0,1969.0,ambiguous,1147,3176,440053929710,29.989079681954312,0.00036407686946393625
64717618866491133,Kauno m.,22,266,1,91.0,2024.0,ambiguous,206,332,190010109015,91.08835000801794,0.0009704082106001266
74459519411372257,Kauno m.,28,240,1,45.0,1969.0,ambiguous,1679,3176,199590211020,45.00037570002737,8.34885464540136e-06
74917210561604747,Kauno m.,28,240,1,9.36,1967.0,ambiguous,108,3176,440002584574,12.29224999792967,0.2725236918349889
64796630679432018,Kauno m.,20,110,1,173.0,2021.0,ambiguous,12523,15727,529920391015,173.00754998798834,4.364059680028731e-05
64847031983677417,Kauno m.,20,120,2,145.0,2022.0,ambiguous,2157,2464,440009545364,145.01160423486238,8.002600378187452e-05
75633358920835961,Kauno m.,22,222,3,2467.0,1954.0,ambiguous,31,59,199390477208,2444.211995486603,0.00928005880220617
74946274609122038,Kauno m.,28,240,1,17.0,1957.0,ambiguous,444,3176,199100169028,16.981026597074084,0.0011167058089558424
64854907855645585,Kauno m.,20,110,2,97.0,2022.0,ambiguous,7046,8034,440021307326,97.01292719814813,0.00013326120433276856
75600219834070823,Panemunės sen.,20,110,2,91.0,1961.0,ambiguous,6915,8034,199920063010,90.99666151243242,3.668734953876651e-05
86994250601086481,Kauno m.,28,240,0,19.0,2004.0,ambiguous,2,14,440037465764,19.353600001105665,0.018439469573602096
75338877925278436,Šilainių sen.,20,110,1,125.0,1993.0,ambiguous,14638,15727,199630136013,124.9978000054907,1.760011095619518e-05
74982788621068761,Centro sen.,28,240,1,49.0,1939.0,ambiguous,1777,3176,199080029036,49.00504426796847,0.00010293894585977625
74779017313063662,Žaliakalnio sen.,22,225,1,93.0,1932.0,ambiguous,11,21,199870048090,88.76679999819193,0.046586786957636406
86607733122333219,Eigulių sen.,20,110,1,185.0,2004.0,ambiguous,11768,15727,199250369012,185.0027499973299,1.4864739951825356e-05
65193628474769547,Aleksoto sen.,28,240,1,24.0,2009.0,ambiguous,830,3176,199480080075,23.88897094517182,0.00463694464823261
65171479482116351,Aleksoto sen.,20,110,1,139.0,2010.0,ambiguous,14333,15727,199620193017,139.01215000325664,8.740627533221357e-05
75186253461038938,Panemunės sen.,20,110,2,116.0,1977.0,ambiguous,7081,8034,199900199013,115.99742299597743,2.221579868777468e-05
74232865733429715,Kauno m.,28,240,1,19.0,1973.0,ambiguous,555,3176,440041270455,19.060278235022437,0.003167516803143755
74890968743285172,Kauno m.,28,240,1,28.0,1942.0,ambiguous,1054,3176,440040127631,28.04340274881733,0.001548898009962052
74930129336195708,Šilainių sen.,22,212,1,2294.0,1998.0,ambiguous,92,437,440039214507,2295.7144334934014,0.0007470763586638896
64844918936146273,Kauno m.,20,120,1,88.0,2020.0,ambiguous,1222,1391,199300762016,87.97738278293599,0.0002570468639877532
64803894210010163,Kauno m.,20,110,2,100.0,2023.0,ambiguous,7086,8034,199470037015,99.99447573424787,5.52441834535955e-05
74264917663333666,Kauno m.,28,240,1,28.0,1990.0,ambiguous,1054,3176,440040127631,28.04340274881733,0.001548898009962052
74422883857852007,Kauno m.,28,240,1,13.0,1972.0,ambiguous,262,3176,199180028031,12.808198848106617,0.01486385658262579
74465767451494302,Kauno m.,28,240,1,20.0,1978.0,ambiguous,617,3176,440027549862,20.046249997112902,0.002309830142869007
75606514408266268,Vilijampolės sen.,20,110,2,122.0,1960.0,ambiguous,7036,8034,199660340010,122.0020499982832,1.680312344287671e-05
75625000512224552,Šilainių sen.,20,110,1,130.0,1956.0,ambiguous,14576,15727,199340256017,129.99929999415465,5.384674845565485e-06
74994858509179307,Kauno m.,28,240,1,9.0,1935.0,ambiguous,98,3176,440002584574,12.29224999792967,0.31174440498827005
65257689403342437,Kauno m.,20,110,1,147.0,2006.0,ambiguous,14003,15727,440027278546,146.98703443898248,8.820498530237586e-05
7412862892356431,Kauno m.,22,224,1,674.0,1917.0,ambiguous,326,729,199330202128,672.7653999766105,0.001833430483512366
74996535836654776,Kauno m.,28,240,1,20.13,1940.0,ambiguous,632,3176,199370360028,20.157084944257345,0.0013445970774745852
84266082988626048,Šilainių sen.,20,110,1,345.0,2005.0,ambiguous,3867,15727,440009383886,345.07164679581786,0.0002076503111174688
74454092092936616,Kauno m.,28,240,1,20.0,1965.0,ambiguous,617,3176,440027549862,20.046249997112902,0.002309830142869007
74621681051480176,Petrašiūnų sen.,26,266,1,18.0,1972.0,ambiguous,137,389,440022152347,19.267513871315774,0.06804870070693525
75336435490312562,Šilainių sen.,20,110,2,109.0,1994.0,ambiguous,7087,8034,440003588841,108.99669999884367,3.0275698270187945e-05
74784651093717444,Kauno m.,28,240,1,11.0,1928.0,ambiguous,173,3176,440002584574,12.29224999792967,0.11107370952611895
75715037503020652,Centro sen.,22,296,0,156.0,1800.0,ambiguous,5,13,440002101904,98.1266088499715,0.46359743535809983
74968223069105777,Kauno m.,28,240,1,35.0,1964.0,ambiguous,1368,3176,199730192028,35.120799997296,0.003445485984352459
75646623508572361,Vilijampolės sen.,20,110,1,114.0,1939.0,ambiguous,14677,15727,199610120013,114.00675000675302,5.92088326749618e-05
74572361335177167,Eigulių sen.,28,240,1,181.79,1968.0,ambiguous,1558,3176,199670296027,181.52485000008122,0.0014596157960147238
74443092151272552,Kauno m.,28,240,1,13.0,1949.0,ambiguous,262,3176,199180028031,12.808198848106617,0.01486385658262579
75669621047147959,Šančių sen.,20,110,1,101.0,1932.0,ambiguous,14391,15727,199680230015,101.00339999740328,3.3662774028719866e-05
87455711733906802,Petrašiūnų sen.,20,110,1,135.0,2020.0,ambiguous,14466,15727,199370030010,134.9980908394648,1.414202988847535e-05
74281686115756709,Kauno m.,28,240,1,6.0,1972.0,ambiguous,15,3176,440002584574,12.29224999792967,0.7172095130964347
64741571639484644,Kauno m.,20,110,2,154.0,2025.0,ambiguous,6700,8034,199360230017,153.99589144642005,2.6679275239693823e-05
75677702066675484,Šančių sen.,22,210,2,368.0,1975.0,ambiguous,153,274,199750023010,366.4787000090827,0.004142535832375671
65107579464518603,Aleksoto sen.,28,240,1,34.0,2007.0,ambiguous,1314,3176,199350050047,33.81439999509547,0.005473777496629584
75661165328176863,Panemunės sen.,20,140,1,132.0,1935.0,ambiguous,734,790,199510004010,132.01485000345727,0.00011249369853860713
74438272025703564,Kauno m.,28,240,1,17.0,1970.0,ambiguous,444,3176,199100169028,16.981026597074084,0.0011167058089558424
74990001343502602,Kauno m.,28,240,1,18.0,1975.0,ambiguous,504,3176,199620475038,18.02892226261338,0.0016055028576857922
75702311646640416,Kauno m.,20,110,1,158.0,1903.0,ambiguous,13456,15727,199400029014,158.0026600631896,1.6835701250883517e-05
90816671756023024,Kauno m.,22,220,1,20.0,1973.0,ambiguous,219,1208,198900140012,19.97586087422769,0.0012076852469631305
7493093401884246,Kauno m.,28,240,1,20.0,1950.0,ambiguous,617,3176,440027549862,20.046249997112902,0.002309830142869007
74324092160190147,Kauno m.,28,240,1,61.0,1996.0,ambiguous,2042,3176,199230070049,61.01649703387182,0.00027040661506205765
75589978847884279,Aleksoto sen.,20,110,2,74.0,1963.0,ambiguous,6070,8034,199600089021,73.99265607882525,9.92471028684605e-05
75647984442709731,Kauno m.,20,110,1,84.0,1968.0,ambiguous,13221,15727,199610280014,83.99804999840613,2.3214574144780897e-05
75649389453788254,Aleksoto sen.,22,296,2,159.0,1955.0,ambiguous,21,60,199920503010,157.74895000728796,0.007899356876287733
74436010158592372,Kauno m.,28,240,1,6.0,1938.0,ambiguous,15,3176,440002584574,12.29224999792967,0.7172095130964347
74997445948055366,Kauno m.,28,240,1,27.0,1978.0,ambiguous,995,3176,199300179020,26.94290380843917,0.00211691284124349
74578024075532878,Kauno m.,28,240,1,28.0,1970.0,ambiguous,1054,3176,440040127631,28.04340274881733,0.001548898009962052
75626787028340303,Petrašiūnų sen.,22,210,2,630.0,1964.0,ambiguous,145,274,198880015044,632.5781399602138,0.004083935024555174
74257526227631043,Kauno m.,28,240,1,18.0,1979.0,ambiguous,504,3176,199620475038,18.02892226261338,0.0016055028576857922
74164268177860662,Kauno m.,28,240,1,15.0,2006.0,ambiguous,354,3176,440023993764,14.810749998136423,0.01269693277208983
74424575142752566,Kauno m.,28,240,1,15.0,1964.0,ambiguous,354,3176,440023993764,14.810749998136423,0.01269693277208983
75604740877918436,Petrašiūnų sen.,22,210,1,6.0,1971.0,no_match,0,170,,,
74988053280530653,Kauno m.,28,240,1,72.0,1930.0,ambiguous,2184,3176,199600463027,72.00204828508265,2.844799927714803e-05
64931110565025582,Vilijampolės sen.,28,240,1,38.0,2008.0,ambiguous,1466,3176,440021225961,38.020943912511775,0.0005510037619571584
74463232816376193,Kauno m.,28,240,1,72.0,1943.0,ambiguous,2184,3176,199600463027,72.00204828508265,2.844799927714803e-05
64818552355366973,Kauno m.,20,110,2,46.0,2022.0,ambiguous,3006,8034,440044132274,45.98626227622155,0.0002986907727446919
75680292868303342,Vilijampolės sen.,20,110,1,108.0,1929.0,ambiguous,14616,15727,199000199013,107.99345000005532,6.064998680965772e-05
75635753137263007,Šančių sen.,20,110,1,107.0,1949.0,ambiguous,14591,15727,199670019013,106.99252679106144,6.984551333300004e-05
74525704019331493,Kauno m.,28,240,1,83.0,2005.0,ambiguous,2217,3176,440024816636,83.02729550299449,0.00032880741877683306
65101820746130593,Aleksoto sen.,28,240,1,16.0,2013.0,ambiguous,406,3176,440052806336,16.03196284859298,0.001995685331706021
75013301115448433,Kauno m.,28,240,1,37.0,1983.0,ambiguous,1439,3176,440023510410,36.97549517472136,0.0006625119877079477
75017295992180891,Kauno m.,28,240,1,26.02,1987.0,ambiguous,946,3176,440053170297,26.02109562525104,4.210615622257663e-05
74959142646251753,Kauno m.,28,240,1,79.0,1987.0,ambiguous,2214,3176,199690247062,78.97045000626166,0.00037412052800789297
745794104770518,Kauno m.,28,240,1,15.0,1978.0,ambiguous,354,3176,440023993764,14.810749998136423,0.01269693277208983
74445389101395129,Kauno m.,28,240,1,10.0,1973.0,ambiguous,130,3176,440002584574,12.29224999792967,0.20638388933044371
75669711360078995,Žaliakalnio sen.,20,110,1,72.0,1932.0,ambiguous,11600,15727,199590435015,72.00880000468231,0.00012221481871943496
75157948970021315,Šilainių sen.,20,110,1,162.0,2002.0,ambiguous,13208,15727,440058478401,161.9998048594447,1.204572053659092e-06
86716005998745932,Šilainių sen.,28,240,1,613.0,1961.0,ambiguous,162,3176,199780056026,608.2045893742294,0.00785361489072045
75576806472770416,Gričiupio sen.,24,140,5,461.0,1975.0,ambiguous,163,180,199320256019,463.2260496824236,0.004817120200723224
74626300396883949,Kauno m.,20,110,1,155.0,1998.0,ambiguous,13634,15727,199900089010,155.00154999153483,9.999895386414437e-06
74500355234827967,Panemunės sen.,20,110,1,172.0,2007.0,ambiguous,12582,15727,199570034016,172.00774999994692,4.505712413926943e-05
64788797839707923,Kauno m.,20,120,1,252.0,2025.0,ambiguous,749,1391,199530130015,252.12991848179993,0.0005154166809511196
74465546131914764,Kauno m.,28,240,0,11.0,1986.0,ambiguous,2,14,440037465764,19.353600001105665,0.5649831759416717
75716038331223673,Šančių sen.,22,210,1,516.0,1977.0,ambiguous,60,170,199650327147,528.4681874276273,0.02387584393492581
74436571591043249,Kauno m.,28,240,1,20.05,1985.0,ambiguous,626,3176,440027549862,20.046249997112902,0.00018705005571817424
64923144933897586,Šilainių sen.,20,120,1,198.0,2018.0,ambiguous,1067,1391,199340153019,198.05954750473742,0.000300699758716938
74158180445291905,Kauno m.,22,222,1,80.0,1986.0,ambiguous,324,917,190020140019,79.95558702798161,0.0005553163097946623
74166343616206498,Kauno m.,28,240,1,25.0,1987.0,ambiguous,903,3176,440050743778,24.990042994721314,0.00039835954577638333
75650399170388627,Kauno m.,22,222,6,106.0,1979.0,no_match,0,1,,,
74417131657848204,Kauno m.,28,240,1,18.0,1957.0,ambiguous,504,3176,199620475038,18.02892226261338,0.0016055028576857922
75028026835262246,Kauno m.,28,240,1,35.0,1934.0,ambiguous,1368,3176,199730192028,35.120799997296,0.003445485984352459
65323939137980513,Kauno m.,28,240,1,46.0,2007.0,ambiguous,1698,3176,440044986196,45.96639522582524,0.0007308055423478343
75152148506966637,Panemunės sen.,20,110,1,226.0,2011.0,ambiguous,9128,15727,440050297039,226.00797555053686,3.528942394392942e-05
64943921008905059,Šančių sen.,28,240,1,31.0,2016.0,ambiguous,1191,3176,199320440073,30.96873296372617,0.0010091230668045625
75692576429218186,Šančių sen.,20,110,1,119.0,1920.0,ambiguous,14708,15727,199320415016,119.00695887890069,5.847626418464813e-05
75636698365310742,Žaliakalnio sen.,20,110,1,108.0,1948.0,ambiguous,14616,15727,199000199013,107.99345000005532,6.064998680965772e-05
74488680186741693,Kauno m.,28,240,1,51.0,1972.0,ambiguous,1839,3176,199910228030,51.00219564373503,4.305091123812943e-05
74492684437413553,Kauno m.,28,240,1,27.0,1995.0,ambiguous,995,3176,199300179020,26.94290380843917,0.00211691284124349
74996607036784638,Kauno m.,28,240,0,137.0,1957.0,ambiguous,8,14,440030927256,134.89610000773203,0.015476073278936298
74830381193744383,Kauno m.,28,240,1,22.0,1995.0,ambiguous,739,3176,199270002032,22.042988585359026,0.0019521199805661027
75207139337335444,Vilijampolės sen.,22,210,1,138.0,1993.0,ambiguous,80,170,199200060039,136.8600559455429,0.008294770853579436
74578370635489222,Kauno m.,28,240,0,20.0,1962.0,ambiguous,2,14,199280332056,20.6112000027217,0.030102343948493093
75646492572093577,Žaliakalnio sen.,22,296,1,14.0,1982.0,ambiguous,62,352,199620185204,14.057499999757857,0.004098731551736012
74450971232520827,Kauno m.,28,240,1,24.0,1979.0,ambiguous,830,3176,199480080075,23.88897094517182,0.00463694464823261
65109945273877215,Panemunės sen.,20,110,1,202.0,2012.0,ambiguous,10681,15727,440020761319,202.0113651405787,5.626148946458187e-05
87444625942623477,Petrašiūnų sen.,20,110,2,148.0,2004.0,ambiguous,6767,8034,440024411018,147.97269812226452,0.0001844891639404267
75609258755735986,Petrašiūnų sen.,20,140,2,241.0,1959.0,ambiguous,652,821,199290218012,241.07875000689646,0.0003267101385233673
74559454686944943,Kauno m.,28,240,1,21.0,1992.0,ambiguous,683,3176,199570356022,20.99824999592453,8.333699983475995e-05
75617749157600861,Aleksoto sen.,20,110,2,104.0,1958.0,ambiguous,7096,8034,199900278019,104.00834005584943,8.018962943179275e-05
65325721969040962,Aleksoto sen.,20,110,2,189.0,2009.0,ambiguous,5797,8034,199360187017,188.9657119717981,0.0001814345968957909
74511541866886452,Kauno m.,22,296,1,216.0,1940.0,ambiguous,111,352,199720058015,215.19851227883134,0.003717492622889118
7444767543118587,Kauno m.,28,240,1,30.0,1975.0,ambiguous,1147,3176,440053929710,29.989079681954312,0.00036407686946393625
65173823175004017,Kauno m.,28,240,1,27.0,2010.0,ambiguous,995,3176,199300179020,26.94290380843917,0.00211691284124349
74249987135495035,Panemunės sen.,28,240,1,22.0,1994.0,ambiguous,739,3176,199270002032,22.042988585359026,0.0019521199805661027
7561117925058311,Kauno m.,20,110,2,75.0,1995.0,ambiguous,6141,8034,440040065349,75.00372912924772,4.972048721896272e-05
74906642224075587,Kauno m.,28,240,1,19.95,1910.0,ambiguous,615,3176,440027549862,20.046249997112902,0.004812960360987439
74743025758032475,Kauno m.,28,240,1,23.0,1990.0,ambiguous,785,3176,440050269433,23.024728073147582,0.0010745560728868675
74272537139193046,Kauno m.,28,240,1,14.0,1972.0,ambiguous,297,3176,190021051033,14.002474562702611,0.00017673885952573798
74872011271277891,Kauno m.,28,240,1,18.0,1984.0,ambiguous,504,3176,199620475038,18.02892226261338,0.0016055028576857922
74298872335447769,Šančių sen.,28,240,1,22.0,1963.0,ambiguous,739,3176,199270002032,22.042988585359026,0.0019521199805661027
64821120650741637,Kauno m.,20,110,2,85.0,1979.0,ambiguous,6673,8034,190020920011,84.97022799308391,0.00035032025987291604
74571246242691083,Kauno m.,28,240,1,22.0,1955.0,ambiguous,739,3176,199270002032,22.042988585359026,0.0019521199805661027
64708668026479593,Kauno m.,20,120,1,242.0,2025.0,ambiguous,812,1391,440050900426,241.7256266381488,0.0011344174307339472
74734244465544525,Kauno m.,28,240,1,30.0,1942.0,ambiguous,1147,3176,440053929710,29.989079681954312,0.00036407686946393625
74566709823534735,Kauno m.,28,240,0,5.0,1936.0,no_match,0,14,,,
7570029800616819,Šančių sen.,20,120,1,96.0,1908.0,ambiguous,1287,1391,199370127010,95.88722820723471,0.0011753966827523499
75655250455273215,Šančių sen.,20,120,1,111.0,1936.0,ambiguous,1325,1391,199330139016,111.02630129650154,0.00023692054924140393
64782634743741394,Kauno m.,20,110,2,153.0,2024.0,ambiguous,6714,8034,199910211010,153.00469999953845,3.0718479414382216e-05
74996320018136831,Kauno m.,28,240,1,20.0,1991.0,ambiguous,617,3176,440027549862,20.046249997112902,0.002309830142869007
65189050852779276,Petrašiūnų sen.,22,220,1,248.0,1991.0,ambiguous,546,1208,199890260027,249.2042999520216,0.004844295623612993
65168331452394895,Aleksoto sen.,20,110,1,101.0,2014.0,ambiguous,14391,15727,199680230015,101.00339999740328,3.3662774028719866e-05
74557390586822897,Kauno m.,28,240,1,30.0,1971.0,ambiguous,1147,3176,440053929710,29.989079681954312,0.00036407686946393625
74134015881792789,Dainavos sen.,20,110,2,110.0,2002.0,ambiguous,7087,8034,199960005012,110.00487143862753,4.428482511720233e-05
75650447991847183,Kauno m.,22,224,5,221.0,1965.0,no_match,0,1,,,
74283000076406799,Kauno m.,28,240,1,55.0,1971.0,ambiguous,1925,3176,440043133599,55.04719999694005,0.0008578137351182846
89078790380124687,Šančių sen.,20,110,2,164.0,2004.0,ambiguous,6497,8034,440012434685,163.99815089737675,1.1275079558892287e-05
74932208211449455,Petrašiūnų sen.,20,110,2,85.0,1992.0,ambiguous,6673,8034,190020920011,84.97022799308391,0.00035032025987291604
75643069013963934,Centro sen.,20,120,2,145.0,1940.0,ambiguous,2157,2464,440009545364,145.01160423486238,8.002600378187452e-05
75585956260827841,Šančių sen.,20,110,2,92.0,1963.0,ambiguous,6939,8034,199320249014,92.0203086720965,0.0002207220749221861
75388576857281869,Šilainių sen.,20,140,9,515.0,1985.0,ambiguous,297,303,199870039013,515.1277314420325,0.0002479914651134507
65114403384614272,Panemunės sen.,28,240,1,114.0,2012.0,ambiguous,2093,3176,440061637363,113.90703506632809,0.0008158145605374756
75023847833210505,Kauno m.,28,240,1,35.0,1935.0,ambiguous,1368,3176,199730192028,35.120799997296,0.003445485984352459
74470922175876808,Kauno m.,28,240,1,58.0,1971.0,ambiguous,1992,3176,440028098953,57.99539177605002,7.945529355701808e-05
75606336260806317,Šančių sen.,20,140,3,245.97,1960.0,ambiguous,163,210,440009567419,245.41585779950577,0.002255426877296074
75341333679908778,Aleksoto sen.,20,110,2,213.0,1992.0,ambiguous,5157,8034,190020256016,213.00650000739748,3.051600103631813e-05
64899212574323031,Kauno m.,20,110,1,213.0,2020.0,ambiguous,9929,15727,529490066018,213.0034721359701,1.6300974978733507e-05
75637256884460657,Aleksoto sen.,20,120,1,90.0,1947.0,ambiguous,1243,1391,199270082014,89.92289999222886,0.0008570339016733541
7428454585428719,Kauno m.,28,240,1,21.0,1975.0,ambiguous,683,3176,199570356022,20.99824999592453,8.333699983475995e-05
74255373581328624,Kauno m.,28,240,1,20.0,1955.0,ambiguous,617,3176,440027549862,20.046249997112902,0.002309830142869007
75659303558731322,Centro sen.,22,225,3,4832.0,1935.0,confident,1,7,199350359018,3997.7670488177964,0.18952449318090459
74435370290659247,Kauno m.,28,240,1,49.0,1981.0,ambiguous,1777,3176,199080029036,49.00504426796847,0.00010293894585977625
75340692607134566,Kauno m.,22,220,1,514.0,1992.0,ambiguous,518,1208,199910155010,514.5488183974796,0.0010671704439264573
74401089968271258,Kauno m.,28,240,1,28.0,1975.0,ambiguous,1054,3176,440040127631,28.04340274881733,0.001548898009962052
74736511666000802,Kauno m.,28,240,1,21.0,1967.0,ambiguous,683,3176,199570356022,20.99824999592453,8.333699983475995e-05
64978626536545583,Žaliakalnio sen.,22,240,1,5.0,2015.0,no_match,0,264,,,
74458440125012099,Kauno m.,28,240,1,37.0,1984.0,ambiguous,1439,3176,440023510410,36.97549517472136,0.0006625119877079477
64861413193302395,Kauno m.,28,240,1,7.0,1981.0,ambiguous,39,3176,440002584574,12.29224999792967,0.5630588332691764
80604780479817867,Šilainių sen.,20,110,1,125.0,2006.0,ambiguous,14638,15727,199630136013,124.9978000054907,1.760011095619518e-05
74415720661745718,Panemunės sen.,28,240,1,56.0,1989.0,ambiguous,1946,3176,199240070075,55.98519746826795,0.0002643658653633807
74957296113892694,Kauno m.,28,240,0,8.0,1926.0,ambiguous,2,14,440037465764,19.353600001105665,0.8834369070602066
65258241920952864,Panemunės sen.,20,110,1,145.0,2014.0,ambiguous,14102,15727,199320291018,144.99899999988173,6.8965763206918496e-06
75091362776559673,Dainavos sen.,22,295,1,130.0,1973.0,ambiguous,5,6,199730152016,118.49286094467743,0.09268173688780657
65040665894878141,Vilijampolės sen.,22,222,1,610.0,1971.0,ambiguous,259,917,199600297025,601.9603500086131,0.013267377800717739
65324995334101896,Kauno m.,20,110,1,87.0,2007.0,ambiguous,13500,15727,529500163017,87.00095476772138,1.097428140717227e-05
75215422647311875,Aleksoto sen.,20,110,1,78.1,1965.0,ambiguous,12537,15727,199460064019,78.10037176798791,4.7601421648835185e-06
64855005181139805,Kauno m.,20,110,1,176.0,2021.0,ambiguous,12357,15727,440056740731,175.9801543347779,0.00011276581931518592
74246607949915333,Kauno m.,28,240,1,29.0,1990.0,ambiguous,1106,3176,440061094300,29.048890156438162,0.0016844479839783766
75004405809188754,Kauno m.,28,240,1,30.37,1988.0,ambiguous,1163,3176,199920153020,30.356899998429604,0.00043143983223048465
74268136996293421,Kauno m.,28,240,1,30.0,1958.0,ambiguous,1147,3176,440053929710,29.989079681954312,0.00036407686946393625
75602703566473459,Šilainių sen.,20,110,2,107.0,1960.0,ambiguous,7095,8034,199950093013,107.02948266375243,0.0002755009596997482
65152954774186519,Šilainių sen.,20,110,1,150.0,2024.0,ambiguous,13886,15727,199240083010,149.9969999997802,2.000020146741832e-05
74865175351922955,Šančių sen.,20,110,1,161.0,1930.0,ambiguous,13267,15727,199270088010,161.01834999997598,0.00011396866045565446
75616693053070796,Aleksoto sen.,20,110,1,82.0,1958.0,ambiguous,13015,15727,199350367010,82.02977420216645,0.00036303412155813675
8111949776563937,Vilijampolės sen.,20,110,1,185.0,2013.0,ambiguous,11768,15727,199250369012,185.0027499973299,1.4864739951825356e-05
75001921296786705,Kauno m.,28,240,1,15.0,1947.0,ambiguous,354,3176,440023993764,14.810749998136423,0.01269693277208983
64734645418139378,Kauno m.,20,110,1,161.0,2025.0,ambiguous,13267,15727,199270088010,161.01834999997598,0.00011396866045565446
74596781041948099,Aleksoto sen.,20,110,1,55.0,1954.0,ambiguous,8429,15727,199280234011,54.96569999581501,0.0006238309818185073
79678642896193572,Aleksoto sen.,24,266,1,44.0,1970.0,ambiguous,83,97,529780437014,44.35454999476745,0.008025662467200156
75492618475811624,Aleksoto sen.,22,224,2,468.0,1973.0,ambiguous,43,117,199730059040,458.8092401232114,0.019833771102349296
74614989848359375,Kauno m.,28,240,1,25.14,1988.0,ambiguous,907,3176,199600009029,25.196699997465313,0.0022528302987159243
75537871653958463,Centro sen.,22,220,1,34.81,1968.0,ambiguous,264,1208,199930394012,34.967090516136636,0.004502646366498997
65110486646848556,Šilainių sen.,20,110,2,209.0,2014.0,ambiguous,5271,8034,190010129019,208.9459499998225,0.00025864588700486024
64821705078034031,Kauno m.,22,266,1,119.0,2020.0,ambiguous,155,332,440045227010,118.9964895107399,2.9500344879807017e-05
74946012783041929,Petrašiūnų sen.,28,240,1,18.0,1972.0,ambiguous,504,3176,199620475038,18.02892226261338,0.0016055028576857922
74480551625179484,Kauno m.,28,240,1,44.0,1967.0,ambiguous,1647,3176,440023080940,43.90603878903235,0.0021377654606191676
74584452991991013,Petrašiūnų sen.,28,240,2,17.0,1970.0,ambiguous,6,123,440028268844,28.644961858931527,0.5217642322946769
64775098547223145,Kauno m.,20,110,1,154.0,2024.0,ambiguous,13695,15727,529920040017,154.00366636475323,2.3807279936782777e-05
86716027538561391,Šilainių sen.,22,222,1,103.0,1961.0,ambiguous,299,917,190010372010,103.41689999848083,0.0040394034146995494
75696392766490844,Šančių sen.,22,210,2,783.0,1917.0,ambiguous,122,274,199640162018,785.8356664995893,0.003614998878764375
74484818458089228,Kauno m.,28,240,1,12.0,1971.0,ambiguous,208,3176,440002584574,12.29224999792967,0.02406233253648926
74163044422392785,Panemunės sen.,22,222,1,64.0,1976.0,ambiguous,328,917,190020436014,64.0002375923414,3.7123734442090495e-06
74993855525541928,Kauno m.,28,240,1,25.0,1976.0,ambiguous,903,3176,440050743778,24.990042994721314,0.00039835954577638333
75008751985460961,Kauno m.,28,240,1,24.0,1939.0,ambiguous,830,3176,199480080075,23.88897094517182,0.00463694464823261
75091624094545145,Petrašiūnų sen.,22,296,1,14.0,1975.0,ambiguous,62,352,199620185204,14.057499999757857,0.004098731551736012
75628034680629688,Šančių sen.,20,140,2,202.0,1954.0,ambiguous,740,821,199360435016,202.3255499811534,0.0016103362823320921
64915631686448774,Šilainių sen.,20,110,2,45.0,2020.0,ambiguous,2859,8034,199200260019,45.004458689276085,9.907707561751522e-05
7570894862773199,Centro sen.,20,110,2,215.0,1992.0,ambiguous,5089,8034,440007184205,215.01549271332317,7.205653560138359e-05
64779801965351477,Kauno m.,20,110,1,173.0,2022.0,ambiguous,12523,15727,529920391015,173.00754998798834,4.364059680028731e-05
75652794605126986,Centro sen.,24,140,3,181.0,1937.0,ambiguous,265,370,199390059019,181.11685288281623,0.0006453877301870747
75009013023265861,Kauno m.,28,240,1,26.0,1989.0,ambiguous,946,3176,440053170297,26.02109562525104,0.0008110412190998062
7488709961667378,Kauno m.,28,240,1,26.0,1976.0,ambiguous,946,3176,440053170297,26.02109562525104,0.0008110412190998062
74492815655004069,Kauno m.,28,240,1,35.0,1985.0,ambiguous,1368,3176,199730192028,35.120799997296,0.003445485984352459
7501061974270587,Kauno m.,28,240,1,41.0,1971.0,ambiguous,1541,3176,199390440029,41.00460000060461,0.00011218884329400325
64954098302876892,Aleksoto sen.,20,110,1,170.0,2018.0,ambiguous,12707,15727,440009323886,170.0095670885646,5.627540806596443e-05
8828867672092254,Petrašiūnų sen.,20,110,1,83.0,2017.0,ambiguous,13119,15727,199360423014,83.00489999570176,5.90343502304691e-05
74885113123481131,Kauno m.,28,240,1,13.0,1939.0,ambiguous,262,3176,199180028031,12.808198848106617,0.01486385658262579
64749453374349689,Kauno m.,20,120,2,138.0,2025.0,ambiguous,2188,2464,529680187017,137.89661830413638,0.0007494234712819292
74803885959165456,Kauno m.,28,240,1,11.0,1927.0,ambiguous,173,3176,440002584574,12.29224999792967,0.11107370952611895
74987831205992256,Kauno m.,28,240,1,16.0,1980.0,ambiguous,406,3176,440052806336,16.03196284859298,0.001995685331706021
75631922991930972,Žaliakalnio sen.,20,110,1,68.0,1952.0,ambiguous,10955,15727,199350307010,67.98379999127593,0.00023826380497915522
65323126853534697,Petrašiūnų sen.,20,110,1,186.0,2007.0,ambiguous,11692,15727,529750303016,186.0022628892259,1.2165997100410664e-05
74456463757197638,Kauno m.,28,240,1,31.0,1981.0,ambiguous,1191,3176,199320440073,30.96873296372617,0.0010091230668045625
65073491543584383,Petrašiūnų sen.,20,110,1,194.0,2017.0,ambiguous,11182,15727,199820020019,193.9976999917535,1.1855782890535238e-05
74470577945905461,Kauno m.,28,240,1,24.0,1986.0,ambiguous,830,3176,199480080075,23.88897094517182,0.00463694464823261
6506418367405184,Žaliakalnio sen.,20,110,2,117.0,2019.0,ambiguous,7076,8034,529800296015,117.00078491224286,6.708629145535383e-06
64915602378768478,Šilainių sen.,20,110,2,38.0,2019.0,ambiguous,1944,8034,440054107765,37.95082589490336,0.0012948934099998866
64977958195268665,Panemunės sen.,20,110,1,124.0,2020.0,ambiguous,14654,15727,199500093010,123.99972570268179,2.2120775939882265e-06
84518246487735899,Kauno m.,28,240,1,13.0,1967.0,ambiguous,262,3176,199180028031,12.808198848106617,0.01486385658262579
74478022420197465,Kauno m.,28,240,1,25.0,1983.0,ambiguous,903,3176,440050743778,24.990042994721314,0.00039835954577638333
64896707273974799,Šilainių sen.,20,110,1,97.0,2020.0,ambiguous,14221,15727,199700442019,96.99904998900165,9.793975778826791e-06
74121339537011291,Kauno m.,28,240,1,69.0,2001.0,ambiguous,2159,3176,440017018729,69.02939999856464,0.0004259961864576667
64686441285335489,Kauno m.,22,212,1,21.0,2025.0,ambiguous,27,437,199320246022,20.54299999899976,0.022002187461739098
74552374553846557,Kauno m.,28,240,1,23.0,1985.0,ambiguous,785,3176,440050269433,23.024728073147582,0.0010745560728868675
64750190766250285,Kauno m.,22,224,1,288.0,2025.0,ambiguous,233,729,199750287077,289.78860000239087,0.006191211511027639
74859819426955035,Kauno m.,28,240,1,32.0,1979.0,ambiguous,1227,3176,199490033024,32.05080792518123,0.0015864885232148573
88406512405162035,Gričiupio sen.,20,110,1,134.0,2005.0,ambiguous,14489,15727,198850029016,133.99796999718876,1.5149389462010276e-05
75613266219315758,Šilainių sen.,20,110,2,169.0,1958.0,ambiguous,6346,8034,199590151010,168.9934000006117,3.905401341608439e-05
74429625424470611,Kauno m.,28,240,1,9.0,1972.0,ambiguous,98,3176,440002584574,12.29224999792967,0.31174440498827005
75339113120931264,Centro sen.,24,140,4,198.0,1962.0,ambiguous,111,165,199930149012,197.07036817879842,0.004706166859728356
756467980963694,Petrašiūnų sen.,22,210,1,111.0,1939.0,ambiguous,71,170,199670123010,111.3583495953488,0.0032231747198858685
74269617088639703,Kauno m.,28,240,1,41.0,1962.0,ambiguous,1541,3176,199390440029,41.00460000060461,0.00011218884329400325
75644305716342841,Centro sen.,20,120,2,85.0,1939.0,ambiguous,2220,2464,440049497985,84.85268123755931,0.0017346655738172956
75095104473851856,Kauno m.,22,220,1,18.0,1960.0,ambiguous,202,1208,199760051041,17.996560293808187,0.0001911130493694735
64906114551974231,Šilainių sen.,20,110,2,85.0,2019.0,ambiguous,6673,8034,190020920011,84.97022799308391,0.00035032025987291604
64816986491679329,Kauno m.,20,110,2,43.0,2026.0,ambiguous,2589,8034,440055956130,43.050802384778166,0.001180753445001237
83661757689102612,Kauno m.,28,240,0,19.0,1996.0,ambiguous,2,14,440037465764,19.353600001105665,0.018439469573602096
74441273919256951,Kauno m.,28,240,1,31.0,1962.0,ambiguous,1191,3176,199320440073,30.96873296372617,0.0010091230668045625
74209267025656528,Šančių sen.,20,110,2,169.0,2001.0,ambiguous,6346,8034,199590151010,168.9934000006117,3.905401341608439e-05
64821468627234979,Kauno m.,20,110,2,169.0,2023.0,ambiguous,6346,8034,199590151010,168.9934000006117,3.905401341608439e-05
65307405153201145,Panemunės sen.,20,110,2,148.0,2021.0,ambiguous,6767,8034,440024411018,147.97269812226452,0.0001844891639404267
64931881092622698,Kauno m.,22,232,1,16.0,2017.0,no_match,0,18,,,
75514465580790974,Gričiupio sen.,22,214,2,1222.0,1971.0,ambiguous,23,65,199620134014,1218.0433069477078,0.003243136307495398
64798756173607003,Kauno m.,22,214,2,398.0,2023.0,ambiguous,37,65,199280228015,394.6881000195403,0.008356172501250647
74893462304197814,Kauno m.,28,240,1,29.0,1978.0,ambiguous,1106,3176,440061094300,29.048890156438162,0.0016844479839783766
64734828302864797,Kauno m.,20,120,2,163.0,2025.0,ambiguous,2048,2464,440057457506,162.98279151659733,0.00010557909108399599
7489954657114116,Kauno m.,28,240,2,24.0,1924.0,ambiguous,20,123,440028268844,28.644961858931527,0.17692374600294736
74468940251168431,Kauno m.,28,240,1,153.0,1970.0,ambiguous,1780,3176,440057024298,153.08211316345603,0.0005365433777049233
74436216270653305,Kauno m.,22,220,1,19.0,1968.0,ambiguous,210,1208,199720361017,18.986193523152647,0.0007269208191074128
75692993970047501,Vilijampolės sen.,20,110,1,214.0,2018.0,ambiguous,9879,15727,440014956640,213.9762053549146,0.0001111961123640981
74205691482726793,Kauno m.,28,240,1,20.0,2001.0,ambiguous,617,3176,440027549862,20.046249997112902,0.002309830142869007
75026864119364253,Kauno m.,28,240,1,25.03,1997.0,ambiguous,905,3176,440050743778,24.990042994721314,0.0015976401212585145
84739388287391651,Aleksoto sen.,28,240,1,12.0,2004.0,ambiguous,208,3176,440002584574,12.29224999792967,0.02406233253648926
75341110374631509,Eigulių sen.,24,140,12,479.0,1992.0,ambiguous,33,34,199810073012,481.45050000355394,0.005102824811662465
75542027760755665,Dainavos sen.,24,140,5,924.0,1968.0,ambiguous,146,180,199630090012,924.1232999884252,0.00013343264338327998
74568865209753532,Šančių sen.,28,240,2,25.0,1965.0,ambiguous,21,123,440028268844,28.644961858931527,0.13610175148269255
65056617728120755,Šilainių sen.,20,110,2,64.0,2016.0,ambiguous,5210,8034,440048266604,63.98705704673827,0.00020225409669549776
75709703438370649,Centro sen.,24,140,2,150.0,1885.0,ambiguous,352,430,198600009026,150.52378514634643,0.003485818445048139
74833751071025689,Šančių sen.,28,240,1,26.0,1976.0,ambiguous,946,3176,440053170297,26.02109562525104,0.0008110412190998062
64911305601248886,Šilainių sen.,20,120,2,119.0,2018.0,ambiguous,2236,2464,440058658987,119.00257321651576,2.1623434411033315e-05
74991012358192222,Kauno m.,28,240,1,33.14,1973.0,ambiguous,1273,3176,440018385576,33.13319999765903,0.00020521122761785193
74109148016057405,Petrašiūnų sen.,26,266,1,26.0,1970.0,ambiguous,213,389,529870323010,26.2570500004299,0.00983798640224487
74191410766120847,Petrašiūnų sen.,24,266,1,15.0,1970.0,ambiguous,37,97,199730298018,19.15280000071302,0.24439871797265011
7562970471486867,Žaliakalnio sen.,20,110,1,87.0,1953.0,ambiguous,13500,15727,529500163017,87.00095476772138,1.097428140717227e-05
74873706181793162,Kauno m.,28,240,1,28.0,1975.0,ambiguous,1054,3176,440040127631,28.04340274881733,0.001548898009962052
74937403019666157,Kauno m.,28,240,1,38.0,1991.0,ambiguous,1466,3176,440021225961,38.020943912511775,0.0005510037619571584
74180871291915515,Kauno m.,22,222,1,81.0,1984.0,ambiguous,322,917,190020498014,80.82645727135227,0.0021448012655183035
75703205726677408,Vilijampolės sen.,22,222,2,1506.0,1941.0,ambiguous,106,243,199680369019,1518.1584948241748,0.008040954437966263
6479855558944933,Kauno m.,20,110,3,112.0,2021.0,ambiguous,81,88,198780014021,112.30682253342859,0.0027357413504001116
84554038066529016,Dainavos sen.,22,214,1,606.0,2005.0,ambiguous,39,126,199600037012,597.771046572672,0.013672170693390662
74288106041947424,Kauno m.,28,240,1,46.0,1953.0,ambiguous,1698,3176,440044986196,45.96639522582524,0.0007308055423478343
74802296056132839,Centro sen.,20,140,2,128.0,1938.0,ambiguous,740,821,199350416016,128.03899999221693,0.0003046410314038184
75686491394577907,Šančių sen.,20,110,1,153.0,1925.0,ambiguous,13748,15727,199350300019,153.00044999148156,2.9411164694792546e-06
75672733999477645,Petrašiūnų sen.,22,296,1,194.0,1960.0,ambiguous,118,352,199850117078,193.97315674498873,0.00013837686750939326
7567641496752936,Panemunės sen.,20,120,1,84.0,1930.0,ambiguous,1177,1391,199580563011,83.95919999838267,0.00048583230237131403
7442468086945199,Kauno m.,28,240,1,40.0,1979.0,ambiguous,1517,3176,529740369028,40.01455516398078,0.00036381291157594475
75672705596487394,Petrašiūnų sen.,22,222,1,79.0,1980.0,ambiguous,326,917,190020195010,79.09450000122375,0.0011954876669069137
75343190179787356,Šilainių sen.,20,120,2,232.0,2010.0,ambiguous,1280,2464,199590282014,232.37774357872257,0.0016268809918722482
74178953852363685,Kauno m.,28,240,1,7.0,1988.0,ambiguous,39,3176,440002584574,12.29224999792967,0.5630588332691764
75624451151792352,Vilijampolės sen.,20,110,1,93.0,1956.0,ambiguous,13991,15727,199530008012,92.99989999337811,1.0753405987884435e-06
81241923845792333,Eigulių sen.,20,110,2,196.0,2014.0,ambiguous,5625,8034,199250383021,196.01483550850995,7.568850550221384e-05
65117756159357457,Žaliakalnio sen.,28,240,1,10.0,2012.0,ambiguous,130,3176,440002584574,12.29224999792967,0.20638388933044371
74988786204210331,Kauno m.,28,240,1,25.0,1952.0,ambiguous,903,3176,440050743778,24.990042994721314,0.00039835954577638333
75654661445493071,Aleksoto sen.,20,110,2,90.0,1936.0,ambiguous,6869,8034,199640049010,90.0042500006808,4.7221114852114e-05
74499295857804307,Kauno m.,28,240,1,4.0,1973.0,no_match,0,3176,,,
65116534576385762,Šančių sen.,20,110,2,131.0,2015.0,ambiguous,6996,8034,199940255010,131.00583056621872,4.45071486163684e-05
75019851620651723,Kauno m.,28,240,1,32.8,1962.0,ambiguous,1258,3176,199200157020,32.83059999688119,0.0009324918285060768
74980888020177217,Centro sen.,20,140,2,142.0,1920.0,ambiguous,761,821,199290237020,142.00750000884756,5.281556894853878e-05
6495821006139102,Žaliakalnio sen.,22,212,1,484.0,1959.0,ambiguous,154,437,440058408249,485.15708721954735,0.00238782295375195
75333898476146341,Centro sen.,20,110,2,160.0,1996.0,ambiguous,6588,8034,199680068013,159.99995634165998,2.7286466242060214e-07
65339906617134222,Šilainių sen.,20,110,1,251.0,2011.0,ambiguous,7745,15727,440027584261,251.02384555894204,9.499771443532978e-05
74423921259472101,Kauno m.,28,240,1,12.0,1974.0,ambiguous,208,3176,440002584574,12.29224999792967,0.02406233253648926
7552428601611387,Petrašiūnų sen.,20,110,1,94.0,1970.0,ambiguous,14041,15727,199230049013,94.00668983734653,7.116595005385307e-05
74451761091631319,Vilijampolės sen.,28,240,1,33.0,1957.0,ambiguous,1269,3176,440057304559,32.99742574165476,7.801087141245944e-05
74286773482781246,Kauno m.,28,240,1,70.0,1969.0,ambiguous,2171,3176,529700414048,69.93270000816807,0.0009618909235236117
74303383177894672,Kauno m.,28,240,1,32.0,1988.0,ambiguous,1227,3176,199490033024,32.05080792518123,0.0015864885232148573
75021748596747456,Kauno m.,28,240,1,24.0,1933.0,ambiguous,830,3176,199480080075,23.88897094517182,0.00463694464823261
75628152304743457,Šančių sen.,20,110,1,150.0,1954.0,ambiguous,13886,15727,199240083010,149.9969999997802,2.000020146741832e-05
75624599344854562,Centro sen.,20,110,2,116.0,1956.0,ambiguous,7081,8034,199900199013,115.99742299597743,2.221579868777468e-05
74449490378926911,Kauno m.,28,240,1,24.0,1959.0,ambiguous,830,3176,199480080075,23.88897094517182,0.00463694464823261
74429950814075524,Kauno m.,28,240,1,74.0,1959.0,ambiguous,2197,3176,199750084029,74.08299151979048,0.0011208786049996533
75683011940827022,Žaliakalnio sen.,24,140,1,134.0,1974.0,ambiguous,148,175,199200233010,133.7773000158414,0.0016633227348972213
75527971944886182,Kauno m.,22,220,1,19.0,1970.0,ambiguous,210,1208,199720361017,18.986193523152647,0.0007269208191074128
74835064528518347,Žaliakalnio sen.,28,240,2,24.0,1959.0,ambiguous,20,123,440028268844,28.644961858931527,0.17692374600294736
75689281525484542,Kauno m.,20,140,2,165.0,1924.0,ambiguous,767,821,199350280016,164.98340860928494,0.00010055893900151602
75594553231408568,Šančių sen.,20,110,1,123.0,1962.0,ambiguous,14669,15727,199200086015,123.00936005605591,7.609512140760444e-05
74328136403627426,Kauno m.,28,240,1,20.0,1965.0,ambiguous,617,3176,440027549862,20.046249997112902,0.002309830142869007
65148093633079954,Panemunės sen.,20,110,1,230.0,2016.0,ambiguous,8898,15727,199250281010,230.02114370980271,9.192494782794824e-05
80546798942608744,Petrašiūnų sen.,22,224,1,2680.0,2006.0,ambiguous,204,729,199730019102,2706.2773999618203,0.00975724289185198
64849038923456351,Kauno m.,28,240,2,63.0,2024.0,ambiguous,79,123,440017133552,62.94659999793545,0.0008479785125645734
74259259284924328,Kauno m.,28,240,1,29.0,1958.0,ambiguous,1106,3176,440061094300,29.048890156438162,0.0016844479839783766
75151844516265207,Vilijampolės sen.,20,110,1,178.0,1993.0,ambiguous,12229,15727,199290204016,177.99000000265892,5.618133848450668e-05
75679178282069007,Žaliakalnio sen.,20,110,1,67.0,1929.0,ambiguous,10816,15727,199380630019,67.00205000825301,3.059667002247579e-05
74263354185222952,Kauno m.,28,240,1,25.0,1970.0,ambiguous,903,3176,440050743778,24.990042994721314,0.00039835954577638333
74257017188623112,Kauno m.,28,240,1,19.0,1992.0,ambiguous,555,3176,440041270455,19.060278235022437,0.003167516803143755
74982648876295563,Panemunės sen.,28,240,1,31.0,1992.0,ambiguous,1191,3176,199320440073,30.96873296372617,0.0010091230668045625
64906265986689055,Vilijampolės sen.,20,120,2,144.0,2019.0,ambiguous,2160,2464,440050704246,143.9343661331067,0.0004558946464889857
7569374097027011,Vilijampolės sen.,20,140,2,106.0,1920.0,ambiguous,680,821,199370095017,105.97530001156294,0.0002330459119290751
65207553196052953,Vilijampolės sen.,20,110,2,199.0,2010.0,ambiguous,5552,8034,440022716034,199.00227921631966,1.1453282750650828e-05
64926899396538826,Šilainių sen.,20,110,2,74.0,2019.0,ambiguous,6070,8034,199600089021,73.99265607882525,9.92471028684605e-05
65172174243197947,Šilainių sen.,20,120,1,177.0,2011.0,ambiguous,1183,1391,199200166018,176.968899990247,0.00017572170794544206
7521769562186563,Panemunės sen.,20,110,1,72.9,1963.0,ambiguous,11758,15727,199230079013,72.90273862620053,3.756618327876993e-05
74447185404313346,Kauno m.,28,240,1,9.0,1950.0,ambiguous,98,3176,440002584574,12.29224999792967,0.31174440498827005
75342075708521153,Šilainių sen.,20,110,2,116.0,1992.0,ambiguous,7081,8034,199900199013,115.99742299597743,2.221579868777468e-05
75671672880088581,Aleksoto sen.,20,140,1,88.0,1931.0,ambiguous,605,790,199300606010,87.70589999140091,0.0033476426605059117
75339218722940027,Vilijampolės sen.,22,220,1,25.0,1993.0,ambiguous,243,1208,199590084018,25.063300018525556,0.002528800627800809
75021786633913429,Kauno m.,28,240,1,16.0,1983.0,ambiguous,406,3176,440052806336,16.03196284859298,0.001995685331706021
74444806885237622,Žaliakalnio sen.,28,240,1,18.0,1958.0,ambiguous,504,3176,199620475038,18.02892226261338,0.0016055028576857922
74944849051499438,Kauno m.,22,210,1,37.0,1979.0,ambiguous,26,170,199730020016,35.69619999685437,0.03587367218919724
64859268663315692,Kauno m.,20,110,1,188.0,2019.0,ambiguous,11559,15727,199550237011,188.00365160300575,1.9423231611526148e-05
75679242925836068,Panemunės sen.,20,120,1,107.0,1929.0,ambiguous,1324,1391,199300796016,107.04839999775254,0.00045223415431205893
74462124984899514,Petrašiūnų sen.,20,110,2,109.0,2005.0,ambiguous,7087,8034,440003588841,108.99669999884367,3.0275698270187945e-05
75176617556672515,Aleksoto sen.,20,110,1,123.0,1981.0,ambiguous,14669,15727,199200086015,123.00936005605591,7.609512140760444e-05
74335291805236778,Kauno m.,28,240,2,13.0,1975.0,ambiguous,2,123,440028268844,28.644961858931527,0.7900282188893564
75657496589487797,Petrašiūnų sen.,20,110,2,50.0,1983.0,ambiguous,3504,8034,440052413937,49.99065072191384,0.0001870030457027383
87828218216217516,Aleksoto sen.,20,110,1,146.0,2004.0,ambiguous,14053,15727,199150020018,146.00425000126754,2.910917404719271e-05
74992630453884213,Kauno m.,28,240,1,17.0,1970.0,ambiguous,444,3176,199100169028,16.981026597074084,0.0011167058089558424
744871072940297,Šilainių sen.,28,240,1,7.0,1920.0,ambiguous,39,3176,440002584574,12.29224999792967,0.5630588332691764
64750085601423008,Kauno m.,20,120,2,99.0,2024.0,ambiguous,2292,2464,440057526326,98.9998675070956,1.3383130612609762e-06
74787268884086197,Kauno m.,28,240,1,32.0,1982.0,ambiguous,1227,3176,199490033024,32.05080792518123,0.0015864885232148573
74258601058029047,Kauno m.,28,240,1,14.0,1951.0,ambiguous,297,3176,190021051033,14.002474562702611,0.00017673885952573798
64750828846543887,Kauno m.,22,240,1,42.0,2025.0,ambiguous,124,264,440067019905,41.58221581935271,0.009997046764667061
65121846939288422,Dainavos sen.,20,120,2,94.0,2014.0,ambiguous,2274,2464,440056943190,94.07279447967036,0.0007741096579856332
74470471121333967,Kauno m.,28,240,1,4.0,1970.0,no_match,0,3176,,,
65188907053145201,Petrašiūnų sen.,20,110,2,230.0,2016.0,ambiguous,4665,8034,440017380044,229.95456060778702,0.00019758209289566508
74435348701631099,Kauno m.,22,220,1,23.0,1962.0,ambiguous,231,1208,440022103219,23.045851655735795,0.001991565765092407
74266169977404622,Kauno m.,28,240,1,25.0,1975.0,ambiguous,903,3176,440050743778,24.990042994721314,0.00039835954577638333
64860965490190409,Kauno m.,20,120,2,137.0,2022.0,ambiguous,2194,2464,440052529923,136.9835157926404,0.00012032992081145721
74460906886528441,Kauno m.,28,240,1,13.0,1927.0,ambiguous,262,3176,199180028031,12.808198848106617,0.01486385658262579
74704455870883785,Eigulių sen.,20,110,1,65.0,1964.0,ambiguous,10420,15727,440026717364,65.00879137991193,0.00013524285291843796
74480283968815023,Kauno m.,28,240,1,21.0,1954.0,ambiguous,683,3176,199570356022,20.99824999592453,8.333699983475995e-05
75409268999053314,Kauno m.,22,220,1,39.0,1983.0,ambiguous,241,1208,440049783586,38.92109537176023,0.0020252450208260164
64872912744545472,Kauno m.,20,110,2,170.0,2021.0,ambiguous,6320,8034,199920347015,169.99395620401398,3.555237307306669e-05
82678943925155124,Kauno m.,28,240,1,26.0,2007.0,ambiguous,946,3176,440053170297,26.02109562525104,0.0008110412190998062
7429415505667189,Aleksoto sen.,28,240,1,56.0,1959.0,ambiguous,1946,3176,199240070075,55.98519746826795,0.0002643658653633807
75374635043460037,Kauno m.,20,140,5,854.0,1987.0,ambiguous,782,847,199800131012,853.8821000358645,0.00013806569472318841
74457656967954963,Panemunės sen.,28,240,1,14.0,1975.0,ambiguous,297,3176,190021051033,14.002474562702611,0.00017673885952573798
75672431903969051,Vilijampolės sen.,20,110,1,79.0,1931.0,ambiguous,12653,15727,440038102091,79.00796648231572,0.0001008364641332804
75649618097841417,Kauno m.,20,140,2,154.0,1939.0,ambiguous,765,821,199310277015,153.97540001047813,0.00015975295152426128
7501118222988315,Kauno m.,28,240,1,34.0,1994.0,ambiguous,1314,3176,199350050047,33.81439999509547,0.005473777496629584
64820485814060871,Kauno m.,20,110,1,141.0,2022.0,ambiguous,14273,15727,199650158018,140.99640000713188,2.5532190256249976e-05
64803223254379011,Kauno m.,20,120,1,307.0,2022.0,ambiguous,484,1391,440051775945,304.3832069563849,0.00856029080744758
74922361799603168,Kauno m.,28,240,1,34.0,1932.0,ambiguous,1314,3176,199350050047,33.81439999509547,0.005473777496629584
74562224464090207,Kauno m.,28,240,1,133.0,1937.0,ambiguous,1931,3176,440022248862,133.02990791850948,0.00022484628791907824
74993920012228321,Kauno m.,28,240,0,10.2,1972.0,ambiguous,2,14,440037465764,19.353600001105665,0.6404907284498171
75685051657293723,Žaliakalnio sen.,20,110,1,93.75,1926.0,ambiguous,14023,15727,199720002017,93.75069999811072,7.466618639817568e-06
7412846778272518,Kauno m.,28,240,1,17.0,2002.0,ambiguous,444,3176,199100169028,16.981026597074084,0.0011167058089558424
75573331065788479,Gričiupio sen.,20,140,5,692.0,1965.0,ambiguous,806,847,199680025014,691.7735744064883,0.0003272581580109346
64702904187232929,Kauno m.,20,110,1,184.0,2025.0,ambiguous,11844,15727,199360340016,184.0094955468807,5.1604901490698296e-05
74482409802728675,Kauno m.,28,240,1,20.0,1992.0,ambiguous,617,3176,440027549862,20.046249997112902,0.002309830142869007
7431752048624049,Kauno m.,28,240,1,29.0,1982.0,ambiguous,1106,3176,440061094300,29.048890156438162,0.0016844479839783766
75606822365240273,Kauno m.,22,210,9,2320.0,1974.0,ambiguous,2,4,199600086019,4704.91358826015,0.7070402212521376
75360593568968862,Eigulių sen.,24,140,13,590.0,1989.0,ambiguous,8,8,199840095021,591.2652678229601,0.0021422255293517267
65055056519037424,Šilainių sen.,22,212,3,202.0,2018.0,ambiguous,18,31,440031709018,184.88468755341128,0.08853537718374493
75669489451493044,Kauno m.,22,222,2,9342.0,1964.0,ambiguous,30,243,199270113043,8474.443383558935,0.09746538842643382
80308520505493752,Šilainių sen.,20,110,2,232.0,2008.0,ambiguous,4621,8034,440012016929,232.01094597733683,4.7179823811305255e-05
74514216065107733,Kauno m.,28,240,1,24.0,1987.0,ambiguous,830,3176,199480080075,23.88897094517182,0.00463694464823261
64811414596351619,Kauno m.,20,110,1,175.0,2022.0,ambiguous,12411,15727,190020604010,174.98762851645657,7.069669062964579e-05
74130949638745516,Aleksoto sen.,20,120,2,156.0,2009.0,ambiguous,2098,2464,529640164014,156.03340000328924,0.00021407966849995574
74621232885496505,Kauno m.,22,296,1,26.0,1968.0,ambiguous,102,352,440041002473,26.204400002876667,0.007830797686481095
82492451462665914,Kauno m.,28,240,1,26.0,2005.0,ambiguous,946,3176,440053170297,26.02109562525104,0.0008110412190998062
75568944453956025,Gričiupio sen.,22,292,1,1079.0,1965.0,ambiguous,26,46,199630009075,1082.939497072786,0.0036444141368479066
74458248761553908,Kauno m.,28,240,1,17.0,1970.0,ambiguous,444,3176,199100169028,16.981026597074084,0.0011167058089558424
64915524054793158,Šilainių sen.,20,110,2,57.0,2019.0,ambiguous,4441,8034,440009226693,57.02232942710159,0.0003916676233366445
79654791768972236,Kauno m.,28,240,1,22.0,1958.0,ambiguous,739,3176,199270002032,22.042988585359026,0.0019521199805661027
74886396102229705,Kauno m.,28,240,2,15.9,1998.0,ambiguous,5,123,440028268844,28.644961858931527,0.588658467124707
75706123095421227,Panemunės sen.,20,110,1,93.0,1900.0,ambiguous,13991,15727,199530008012,92.99989999337811,1.0753405987884435e-06
6484244646959933,Kauno m.,22,214,1,124.0,2021.0,ambiguous,62,126,199300438013,124.94714999100044,0.0076092822201161425
75027504808178436,Kauno m.,28,240,1,4.0,1978.0,no_match,0,3176,,,
75533518947879227,Panemunės sen.,20,110,1,77.0,1969.0,ambiguous,12387,15727,199620009016,77.00259999662414,3.376561985835025e-05
750309808995928,Kauno m.,28,240,1,38.0,1951.0,ambiguous,1466,3176,440021225961,38.020943912511775,0.0005510037619571584
74271124153803991,Kauno m.,28,240,1,23.0,1980.0,ambiguous,785,3176,440050269433,23.024728073147582,0.0010745560728868675
75495128803811221,Petrašiūnų sen.,22,222,2,12452.0,1973.0,ambiguous,15,243,199340214076,10747.936049346315,0.1471675118488136
75222385336621858,Panemunės sen.,20,110,1,110.0,1982.0,ambiguous,14658,15727,529470075019,109.9988000088267,1.0909070170761481e-05
74494267259331975,Kauno m.,28,240,1,5.0,1975.0,ambiguous,3,3176,440002584574,12.29224999792967,0.8995310698903893
74472657579925702,Kauno m.,28,240,1,44.0,1980.0,ambiguous,1647,3176,440023080940,43.90603878903235,0.0021377654606191676
74733526758123378,Kauno m.,28,240,1,31.0,1989.0,ambiguous,1191,3176,199320440073,30.96873296372617,0.0010091230668045625
74585350126736102,Kauno m.,28,240,1,17.23,1999.0,ambiguous,455,3176,440055351092,17.236214281934643,0.00036060136753901517
74424786598668954,Kauno m.,28,240,1,33.0,1977.0,ambiguous,1269,3176,440057304559,32.99742574165476,7.801087141245944e-05
74463319716798732,Kauno m.,28,240,1,10.0,1965.0,ambiguous,130,3176,440002584574,12.29224999792967,0.20638388933044371
74864107976490221,Kauno m.,28,240,1,15.0,1991.0,ambiguous,354,3176,440023993764,14.810749998136423,0.01269693277208983
74843985603877367,Kauno m.,28,240,1,17.0,1890.0,ambiguous,444,3176,199100169028,16.981026597074084,0.0011167058089558424
75685359764461543,Kauno m.,22,220,1,153.0,1981.0,ambiguous,441,1208,199770096018,152.81500256973584,0.001209865122874021
75369814418139336,Aleksoto sen.,20,110,1,150.0,1988.0,ambiguous,13886,15727,199240083010,149.9969999997802,2.000020146741832e-05
64847884155001936,Kauno m.,20,120,2,137.0,2022.0,ambiguous,2194,2464,440052529923,136.9835157926404,0.00012032992081145721
75621855996267986,Žaliakalnio sen.,20,110,2,103.0,1956.0,ambiguous,7106,8034,440043470746,102.98962210380722,0.00010076134997039077
75602505225078165,Gričiupio sen.,20,110,1,66.0,1961.0,ambiguous,10605,15727,199230108015,65.99614999741073,5.8335074021975686e-05
74269798589992053,Kauno m.,28,240,1,27.0,1992.0,ambiguous,995,3176,199300179020,26.94290380843917,0.00211691284124349
74889580166850517,Kauno m.,28,240,1,3.0,1973.0,no_match,0,3176,,,
75097163047107826,Šančių sen.,22,220,1,877.0,1976.0,ambiguous,357,1208,199960088084,877.7312069782374,0.0008334119979771515
64704178201527046,Kauno m.,20,110,1,136.0,2025.0,ambiguous,14436,15727,199570146013,135.99882131810594,8.666816190050497e-06
74420232734430991,Kauno m.,28,240,2,38.0,1986.0,ambiguous,40,123,440059419380,38.74103051582802,0.019313098720248778
75712195195382165,Centro sen.,22,210,2,586.0,1875.0,ambiguous,150,274,199780020053,584.6211447210254,0.002355768000384728
7464259221573262,Kauno m.,28,240,1,8.0,1970.0,ambiguous,68,3176,440002584574,12.29224999792967,0.42952744064465387
74445530733079579,Kauno m.,28,240,1,12.0,1967.0,ambiguous,208,3176,440002584574,12.29224999792967,0.02406233253648926
64867445006039429,Kauno m.,20,120,2,144.0,2022.0,ambiguous,2160,2464,440050704246,143.9343661331067,0.0004558946464889857
74469814404444848,Kauno m.,28,240,1,19.0,1974.0,ambiguous,555,3176,440041270455,19.060278235022437,0.003167516803143755
65158683444881571,Šilainių sen.,20,120,2,139.0,2012.0,ambiguous,2177,2464,199700015018,139.00892529899346,6.420872270140876e-05
7456848096512439,Žaliakalnio sen.,22,220,1,166.0,1972.0,ambiguous,460,1208,199880039018,165.9515679289024,0.0002918020345168415
75687480828795797,Žaliakalnio sen.,20,110,1,40.0,1925.0,ambiguous,4179,15727,199300794021,40.10821925892978,0.0027018282459194687
65259694143024863,Šilainių sen.,20,110,2,160.0,2017.0,ambiguous,6588,8034,199680068013,159.99995634165998,2.7286466242060214e-07
7446328219140784,Kauno m.,28,240,1,18.0,1998.0,ambiguous,504,3176,199620475038,18.02892226261338,0.0016055028576857922
74417637927813585,Šilainių sen.,28,240,1,27.0,1992.0,ambiguous,995,3176,199300179020,26.94290380843917,0.00211691284124349
64808154406929719,Kauno m.,20,120,2,87.0,2023.0,ambiguous,2239,2464,440023818419,87.02572510967313,0.0002956472078396999
75604293151156715,Žaliakalnio sen.,20,110,2,86.0,1960.0,ambiguous,6735,8034,440047814739,86.02198348312048,0.00025558923104007647
75390076541348078,Šilainių sen.,24,140,9,510.0,1985.0,ambiguous,75,78,199880121017,511.7576059557541,0.0034403613520606058
75658088537920803,Žaliakalnio sen.,20,110,2,207.0,1935.0,ambiguous,5326,8034,440021724552,207.02954928836155,0.00014273999748404265
74524568506355138,Kauno m.,28,240,1,24.0,1930.0,ambiguous,830,3176,199480080075,23.88897094517182,0.00463694464823261
74490148324596606,Kauno m.,28,240,1,26.0,1973.0,ambiguous,946,3176,440053170297,26.02109562525104,0.0008110412190998062
75558448342514892,Kauno m.,22,296,1,18.0,1966.0,ambiguous,83,352,199700183880,18.022899993248657,0.001271413258663756
74172572097180756,Panemunės sen.,24,266,1,61.0,1985.0,ambiguous,68,97,199950198017,60.632728898798625,0.006039036050947466
75644585431876743,Gričiupio sen.,20,110,1,183.0,1939.0,ambiguous,11918,15727,199240057012,182.97676818587396,0.0001269578627765
75148969130440682,Šilainių sen.,20,110,1,222.0,1996.0,ambiguous,9384,15727,440030621800,221.98396655707603,7.222532405926074e-05
74281466212413633,Kauno m.,28,240,1,75.0,1931.0,ambiguous,2194,3176,199620078037,74.98951114679764,0.00013986115614628147
74152955390180283,Panemunės sen.,20,110,1,178.0,2004.0,ambiguous,12229,15727,199290204016,177.99000000265892,5.618133848450668e-05
75334346786736214,Petrašiūnų sen.,20,110,2,109.0,1995.0,ambiguous,7087,8034,440003588841,108.99669999884367,3.0275698270187945e-05
75017776599056812,Kauno m.,28,240,1,48.0,1959.0,ambiguous,1753,3176,529560080028,47.99290952321471,0.00014772917777783334
74421602120825187,Kauno m.,28,240,1,21.0,1983.0,ambiguous,683,3176,199570356022,20.99824999592453,8.333699983475995e-05
65162039564783572,Šilainių sen.,20,110,1,191.0,2016.0,ambiguous,11373,15727,440008010738,191.00842882030355,4.4128975535961956e-05
75503113427112703,Vilijampolės sen.,20,110,2,129.0,1972.0,ambiguous,7010,8034,440020237236,129.0203320567398,0.00015760042334544977
64705735565002809,Kauno m.,20,110,2,138.0,2025.0,ambiguous,6916,8034,199590172011,137.99989187637405,7.835048432269787e-07
74425814652852584,Kauno m.,28,240,1,36.0,1973.0,ambiguous,1405,3176,440050713967,36.03845984236268,0.001067758697253396
7444564876293254,Kauno m.,28,240,1,26.0,1982.0,ambiguous,946,3176,440053170297,26.02109562525104,0.0008110412190998062
7428854841882046,Kauno m.,28,240,1,25.0,1973.0,ambiguous,903,3176,440050743778,24.990042994721314,0.00039835954577638333
64913629570790207,Kauno m.,20,110,2,88.0,2020.0,ambiguous,6820,8034,440001824282,87.98192251111115,0.00020544711291403672
87453541693809603,Kauno m.,22,212,1,74.0,2004.0,ambiguous,124,437,199400306049,74.12220000216476,0.0016499893991142045
75224292067171808,Šilainių sen.,20,110,2,106.0,1959.0,ambiguous,7099,8034,199540129020,106.01139999927152,0.00010754138015744985
65064271544035046,Šilainių sen.,20,120,2,129.0,2016.0,ambiguous,2209,2464,440038671313,129.01514330952676,0.00011738310666498109
74824826746159909,Šilainių sen.,28,240,1,21.0,1996.0,ambiguous,683,3176,199570356022,20.99824999592453,8.333699983475995e-05
80136638325712536,Aleksoto sen.,20,110,1,141.0,2009.0,ambiguous,14273,15727,199650158018,140.99640000713188,2.5532190256249976e-05
75514822272168144,Kauno m.,22,220,1,21.59,1970.0,ambiguous,224,1208,199690296014,21.59807431427362,0.0003739140721550349
75027834148699457,Kauno m.,28,240,1,31.56,1962.0,ambiguous,1216,3176,199620350018,31.535849997349644,0.0007655021314612043
64880049072774157,Eigulių sen.,20,110,2,86.0,2020.0,ambiguous,6735,8034,440047814739,86.02198348312048,0.00025558923104007647
64711044064585208,Kauno m.,20,120,1,237.0,2026.0,ambiguous,842,1391,199800060017,236.92134998586272,0.00033191167632207197
75623792006323423,Vilijampolės sen.,20,110,1,96.0,1970.0,ambiguous,14161,15727,199420002017,96.00074999316782,7.812398314932523e-06
65115312154307395,Šilainių sen.,20,110,2,56.0,2014.0,ambiguous,4306,8034,440029948403,55.96573932189246,0.0006119850480041933
74473031661105402,Šančių sen.,28,240,1,20.0,1985.0,ambiguous,617,3176,440027549862,20.046249997112902,0.002309830142869007
75705314262671256,Šančių sen.,22,210,2,134.0,1976.0,ambiguous,93,274,199360421014,134.31189073802074,0.0023248382890548314
7502817919791005,Panemunės sen.,20,110,1,115.0,1993.0,ambiguous,14686,15727,440019548006,114.99592275123403,3.545496561496719e-05
74931710334189633,Kauno m.,28,240,1,32.0,1969.0,ambiguous,1227,3176,199490033024,32.05080792518123,0.0015864885232148573
75692060390936261,Panemunės sen.,20,110,1,139.0,1921.0,ambiguous,14333,15727,199620193017,139.01215000325664,8.740627533221357e-05
74934178328041112,Kauno m.,28,240,1,15.0,1930.0,ambiguous,354,3176,440023993764,14.810749998136423,0.01269693277208983
64789254532478371,Kauno m.,28,240,1,33.0,2010.0,ambiguous,1269,3176,440057304559,32.99742574165476,7.801087141245944e-05
65062136275881838,Aleksoto sen.,20,120,2,80.0,2016.0,ambiguous,2150,2464,440030776917,79.94808232823057,0.0006491815698819181
74546826806803287,Kauno m.,28,240,1,13.0,1966.0,ambiguous,262,3176,199180028031,12.808198848106617,0.01486385658262579
80133668295184327,Aleksoto sen.,20,110,2,148.0,2011.0,ambiguous,6767,8034,440024411018,147.97269812226452,0.0001844891639404267
74630662038209533,Šilainių sen.,20,110,1,147.0,2003.0,ambiguous,14003,15727,440027278546,146.98703443898248,8.820498530237586e-05
65324616154749368,Šilainių sen.,20,110,1,209.0,2009.0,ambiguous,10213,15727,529950129010,208.9862308376045,6.58833300457573e-05
74277468152931833,Kauno m.,28,240,1,32.0,1978.0,ambiguous,1227,3176,199490033024,32.05080792518123,0.0015864885232148573
74248459032315708,Kauno m.,28,240,1,41.0,1935.0,ambiguous,1541,3176,199390440029,41.00460000060461,0.00011218884329400325
74105616263037868,Kauno m.,22,236,1,108.0,1940.0,confident,1,4,199790177016,183.1914999906011,0.5284008266081992
74992843872528359,Kauno m.,22,220,1,65.67,1981.0,ambiguous,256,1208,199000264066,65.51070000968241,0.002428711976842024
75714633584752083,Centro sen.,24,140,1,386.0,1820.0,ambiguous,99,175,199310085015,393.7481500085019,0.019874122272868
74470945916857392,Kauno m.,28,240,1,12.0,1953.0,ambiguous,208,3176,440002584574,12.29224999792967,0.02406233253648926
7449617296049868,Petrašiūnų sen.,20,110,0,103.0,1992.0,ambiguous,75,88,199310239057,102.85305111298784,0.001427706912078719
74394883582461643,Kauno m.,28,240,1,11.0,1935.0,ambiguous,173,3176,440002584574,12.29224999792967,0.11107370952611895
75547390887940047,Kauno m.,22,222,1,608.0,1983.0,ambiguous,259,917,199600297025,601.9603500086131,0.009983302599527732
74304059534029257,Kauno m.,28,240,1,25.0,1951.0,ambiguous,903,3176,440050743778,24.990042994721314,0.00039835954577638333
7411731943536716,Aleksoto sen.,28,240,1,96.0,2003.0,ambiguous,2165,3176,440059280778,96.18807378297642,0.001957185368585357
64874181475705964,Kauno m.,20,120,2,150.0,2021.0,ambiguous,2125,2464,440045656939,149.99969999809247,2.000014716507792e-06
74321135995351381,Dainavos sen.,22,212,2,10420.0,2000.0,ambiguous,9,156,190000170014,10337.957888246696,0.007904683050993455
64945241871899539,Panemunės sen.,28,240,1,6.0,1988.0,ambiguous,15,3176,440002584574,12.29224999792967,0.7172095130964347
74112166281626923,Petrašiūnų sen.,20,110,2,112.0,2003.0,ambiguous,7087,8034,440055096701,112.00778944910378,6.954623431720819e-05
74461801179011411,Kauno m.,28,240,1,40.0,1924.0,ambiguous,1517,3176,529740369028,40.01455516398078,0.00036381291157594475
75163738409992811,Vilijampolės sen.,20,110,2,119.0,1987.0,ambiguous,7060,8034,529720348018,118.98070198694259,0.00016218132763423654
75623217247660079,Vilijampolės sen.,20,110,1,80.0,1965.0,ambiguous,12785,15727,199510088014,79.99679999125358,4.000090935551981e-05
74442384426568087,Kauno m.,28,240,1,31.0,1973.0,ambiguous,1191,3176,199320440073,30.96873296372617,0.0010091230668045625
74832008972432792,Kauno m.,28,240,1,43.0,1972.0,ambiguous,1597,3176,440028001572,43.06414195874233,0.0014905620194025637
64854824339779751,Kauno m.,20,120,2,66.0,2020.0,ambiguous,1886,2464,440051747661,66.31738033554164,0.004797267651660775
74474577801327754,Kauno m.,28,240,1,26.0,1978.0,ambiguous,946,3176,440053170297,26.02109562525104,0.0008110412190998062
74429860643483711,Kauno m.,28,240,1,22.0,1930.0,ambiguous,739,3176,199270002032,22.042988585359026,0.0019521199805661027
74572569813547901,Kauno m.,28,240,1,18.22,1962.0,ambiguous,513,3176,190000061048,18.240399996480345,0.0011190222055201815
75159918716872595,Panemunės sen.,20,110,1,147.0,1989.0,ambiguous,14003,15727,440027278546,146.98703443898248,8.820498530237586e-05
65324498067653225,Šilainių sen.,20,120,1,289.0,2018.0,ambiguous,556,1391,440052413037,288.68474159286797,0.0010914549605702817
75690504848197976,Vilijampolės sen.,24,140,2,274.0,1928.0,ambiguous,350,430,440049299867,274.34074717871994,0.001242830208529
7552444849435265,Petrašiūnų sen.,22,222,1,7794.0,1970.0,ambiguous,89,917,440062881103,7490.124939714358,0.03976872865677272
74415521360495743,Kauno m.,28,240,1,7.0,1969.0,ambiguous,39,3176,440002584574,12.29224999792967,0.5630588332691764
75212359557431774,Aleksoto sen.,20,120,2,138.0,1982.0,ambiguous,2188,2464,529680187017,137.89661830413638,0.0007494234712819292
74250391832559284,Kauno m.,28,240,1,25.0,1957.0,ambiguous,903,3176,440050743778,24.990042994721314,0.00039835954577638333
74442942733334516,Aleksoto sen.,28,240,1,32.0,1980.0,ambiguous,1227,3176,199490033024,32.05080792518123,0.0015864885232148573
74183062082979923,Kauno m.,22,222,1,107.0,1981.0,ambiguous,297,917,199620073594,107.01823900392061,0.00017044345425620833
75020314606023916,Kauno m.,28,240,1,33.0,1963.0,ambiguous,1269,3176,440057304559,32.99742574165476,7.801087141245944e-05
74453967925941153,Kauno m.,28,240,1,23.0,1930.0,ambiguous,785,3176,440050269433,23.024728073147582,0.0010745560728868675
74891705580175272,Kauno m.,28,240,1,24.0,1987.0,ambiguous,830,3176,199480080075,23.88897094517182,0.00463694464823261
74463738442651334,Kauno m.,28,240,1,16.0,1939.0,ambiguous,406,3176,440052806336,16.03196284859298,0.001995685331706021
75008758678549114,Kauno m.,28,240,1,8.0,1939.0,ambiguous,68,3176,440002584574,12.29224999792967,0.42952744064465387
75471587090379086,Panemunės sen.,22,220,1,57.0,1975.0,ambiguous,239,1208,440038331830,56.92974999629054,0.0012332163041683941
75443139545360083,Žaliakalnio sen.,24,140,4,735.0,1959.0,ambiguous,80,165,199950166011,721.6263186351895,0.018363058519790698
7486305597414214,Kauno m.,28,240,1,9.68,1956.0,ambiguous,117,3176,440002584574,12.29224999792967,0.2389070810360039
75333713890526691,Centro sen.,20,110,2,251.0,1996.0,ambiguous,4083,8034,440016359136,250.89352988105895,0.0004242737321726864
74894360499019999,Kauno m.,28,240,1,18.0,1952.0,ambiguous,504,3176,199620475038,18.02892226261338,0.0016055028576857922
74310260151048677,Kauno m.,28,240,1,45.0,1975.0,ambiguous,1679,3176,199590211020,45.00037570002737,8.34885464540136e-06
74457321653227646,Kauno m.,28,240,1,40.0,1976.0,ambiguous,1517,3176,529740369028,40.01455516398078,0.00036381291157594475
74977753892309817,Žaliakalnio sen.,20,140,2,307.0,1959.0,ambiguous,477,821,440011004076,306.53219269110366,0.0015249644766059944
7568337943689124,Aleksoto sen.,20,110,1,137.0,1927.0,ambiguous,14410,15727,529590164011,136.99158897017685,6.139626298296008e-05
75612379332383073,Kauno m.,22,222,1,3373.0,1983.0,ambiguous,159,917,199740018117,3382.9747076673857,0.0029528573882391385
74294175968988449,Kauno m.,28,240,1,10.0,1994.0,ambiguous,130,3176,440002584574,12.29224999792967,0.20638388933044371
64982148951506655,Aleksoto sen.,28,240,1,43.0,1993.0,ambiguous,1597,3176,440028001572,43.06414195874233,0.0014905620194025637
10009757546415236,Aleksoto sen.,20,110,1,106.0,2011.0,ambiguous,14566,15727,199150044010,105.99840000594352,1.5094397471493437e-05
65309410420499356,Kauno m.,28,240,1,34.0,2007.0,ambiguous,1314,3176,199350050047,33.81439999509547,0.005473777496629584
75029308634554676,Kauno m.,28,240,1,42.5,1930.0,ambiguous,1585,3176,199670226028,42.50544999961667,0.00012822706365689385
74455243266458068,Kauno m.,28,240,1,26.0,1959.0,ambiguous,946,3176,440053170297,26.02109562525104,0.0008110412190998062
75682584957768292,Kauno m.,22,224,2,129.0,1933.0,ambiguous,17,117,199680054317,142.04149476689327,0.09630682722087602
74123294265864142,Eigulių sen.,20,110,2,194.0,2002.0,ambiguous,5667,8034,440007679005,194.000899990749,4.639116811588906e-06
74191070869260814,"SB ""Zuikinė""",26,266,1,20.0,1969.0,ambiguous,163,389,440011132177,20.178349997321703,0.00887797377297872
74457658940469393,Panemunės sen.,28,240,1,69.0,1932.0,ambiguous,2159,3176,440017018729,69.02939999856464,0.0004259961864576667
74466401830277654,Kauno m.,28,240,1,9.0,1939.0,ambiguous,98,3176,440002584574,12.29224999792967,0.31174440498827005
64788172938436625,Kauno m.,28,240,1,11.0,2021.0,ambiguous,173,3176,440002584574,12.29224999792967,0.11107370952611895
74575615113914279,Kauno m.,28,240,1,58.0,1977.0,ambiguous,1992,3176,440028098953,57.99539177605002,7.945529355701808e-05
75705883811707425,Centro sen.,24,140,3,298.0,2002.0,ambiguous,298,370,199510052016,298.02844997592473,9.54651609248458e-05
74276214529744949,Kauno m.,28,240,1,80.0,1939.0,ambiguous,2211,3176,199460002024,80.02856529460927,0.0003570024496575286
96124328379584706,Šilainių sen.,20,110,1,189.0,2008.0,ambiguous,11503,15727,440009252128,188.9925728778035,3.92977149843432e-05
74291836303695916,Kauno m.,28,240,1,3.0,1963.0,no_match,0,3176,,,
75669809416134423,Žaliakalnio sen.,20,110,1,112.0,1932.0,ambiguous,14668,15727,440056781158,111.99769891734616,2.0545591897125348e-05
74486325026783221,Kauno m.,28,240,1,20.0,1980.0,ambiguous,617,3176,440027549862,20.046249997112902,0.002309830142869007
74553648187968696,Kauno m.,28,240,1,39.0,1992.0,ambiguous,1497,3176,199830130015,38.97799999525118,0.0005642618516472631
74876177178074751,Kauno m.,28,240,1,11.0,1975.0,ambiguous,173,3176,440002584574,12.29224999792967,0.11107370952611895
74791188874144779,Kauno m.,28,240,1,181.0,1970.0,ambiguous,1560,3176,529640174021,181.14566407797147,0.0008044502545558885
74943593263130798,Kauno m.,28,240,1,21.04,1932.0,ambiguous,684,3176,199570356022,20.99824999592453,0.001986287145920862
64701867801087276,Kauno m.,20,110,1,301.0,2026.0,ambiguous,5501,15727,440039685691,301.05949152359534,0.0001976267283438915
75509758869190841,Dainavos sen.,22,224,2,291.0,1989.0,ambiguous,38,117,199600158224,294.0339475224266,0.01037196126465556
75577843287665314,Kauno m.,22,210,1,16.0,1964.0,ambiguous,7,170,199340073081,24.490949051052077,0.4257149005684542
74446195675512028,Kauno m.,28,240,1,23.0,1949.0,ambiguous,785,3176,440050269433,23.024728073147582,0.0010745560728868675
74192118504220042,Eigulių sen.,22,222,1,65.0,1975.0,ambiguous,327,917,199870048101,64.86251900137253,0.0021173322533147854
74457615545354253,Kauno m.,22,240,1,17.0,2014.0,ambiguous,36,264,190010091026,19.141854840472305,0.11866394638879241
74955187978346965,Kauno m.,28,240,1,35.21,1984.0,ambiguous,1375,3176,199480028031,35.1882968431755,0.0006165818914749543
7558240553777501,Vilijampolės sen.,22,220,1,189.0,1987.0,ambiguous,507,1208,190020069024,189.23789999002628,0.0012579385693705092
74624385327313109,Kauno m.,28,240,0,27.0,1950.0,ambiguous,3,14,199280332056,20.6112000027217,0.2700022485018452
75334176567344993,Kauno m.,22,296,1,20.0,1996.0,ambiguous,91,352,199780020097,20.306600001800433,0.015213682894043234
74289249097579987,Kauno m.,28,240,1,34.0,1988.0,ambiguous,1314,3176,199350050047,33.81439999509547,0.005473777496629584
75384992238126849,Aleksoto sen.,22,296,1,52.0,1986.0,ambiguous,132,352,199300636314,52.62359999419991,0.011920969631609157
74992490403394396,Kauno m.,28,240,1,20.0,1972.0,ambiguous,617,3176,440027549862,20.046249997112902,0.002309830142869007
75148987541826945,Panemunės sen.,20,110,1,143.0,1996.0,ambiguous,14192,15727,199400255016,143.00616192167755,4.3089433019005696e-05
74484844258000477,Kauno m.,28,240,1,18.0,1974.0,ambiguous,504,3176,199620475038,18.02892226261338,0.0016055028576857922
86672227412601416,Šilainių sen.,28,240,1,58.0,2014.0,ambiguous,1992,3176,440028098953,57.99539177605002,7.945529355701808e-05
74495806875210319,Kauno m.,28,240,1,26.0,1975.0,ambiguous,946,3176,440053170297,26.02109562525104,0.0008110412190998062
74235328226632674,Kauno m.,22,220,1,27.0,1968.0,ambiguous,256,1208,199670330017,26.89795375034093,0.003786651050470713
74465552059974155,Kauno m.,28,240,1,16.0,1978.0,ambiguous,406,3176,440052806336,16.03196284859298,0.001995685331706021
7420662330568481,Aleksoto sen.,28,240,1,9.0,1974.0,ambiguous,98,3176,440002584574,12.29224999792967,0.31174440498827005
74453575738695474,Kauno m.,22,240,1,18.0,1976.0,ambiguous,39,264,190010091026,19.141854840472305,0.061505532548844055
75605929092666696,Žaliakalnio sen.,20,110,2,125.0,1993.0,ambiguous,7028,8034,190020103014,124.97496247900692,0.0002003202307028218
74699994543030987,Kauno m.,28,240,1,23.14,1968.0,ambiguous,799,3176,440051931894,23.1636147372962,0.0010199955004619454
7452029340581684,Kauno m.,28,240,1,22.0,1973.0,ambiguous,739,3176,199270002032,22.042988585359026,0.0019521199805661027
6469528776055794,Kauno m.,22,212,1,52.0,2025.0,ambiguous,91,437,199720307044,51.53495000306163,0.008983500248150644
75435970130655214,Aleksoto sen.,22,222,1,534.0,1979.0,ambiguous,258,917,199640051018,532.6372499985257,0.0025552281114267217
87455126477337664,Šilainių sen.,20,110,1,174.0,2006.0,ambiguous,12460,15727,440005450802,173.99924999797065,4.310365779858216e-06
64843637333770437,Kauno m.,20,110,1,218.0,2022.0,ambiguous,9646,15727,199320437014,218.0028938980855,1.327467375134006e-05
75014949578376802,Kauno m.,28,240,1,16.53,1977.0,ambiguous,428,3176,440023254604,16.63165648319021,0.006130984540639872
7560677400698769,Dainavos sen.,20,110,1,147.0,1960.0,ambiguous,14003,15727,440027278546,146.98703443898248,8.820498530237586e-05
75443149367492524,Šilainių sen.,20,110,1,119.0,1978.0,ambiguous,14708,15727,199320415016,119.00695887890069,5.847626418464813e-05
74937310790788442,Petrašiūnų sen.,22,296,1,91.0,1997.0,ambiguous,130,352,440021353151,91.86849999286792,0.009498700136418847
65249088013186823,Šilainių sen.,20,120,2,218.0,2014.0,ambiguous,1460,2464,440026035129,218.0547715093721,0.00025121389898163926
64861813037940363,Kauno m.,20,110,1,233.0,2021.0,ambiguous,8728,15727,529940193028,233.00665000276211,2.85403771069781e-05
65089071856600192,Šančių sen.,20,110,1,30.0,1920.0,ambiguous,1337,15727,199360415034,29.853374642281846,0.004899494870816312
74832270673128171,Žaliakalnio sen.,20,110,1,247.0,1998.0,ambiguous,7944,15727,190020523010,247.0120000075661,4.858184646572283e-05
75659156812408479,Šančių sen.,20,110,1,85.0,1935.0,ambiguous,13317,15727,199570078012,85.00240000739917,2.823498255555279e-05
74274119007672015,Kauno m.,28,240,1,42.0,1960.0,ambiguous,1562,3176,199100156029,42.02899999731593,0.0006902378576021384
7489251863189865,Kauno m.,28,240,1,12.0,1975.0,ambiguous,208,3176,440002584574,12.29224999792967,0.02406233253648926
75698973383187471,Centro sen.,20,140,1,101.0,1910.0,ambiguous,664,790,199360060015,100.98085259829654,0.00018959620691294532
75622619575227368,Šančių sen.,22,224,1,730.0,1956.0,ambiguous,337,729,440040624150,728.0547926611192,0.0026682241335977963
64798969027635503,Kauno m.,22,224,1,53.0,2021.0,ambiguous,72,729,440029410204,52.84775785171382,0.002876626890536027
64895412969488808,Centro sen.,22,220,2,8605.0,2018.0,ambiguous,2,149,199390112115,6185.522202003637,0.33013199698639006
75648295203270571,Aleksoto sen.,20,110,1,136.0,1938.0,ambiguous,14436,15727,199570146013,135.99882131810594,8.666816190050497e-06
74989681421291046,Kauno m.,28,240,1,21.0,1971.0,ambiguous,683,3176,199570356022,20.99824999592453,8.333699983475995e-05
75582813148274378,Aleksoto sen.,20,110,1,247.0,1971.0,ambiguous,7944,15727,190020523010,247.0120000075661,4.858184646572283e-05
74256766461321316,Kauno m.,28,240,1,18.0,1978.0,ambiguous,504,3176,199620475038,18.02892226261338,0.0016055028576857922
74496208774807809,Kauno m.,28,240,1,26.0,1965.0,ambiguous,946,3176,440053170297,26.02109562525104,0.0008110412190998062
75629336385409793,Vilijampolės sen.,20,110,1,98.0,1954.0,ambiguous,14258,15727,199620464011,97.99575000126566,4.336827441431268e-05
6487499469940225,Kauno m.,20,120,2,122.0,2021.0,ambiguous,2229,2464,440005987315,122.00070054993178,5.742196068858618e-06
75619624726615098,Vilijampolės sen.,20,110,1,103.0,1957.0,ambiguous,14459,15727,199700088017,103.00047223231456,4.5847692424771935e-06
74246327721465041,Kauno m.,28,240,1,25.0,1960.0,ambiguous,903,3176,440050743778,24.990042994721314,0.00039835954577638333
75713291789145709,Šančių sen.,22,224,1,56.0,1862.0,ambiguous,79,729,199640104067,56.303499996453525,0.0054050093779212105
7445044933284696,Kauno m.,28,240,1,49.0,1972.0,ambiguous,1777,3176,199080029036,49.00504426796847,0.00010293894585977625
74245680818930085,Kauno m.,28,240,1,22.0,1974.0,ambiguous,739,3176,199270002032,22.042988585359026,0.0019521199805661027
64859765549910089,Kauno m.,22,240,1,52.0,2019.0,ambiguous,159,264,199820147010,51.79819579228551,0.0038884001873364937
75630134470042215,Centro sen.,22,210,1,85.0,1973.0,ambiguous,58,170,199480099025,84.17909068786923,0.009704695203510916
87568678076726358,Šilainių sen.,20,110,2,268.0,2010.0,ambiguous,3624,8034,440009702489,268.0391448118056,0.0001460520644958052
74615833875566001,Kauno m.,28,240,1,11.0,1920.0,ambiguous,173,3176,440002584574,12.29224999792967,0.11107370952611895
75369352931259806,Šilainių sen.,24,140,9,778.0,1988.0,ambiguous,64,78,199880112018,784.6099315731288,0.008460167652467376
64915916549578581,Kauno m.,20,110,2,83.0,2023.0,ambiguous,6587,8034,199470048010,83.00050000228266,6.024105742241659e-06
65258408318132982,Šilainių sen.,20,110,2,211.0,2016.0,ambiguous,5221,8034,440000478188,211.0198801349163,9.421421059396806e-05
75612045520062635,Petrašiūnų sen.,20,140,2,277.0,1959.0,ambiguous,571,821,199310049019,277.98832608368343,0.0035616141168528515
75648076898193056,Petrašiūnų sen.,20,110,1,144.44,1938.0,ambiguous,14125,15727,199270110019,144.42070001225753,0.00013362833899144277
75679586846009589,Panemunės sen.,20,140,1,163.0,1929.0,ambiguous,739,790,199000080013,163.02227558760313,0.00013665070951152103
75029765867936749,Kauno m.,22,224,1,503.0,1917.0,ambiguous,320,729,199550385116,502.970699984234,5.825222498945237e-05
74836655357074788,Kauno m.,28,240,1,7.65,1988.0,ambiguous,51,3176,440002584574,12.29224999792967,0.4742633344860452
75672021395847375,Vilijampolės sen.,20,110,1,62.0,1931.0,ambiguous,9828,15727,199610119014,61.988949999944495,0.00017824169145352897
64900972647776028,Vilijampolės sen.,24,210,3,333.0,2018.0,ambiguous,14,21,199000164016,343.9008696259031,0.03221095617194791
75682753158466246,Aleksoto sen.,20,120,1,185.0,1928.0,ambiguous,1139,1391,199300755011,185.13416785615829,0.0007249688015118494
75568315975444528,Šilainių sen.,20,140,3,238.0,1965.0,ambiguous,163,210,440051851880,237.9043937469428,0.0004017876514676999
75224647767077893,Panemunės sen.,20,110,1,106.0,1959.0,ambiguous,14566,15727,199150044010,105.99840000594352,1.5094397471493437e-05
74295873998585352,Kauno m.,28,240,1,32.0,1982.0,ambiguous,1227,3176,199490033024,32.05080792518123,0.0015864885232148573
75654576572599636,Eigulių sen.,20,110,2,243.0,2005.0,ambiguous,4310,8034,529950057019,242.87070000678133,0.0005322403522960428
75681177489322932,Panemunės sen.,20,110,1,86.0,1928.0,ambiguous,13399,15727,199580627010,85.99942678707804,6.665288746710019e-06
75681656083575924,Kauno m.,22,224,1,178.0,1989.0,ambiguous,175,729,199170083126,178.30920000488794,0.0017355717028824102
64845322736090477,Kauno m.,20,110,1,247.0,2023.0,ambiguous,7944,15727,190020523010,247.0120000075661,4.858184646572283e-05
74414524988440894,Kauno m.,28,240,1,34.0,1960.0,ambiguous,1314,3176,199350050047,33.81439999509547,0.005473777496629584
64816090036381821,Kauno m.,20,120,2,192.0,2023.0,ambiguous,1762,2464,199700286013,192.03086528466676,0.0001607437710005044
95923758618902566,Panemunės sen.,20,110,2,276.0,2003.0,ambiguous,3404,8034,440007837038,275.9521727797928,0.00017330204566778917
74559933016692517,Kauno m.,28,240,1,22.62,1953.0,ambiguous,767,3176,199890077057,22.698500003089197,0.0034643724569924927
75183560203558861,Panemunės sen.,20,110,2,96.0,1978.0,ambiguous,7040,8034,199920219014,96.00367609777749,3.8291952035862664e-05
74449149773653592,Kauno m.,28,240,1,24.0,1977.0,ambiguous,830,3176,199480080075,23.88897094517182,0.00463694464823261
833219385607053,Šilainių sen.,20,110,2,160.0,2005.0,ambiguous,6588,8034,199680068013,159.99995634165998,2.7286466242060214e-07
74258486019834521,Kauno m.,28,240,1,60.0,1989.0,ambiguous,2030,3176,199600273032,60.00888042184316,0.00014799607876003762
74547340010546331,Kauno m.,28,240,1,24.0,1957.0,ambiguous,830,3176,199480080075,23.88897094517182,0.00463694464823261
75667619137688324,Šančių sen.,20,110,1,116.0,1932.0,ambiguous,14697,15727,529700106016,116.00220000441391,1.8965375448765087e-05
74491760059542195,Žaliakalnio sen.,28,240,1,95.0,1962.0,ambiguous,2175,3176,440000702750,95.00779999004938,8.210178797085632e-05
75653704787583431,Panemunės sen.,22,228,2,360.0,1974.0,ambiguous,39,66,199970028012,360.21990001169723,0.0006106468830608947
75190806180320688,Šilainių sen.,20,110,2,106.0,1975.0,ambiguous,7099,8034,199540129020,106.01139999927152,0.00010754138015744985
74176998366571087,Kauno m.,22,222,1,165.0,1968.0,ambiguous,197,917,190020488012,165.20360000328495,0.0012331787362986901
74961782495405679,Kauno m.,28,240,2,62.0,1934.0,ambiguous,77,123,440040544778,61.939919023259854,0.000969517842512424
65163673167513619,Šilainių sen.,20,140,2,409.0,2016.0,ambiguous,258,821,199500022015,410.7534000073731,0.004277878399349788
74569154426248049,Dainavos sen.,28,240,1,87.0,1995.0,ambiguous,2216,3176,440045924185,86.9808632485175,0.00021998685605240098
74412890250613067,Kauno m.,28,240,1,99.0,1995.0,ambiguous,2149,3176,199970132020,98.9620585583646,0.00038332034306254315
75587722518822661,Žaliakalnio sen.,20,110,2,115.0,1963.0,ambiguous,7080,8034,199610091011,115.00420362091396,3.6552557285851606e-05
6484999987474134,Kauno m.,20,110,1,235.0,2022.0,ambiguous,8612,15727,199900285012,234.99939999076017,2.5532340668377174e-06
83562649553866997,Šilainių sen.,20,110,1,209.0,2009.0,ambiguous,10213,15727,529950129010,208.9862308376045,6.58833300457573e-05
74961941465515103,Centro sen.,20,110,1,120.0,1935.0,ambiguous,14696,15727,199640129013,119.99945000377316,4.583312393613426e-06
74360135715495587,Kauno m.,28,240,1,13.0,1977.0,ambiguous,262,3176,199180028031,12.808198848106617,0.01486385658262579
74965369520214223,Kauno m.,28,240,1,66.0,1993.0,ambiguous,2129,3176,440021397048,65.99959813249541,6.088920121882779e-06
64820833725981242,Kauno m.,20,110,1,259.0,2024.0,ambiguous,7331,15727,440012406936,259.0232313971999,8.969249179369143e-05
64735388885292802,Kauno m.,20,110,2,146.0,2023.0,ambiguous,6800,8034,529770257011,145.99224999109376,5.308366169476386e-05
74473576015344364,Kauno m.,28,240,1,18.0,1963.0,ambiguous,504,3176,199620475038,18.02892226261338,0.0016055028576857922
75398856450819438,Eigulių sen.,20,140,9,785.0,1984.0,ambiguous,262,303,199870036010,785.2481534808021,0.0003160691287149575
74410270457250696,Kauno m.,28,240,1,27.0,1990.0,ambiguous,995,3176,199300179020,26.94290380843917,0.00211691284124349
74442478783347699,Kauno m.,28,240,1,43.0,1971.0,ambiguous,1597,3176,440028001572,43.06414195874233,0.0014905620194025637
75456642855718473,Eigulių sen.,22,222,1,116.0,1976.0,ambiguous,281,917,199710198013,116.03745000544582,0.0003227927713407297
74251376436398717,Kauno m.,28,240,1,16.0,1984.0,ambiguous,406,3176,440052806336,16.03196284859298,0.001995685331706021
75514969446665636,Žaliakalnio sen.,20,110,2,202.0,1970.0,ambiguous,5472,8034,199680303013,202.0021499863904,1.0643440340629695e-05
6514717051060348,Kauno m.,20,110,1,86.0,2021.0,ambiguous,13399,15727,199580627010,85.99942678707804,6.665288746710019e-06
75695878893577151,Kauno m.,22,236,3,1345.0,1917.0,ambiguous,4,5,199170065014,1492.6694999404224,0.10417211458176112
75579280044353256,Aleksoto sen.,20,110,1,86.0,1964.0,ambiguous,13399,15727,199580627010,85.99942678707804,6.665288746710019e-06
74464208568680815,Kauno m.,28,240,1,8.0,1990.0,ambiguous,68,3176,440002584574,12.29224999792967,0.42952744064465387
64816857436925016,Kauno m.,20,110,1,191.0,2021.0,ambiguous,11373,15727,440008010738,191.00842882030355,4.4128975535961956e-05
74456345439707153,Kauno m.,28,240,1,26.0,1936.0,ambiguous,946,3176,440053170297,26.02109562525104,0.0008110412190998062
74823661870673006,Kauno m.,28,240,1,13.0,1959.0,ambiguous,262,3176,199180028031,12.808198848106617,0.01486385658262579
74308569946140213,Kauno m.,28,240,0,102.0,1993.0,ambiguous,9,14,199320249036,92.0203086720965,0.10296351416030802
74163068414335051,Vilijampolės sen.,20,110,1,255.0,2008.0,ambiguous,7538,15727,199980031010,254.97735000117086,8.882746986227374e-05
74257224567811253,Kauno m.,28,240,1,10.0,1958.0,ambiguous,130,3176,440002584574,12.29224999792967,0.20638388933044371
74958072579989973,Žaliakalnio sen.,28,240,1,40.0,1970.0,ambiguous,1517,3176,529740369028,40.01455516398078,0.00036381291157594475
65239535521205178,Panemunės sen.,20,110,2,139.0,2018.0,ambiguous,6900,8034,529880174014,138.98596965177845,0.00010094285154771399
7492463853630002,Panemunės sen.,20,110,1,106.0,1930.0,ambiguous,14566,15727,199150044010,105.99840000594352,1.5094397471493437e-05
7489277083826669,Kauno m.,28,240,1,22.0,1974.0,ambiguous,739,3176,199270002032,22.042988585359026,0.0019521199805661027
7561240736353389,Kauno m.,22,210,3,207.0,1967.0,ambiguous,51,151,199300514016,210.836501472602,0.018364165302815927
75616210999437369,Petrašiūnų sen.,20,110,1,127.0,1958.0,ambiguous,14624,15727,199580537011,127.00350000830926,2.7558740799626946e-05
75494132949526366,Vilijampolės sen.,20,120,2,149.0,1972.0,ambiguous,2125,2464,440057405595,148.78136754647554,0.0014684094885515364
75461699365144005,Žaliakalnio sen.,22,220,1,86.0,1976.0,ambiguous,321,1208,199140008097,86.18524956419766,0.002151748028850875
75335562482458499,Aleksoto sen.,20,150,2,328.0,1995.0,ambiguous,8,14,199950001019,341.59501962327914,0.04061227386684241
75004182927027097,Kauno m.,28,240,1,26.85,1973.0,ambiguous,987,3176,199510135036,26.87930000417568,0.0010906528496676948
65149396691538436,Petrašiūnų sen.,20,110,1,103.0,2019.0,ambiguous,14459,15727,199700088017,103.00047223231456,4.5847692424771935e-06
74598568245411459,Vilijampolės sen.,20,110,2,195.0,2008.0,ambiguous,5646,8034,199290178017,195.0390712483465,0.00020034530567514253
74191535215779203,Dainavos sen.,22,222,1,53.0,1970.0,ambiguous,329,917,440061469078,53.01529300159688,0.00028850557820403466
75695248310088892,Centro sen.,20,120,1,113.0,1919.0,ambiguous,1327,1391,199290006030,113.06824670696028,0.0006037708526305252
75360750311927016,Panemunės sen.,20,110,1,164.0,1989.0,ambiguous,13078,15727,199930037015,164.00184998778218,1.128034968189695e-05
75359457946823402,Žaliakalnio sen.,20,110,1,180.0,2006.0,ambiguous,12100,15727,440058666867,179.99983728576524,9.0396837926221e-07
64749048823521435,Kauno m.,22,296,1,24.0,1985.0,ambiguous,100,352,440014702311,24.03800000180304,0.0015820812576592402
7429463986760021,Kauno m.,28,240,1,26.0,1930.0,ambiguous,946,3176,440053170297,26.02109562525104,0.0008110412190998062
74163723629355291,Žaliakalnio sen.,22,222,1,34.0,1968.0,ambiguous,260,917,190020194011,34.07037600497461,0.002067743243968856
74283743499708843,Kauno m.,28,240,1,44.0,1932.0,ambiguous,1647,3176,440023080940,43.90603878903235,0.0021377654606191676
64884617469800912,Kauno m.,20,120,2,68.0,2020.0,ambiguous,1945,2464,440057108235,67.68450311433108,0.004650456714286655
74446925652950621,Kauno m.,28,240,1,64.0,1964.0,ambiguous,2088,3176,199780088020,64.0053500023732,8.359029331561629e-05
74142716702374614,Kauno m.,22,212,2,6795.0,2002.0,ambiguous,14,156,190010037014,7384.649948008319,0.08321646685169881
75622550618047027,Aleksoto sen.,20,110,1,58.0,1956.0,ambiguous,9042,15727,199580474010,57.948449999510494,0.0008891883226764818
74444488272212991,Kauno m.,28,240,1,32.0,1970.0,ambiguous,1227,3176,199490033024,32.05080792518123,0.0015864885232148573
75608604341577859,Gričiupio sen.,20,110,1,116.0,1959.0,ambiguous,14697,15727,529700106016,116.00220000441391,1.8965375448765087e-05
74102890112475811,Kauno m.,28,240,1,15.0,1999.0,ambiguous,354,3176,440023993764,14.810749998136423,0.01269693277208983
64921896762572845,Žaliakalnio sen.,20,120,2,92.0,2019.0,ambiguous,2266,2464,199080054054,91.97134524014098,0.0003115132963058542
64953651507084112,Panemunės sen.,22,212,1,1145.0,2016.0,ambiguous,137,437,440043486737,1126.1815639877384,0.0165718734068232
8040930379896491,Aleksoto sen.,20,110,1,170.0,2010.0,ambiguous,12707,15727,440009323886,170.0095670885646,5.627540806596443e-05
74288081361278513,Kauno m.,28,240,1,12.0,1986.0,ambiguous,208,3176,440002584574,12.29224999792967,0.02406233253648926
75687656980846812,Vilijampolės sen.,20,110,2,129.0,1925.0,ambiguous,7010,8034,440020237236,129.0203320567398,0.00015760042334544977
75645411847321015,Vilijampolės sen.,20,110,1,64.28,1939.0,ambiguous,10284,15727,199730015010,64.28869999371581,0.00013533610792482165
75634864442333236,Žaliakalnio sen.,20,110,1,112.0,1950.0,ambiguous,14668,15727,440056781158,111.99769891734616,2.0545591897125348e-05
65314507064455837,Kauno m.,28,240,1,44.0,2007.0,ambiguous,1647,3176,440023080940,43.90603878903235,0.0021377654606191676
74482836281726306,Kauno m.,28,240,1,13.0,1935.0,ambiguous,262,3176,199180028031,12.808198848106617,0.01486385658262579
75022164785550169,Kauno m.,28,240,1,26.0,1980.0,ambiguous,946,3176,440053170297,26.02109562525104,0.0008110412190998062
8509424597286025,Šilainių sen.,20,110,1,176.0,2010.0,ambiguous,12357,15727,440056740731,175.9801543347779,0.00011276581931518592
7430788527250462,Kauno m.,28,240,1,29.0,1966.0,ambiguous,1106,3176,440061094300,29.048890156438162,0.0016844479839783766
7480664511827452,Kauno m.,28,240,1,16.0,1939.0,ambiguous,406,3176,440052806336,16.03196284859298,0.001995685331706021
74956976301757725,Kauno m.,28,240,1,26.0,1974.0,ambiguous,946,3176,440053170297,26.02109562525104,0.0008110412190998062
7427319933586303,Kauno m.,28,240,1,22.0,1968.0,ambiguous,739,3176,199270002032,22.042988585359026,0.0019521199805661027
74618919100662318,Kauno m.,22,220,1,19.0,1963.0,ambiguous,210,1208,199720361017,18.986193523152647,0.0007269208191074128
74933261173088461,Kauno m.,28,240,1,22.47,1957.0,ambiguous,764,3176,190020354028,22.465099999148027,0.00021809235415037875
74335286048662089,Kauno m.,28,240,1,13.0,1992.0,ambiguous,262,3176,199180028031,12.808198848106617,0.01486385658262579
74962281503765812,Kauno m.,28,240,1,114.0,1953.0,ambiguous,2093,3176,440061637363,113.90703506632809,0.0008158145605374756
75542446842023311,Aleksoto sen.,20,110,2,85.0,1968.0,ambiguous,6673,8034,190020920011,84.97022799308391,0.00035032025987291604
75619793182684525,Šilainių sen.,20,110,1,76.0,1957.0,ambiguous,12242,15727,199800215012,76.00019999650326,2.6315294752166096e-06
74503512957699969,Kauno m.,28,240,1,11.0,1927.0,ambiguous,173,3176,440002584574,12.29224999792967,0.11107370952611895
64854578013515143,Kauno m.,22,220,1,24.0,1971.0,ambiguous,237,1208,199670075013,24.108122250929767,0.004494976229372671
75615043058947187,Vilijampolės sen.,20,110,2,115.0,1958.0,ambiguous,7080,8034,199610091011,115.00420362091396,3.6552557285851606e-05
65144496956446266,Šilainių sen.,20,120,2,122.0,2013.0,ambiguous,2229,2464,440005987315,122.00070054993178,5.742196068858618e-06
7470232988160723,Kauno m.,28,240,1,6.0,1968.0,ambiguous,15,3176,440002584574,12.29224999792967,0.7172095130964347
75627040110625182,Šančių sen.,20,140,1,185.0,1955.0,ambiguous,721,790,199360290017,185.08114999831878,0.00043855246137169956
74428980596240771,Kauno m.,28,240,1,25.0,1936.0,ambiguous,903,3176,440050743778,24.990042994721314,0.00039835954577638333
64904068446157495,Kauno m.,28,240,1,77.0,2023.0,ambiguous,2201,3176,199630098056,77.01882977820846,0.0002445126784742513
75653396230887557,Aleksoto sen.,20,120,1,134.0,1937.0,ambiguous,1320,1391,199620539015,134.18350000839308,0.001368466270475821
75603792054434085,Panemunės sen.,20,140,3,242.0,1959.0,ambiguous,163,210,199300358010,242.3677227884657,0.0015183623590564466
75560733094814161,Žaliakalnio sen.,24,140,4,579.0,1966.0,ambiguous,105,165,199600058013,579.0200666554642,3.4656835479651704e-05
75684642605835711,Dainavos sen.,20,110,1,138.0,1927.0,ambiguous,14378,15727,199360253012,138.01327942241227,9.62230690513266e-05
74439114630010655,Kauno m.,28,240,1,28.0,1975.0,ambiguous,1054,3176,440040127631,28.04340274881733,0.001548898009962052
65311063558254681,Kauno m.,28,240,1,36.0,2007.0,ambiguous,1405,3176,440050713967,36.03845984236268,0.001067758697253396
74308163706389568,Petrašiūnų sen.,28,240,1,30.0,1984.0,ambiguous,1147,3176,440053929710,29.989079681954312,0.00036407686946393625
74895230592565476,Kauno m.,28,240,1,7.5,1982.0,ambiguous,50,3176,440002584574,12.29224999792967,0.49406596178222495
93300305512426948,Kauno m.,28,240,0,45.0,1971.0,confident,3,14,440005080175,57.31299999361206,0.2418649841971794
65096022317256211,Šilainių sen.,20,120,2,165.0,2013.0,ambiguous,2032,2464,440043891150,165.04428555359678,0.0002683612824156967
74604154309330886,Žaliakalnio sen.,20,110,1,134.0,1980.0,ambiguous,14489,15727,198850029016,133.99796999718876,1.5149389462010276e-05
75624062806536121,Vilijampolės sen.,20,110,1,143.0,1956.0,ambiguous,14192,15727,199400255016,143.00616192167755,4.3089433019005696e-05
75644788172166494,Dainavos sen.,20,110,1,51.0,1939.0,ambiguous,7451,15727,199320271025,51.041322624919495,0.0008099194740989191
75666917644491391,Kauno m.,22,220,1,35.0,1932.0,ambiguous,263,1208,199930394012,34.967090516136636,0.0009407132995669087
75027238216806291,Kauno m.,28,240,1,22.0,1981.0,ambiguous,739,3176,199270002032,22.042988585359026,0.0019521199805661027
65127756599218725,Kauno m.,28,240,2,39.0,2012.0,ambiguous,41,123,440059419380,38.74103051582802,0.006662387683011861
85959729863931647,Kauno m.,28,240,0,53.0,2004.0,confident,6,14,440005080175,57.31299999361206,0.07823556041537705
75528677461883242,Žaliakalnio sen.,20,120,1,151.0,1969.0,ambiguous,1283,1391,199410025019,151.03924999545606,0.000259899967819166
75622233939156958,Petrašiūnų sen.,20,110,1,95.0,1956.0,ambiguous,14097,15727,198900070014,94.99601494935494,4.194878136498659e-05
74462885231675907,Kauno m.,28,240,0,14.0,1969.0,ambiguous,2,14,440037465764,19.353600001105665,0.32382111912478395
6493329380274182,Šilainių sen.,28,240,1,41.0,2010.0,ambiguous,1541,3176,199390440029,41.00460000060461,0.00011218884329400325
64961918661795487,Vilijampolės sen.,20,120,2,90.0,2023.0,ambiguous,2255,2464,440057705227,90.00005543014159,6.158902721153936e-07
75688879869955608,Šančių sen.,20,110,1,104.0,1925.0,ambiguous,14493,15727,440055786560,103.99919881171498,7.70376318381949e-06
64862756991412876,Kauno m.,20,110,1,124.0,2023.0,ambiguous,14654,15727,199500093010,123.99972570268179,2.2120775939882265e-06
74799413930094483,Kauno m.,28,240,1,10.54,1989.0,ambiguous,154,3176,440002584574,12.29224999792967,0.15379143921127358
75633988721617876,Vilijampolės sen.,24,140,2,353.0,1950.0,ambiguous,275,430,198980011015,350.63056265187356,0.0067349158214025096
74573247941714452,Kauno m.,28,240,1,77.0,1992.0,ambiguous,2201,3176,199630098056,77.01882977820846,0.0002445126784742513
75537716218230314,Dainavos sen.,22,212,1,65.0,1968.0,ambiguous,117,437,440014987225,65.75934100067687,0.011614459522829357
74449771939415044,Kauno m.,28,240,1,15.0,1963.0,ambiguous,354,3176,440023993764,14.810749998136423,0.01269693277208983
64959415090957123,Petrašiūnų sen.,22,224,1,1857.0,2016.0,ambiguous,267,729,440060342350,1866.658826596675,0.0051878266561091735
74483913571283603,Kauno m.,28,240,1,9.0,1966.0,ambiguous,98,3176,440002584574,12.29224999792967,0.31174440498827005
75629300577182437,Žaliakalnio sen.,20,110,1,95.0,1954.0,ambiguous,14097,15727,198900070014,94.99601494935494,4.194878136498659e-05
74601853437852111,Kauno m.,28,240,1,39.0,1930.0,ambiguous,1497,3176,199830130015,38.97799999525118,0.0005642618516472631
6490526144657377,Šilainių sen.,20,110,1,107.0,2019.0,ambiguous,14591,15727,199670019013,106.99252679106144,6.984551333300004e-05
74257718546509005,Kauno m.,28,240,1,35.0,1989.0,ambiguous,1368,3176,199730192028,35.120799997296,0.003445485984352459
7420396999119562,Panemunės sen.,20,110,1,176.0,2001.0,ambiguous,12357,15727,440056740731,175.9801543347779,0.00011276581931518592
64732415175846589,Kauno m.,20,110,1,169.0,2023.0,ambiguous,12766,15727,199930001018,168.9953999954,2.7219332572769872e-05
65158681973452856,Panemunės sen.,20,110,1,185.0,2014.0,ambiguous,11768,15727,199250369012,185.0027499973299,1.4864739951825356e-05
75586169087895935,Vilijampolės sen.,20,140,5,816.0,1963.0,ambiguous,794,847,199680115013,815.4666000156865,0.0006538901909651784
8010183470679326,Eigulių sen.,22,212,1,983.0,2006.0,ambiguous,139,437,440014691108,999.7769147104474,0.016923048658193274
7549768524562557,Gričiupio sen.,22,210,2,819.0,1972.0,ambiguous,121,274,199480055061,810.3281380427857,0.01064480952616087
74123135148871477,Panemunės sen.,20,110,1,120.0,2002.0,ambiguous,14696,15727,199640129013,119.99945000377316,4.583312393613426e-06
75696317498675322,Šančių sen.,22,220,1,530.0,1960.0,ambiguous,512,1208,199700278011,530.2199805112208,0.00041497145577551464
82325964916343641,Aleksoto sen.,20,110,1,211.0,2006.0,ambiguous,10071,15727,529610178019,211.02382718985064,0.00011291869482654704
7447902917270352,Kauno m.,28,240,1,24.0,1954.0,ambiguous,830,3176,199480080075,23.88897094517182,0.00463694464823261
64739869210975229,Kauno m.,28,240,1,23.0,2023.0,ambiguous,785,3176,440050269433,23.024728073147582,0.0010745560728868675
65227501348259942,Centro sen.,22,292,2,433.0,2011.0,ambiguous,89,190,440057016210,430.0094447237,0.006930555082376166
64861288862944094,Kauno m.,20,120,2,158.0,2021.0,ambiguous,2083,2464,199700110016,157.86582544979416,0.0008495667936534446
74555896073169939,Kauno m.,28,240,1,64.0,1996.0,ambiguous,2088,3176,199780088020,64.0053500023732,8.359029331561629e-05
75644541805393345,Vilijampolės sen.,20,110,1,91.0,1939.0,ambiguous,13843,15727,529580353015,90.9991747341689,9.068896408948035e-06
75616287512495786,Eigulių sen.,24,140,1,146.0,1958.0,ambiguous,161,175,199170002029,145.9058146334727,0.0006453134201116484
75707673540301904,Žaliakalnio sen.,20,110,1,96.0,1890.0,ambiguous,14161,15727,199420002017,96.00074999316782,7.812398314932523e-06
64937271011060602,Petrašiūnų sen.,20,120,2,141.0,2016.0,ambiguous,2170,2464,440022239096,140.98748081535834,8.879248549398255e-05
74820654721781926,Kauno m.,28,240,1,31.0,1998.0,ambiguous,1191,3176,199320440073,30.96873296372617,0.0010091230668045625
74304979925397641,Kauno m.,28,240,1,29.0,1956.0,ambiguous,1106,3176,440061094300,29.048890156438162,0.0016844479839783766
75446249308157964,Eigulių sen.,22,212,2,2221.0,2009.0,ambiguous,36,156,199890056012,2229.719895084002,0.003918425084794563
80308560844758528,Eigulių sen.,20,120,2,161.0,2007.0,ambiguous,2065,2464,199400247014,161.00136009695603,8.447771497444023e-06
7562868932280295,Aleksoto sen.,20,110,1,86.0,1954.0,ambiguous,13399,15727,199580627010,85.99942678707804,6.665288746710019e-06
74236431448504753,Kauno m.,28,240,1,20.0,1992.0,ambiguous,617,3176,440027549862,20.046249997112902,0.002309830142869007
75640847893942251,Vilijampolės sen.,20,140,1,221.0,1940.0,ambiguous,659,790,199370306011,220.85149653675185,0.0006721872393944395
64878731539336446,Kauno m.,22,212,2,316.0,2021.0,ambiguous,84,156,440052061897,317.73776611493304,0.005484194136199605
74442728445327441,Kauno m.,28,240,1,17.0,1989.0,ambiguous,444,3176,199100169028,16.981026597074084,0.0011167058089558424
75595053316713026,Šančių sen.,20,140,4,460.0,1962.0,ambiguous,133,149,199620051016,460.38680001327003,0.0008405162612854511
65258234727625847,Šilainių sen.,20,110,2,238.0,2012.0,ambiguous,4460,8034,440006424240,238.01655268394518,6.954667377989665e-05
74305570753617128,Kauno m.,28,240,1,8.0,1931.0,ambiguous,68,3176,440002584574,12.29224999792967,0.42952744064465387
64929444578520457,Šilainių sen.,20,120,2,84.0,2018.0,ambiguous,2206,2464,440047788361,83.97363765385903,0.0003138867113392507
74548900110466054,Kauno m.,28,240,1,21.22,1935.0,ambiguous,694,3176,440021631807,21.195055998147797,0.0011761863395367556
75585951193637466,Šančių sen.,20,110,1,149.0,1935.0,ambiguous,13920,15727,198950022017,148.9966473556467,2.2501221964787987e-05
64791628666139592,Kauno m.,20,110,1,134.0,1967.0,ambiguous,14489,15727,198850029016,133.99796999718876,1.5149389462010276e-05
74454772116586104,Kauno m.,28,240,1,18.0,1974.0,ambiguous,504,3176,199620475038,18.02892226261338,0.0016055028576857922
74568630614356798,Kauno m.,28,240,1,5.0,1920.0,ambiguous,3,3176,440002584574,12.29224999792967,0.8995310698903893
64763200474264135,Kauno m.,24,140,6,415.0,2024.0,ambiguous,21,25,440056327816,419.1340193705059,0.009912203848175594
74405392237370666,Šančių sen.,28,240,1,85.0,2012.0,ambiguous,2219,3176,199680324047,84.92390785246621,0.0008956026680602136
74622499735688158,Kauno m.,28,240,1,16.0,1963.0,ambiguous,406,3176,440052806336,16.03196284859298,0.001995685331706021
75620107140092582,Petrašiūnų sen.,20,140,2,497.0,1957.0,ambiguous,147,821,199070008052,495.5209999834616,0.0029802918251338184
75684588240985728,Žaliakalnio sen.,20,140,1,159.0,1927.0,ambiguous,743,790,198900078014,158.95269563756386,0.00029755597882452633
74512374510622884,Kauno m.,28,240,1,13.0,1992.0,ambiguous,262,3176,199180028031,12.808198848106617,0.01486385658262579
74936043933099133,Kauno m.,28,240,1,21.96,1963.0,ambiguous,738,3176,440039392733,21.92352032278826,0.0016625687887530383
64746645037036268,Kauno m.,28,240,1,10.0,2023.0,ambiguous,130,3176,440002584574,12.29224999792967,0.20638388933044371
74828612538773029,Kauno m.,28,240,1,15.0,1986.0,ambiguous,354,3176,440023993764,14.810749998136423,0.01269693277208983
75649094031750713,Vilijampolės sen.,20,110,1,86.0,1969.0,ambiguous,13399,15727,199580627010,85.99942678707804,6.665288746710019e-06
64901958007676092,Šilainių sen.,28,240,1,50.0,2018.0,ambiguous,1809,3176,440025282048,50.01779811025121,0.00035589886550901895
75151280345257226,Šilainių sen.,20,110,1,137.0,1993.0,ambiguous,14410,15727,529590164011,136.99158897017685,6.139626298296008e-05
74889362901076839,Kauno m.,28,240,1,38.0,1924.0,ambiguous,1466,3176,440021225961,38.020943912511775,0.0005510037619571584
74526040523253706,Kauno m.,28,240,0,13.0,1977.0,ambiguous,2,14,440037465764,19.353600001105665,0.3979290912785056
74295020148630944,Kauno m.,28,240,1,24.0,1936.0,ambiguous,830,3176,199480080075,23.88897094517182,0.00463694464823261
65209001290589846,Kauno m.,28,240,1,45.0,2008.0,ambiguous,1679,3176,199590211020,45.00037570002737,8.34885464540136e-06
75505315882599996,Žaliakalnio sen.,20,120,2,114.0,1971.0,ambiguous,2254,2464,440049463009,113.97931279536472,0.0001814831744022527
75712077997783095,Centro sen.,20,110,1,198.0,1878.0,ambiguous,10922,15727,440054553850,198.00008277837662,4.1807252149084206e-07
75008999636343901,Kauno m.,28,240,1,16.0,1973.0,ambiguous,406,3176,440052806336,16.03196284859298,0.001995685331706021
75647565848189782,Žaliakalnio sen.,22,220,1,40.0,1964.0,ambiguous,235,1208,199760135033,39.97705954420459,0.0005736759154513216
7414430786722985,Kauno m.,28,240,1,15.0,2002.0,ambiguous,354,3176,440023993764,14.810749998136423,0.01269693277208983
74600148420322171,Kauno m.,28,240,1,14.0,1958.0,ambiguous,297,3176,190021051033,14.002474562702611,0.00017673885952573798
75649235318173108,Vilijampolės sen.,20,120,1,122.0,1938.0,ambiguous,1330,1391,199540022011,122.0264000050597,0.00021637007440311606
74307591600944176,Panemunės sen.,28,240,1,44.0,1981.0,ambiguous,1647,3176,440023080940,43.90603878903235,0.0021377654606191676
6523033039458323,Šilainių sen.,20,110,1,209.0,2017.0,ambiguous,10213,15727,529950129010,208.9862308376045,6.58833300457573e-05
74728908484188672,Kauno m.,28,240,1,80.0,1995.0,ambiguous,2211,3176,199460002024,80.02856529460927,0.0003570024496575286
74450679748918586,Kauno m.,28,240,1,28.0,1983.0,ambiguous,1054,3176,440040127631,28.04340274881733,0.001548898009962052
74739517476846401,Kauno m.,28,240,1,14.0,1990.0,ambiguous,297,3176,190021051033,14.002474562702611,0.00017673885952573798
75526923878054694,Dainavos sen.,20,140,5,671.0,1970.0,ambiguous,810,847,199710259018,671.1046000335641,0.00015587463715327488
74238315817938133,Kauno m.,28,240,1,18.0,1973.0,ambiguous,504,3176,199620475038,18.02892226261338,0.0016055028576857922
75639645450718135,Vilijampolės sen.,20,110,2,132.0,1941.0,ambiguous,6983,8034,440056140480,131.99690565449498,2.3442286170016757e-05
74429137384763075,Kauno m.,28,240,1,22.0,1991.0,ambiguous,739,3176,199270002032,22.042988585359026,0.0019521199805661027
74390785784082425,Kauno m.,28,240,1,18.0,1989.0,ambiguous,504,3176,199620475038,18.02892226261338,0.0016055028576857922
75634034808004763,Vilijampolės sen.,20,120,2,74.0,1950.0,ambiguous,2063,2464,440050453022,73.96090860754512,0.0005284016397624214
74439503578223126,Kauno m.,28,240,1,27.0,1985.0,ambiguous,995,3176,199300179020,26.94290380843917,0.00211691284124349
74143712491202038,Kauno m.,28,240,1,9.0,1996.0,ambiguous,98,3176,440002584574,12.29224999792967,0.31174440498827005
64883339096891923,Kauno m.,20,110,2,219.0,2018.0,ambiguous,4969,8034,440008881585,218.98433374921288,7.153795050029998e-05
75604242275888883,Žaliakalnio sen.,20,110,2,111.0,1960.0,ambiguous,7084,8034,440045860020,110.9986315838343,1.2328149556317669e-05
74401613889406679,Kauno m.,28,240,1,19.0,1974.0,ambiguous,555,3176,440041270455,19.060278235022437,0.003167516803143755
75612764138641153,Gričiupio sen.,24,140,3,390.0,1995.0,ambiguous,267,370,199580050013,390.47760000633315,0.00122386617103043
65239614410889255,Panemunės sen.,20,110,2,137.0,2016.0,ambiguous,6924,8034,440009596010,137.00139999154155,1.021886414864781e-05
65173226343723578,Aleksoto sen.,28,240,2,72.0,2019.0,ambiguous,84,123,199700114038,71.33578175755545,0.009268069547309743
75001930207387338,Šilainių sen.,20,110,1,74.0,1960.0,ambiguous,11934,15727,440046562923,74.01053055717641,0.00014229470233662056
75228356197377472,Šilainių sen.,20,110,1,81.0,1957.0,ambiguous,12898,15727,199330201011,81.0056999902783,7.036777447932963e-05
65146380872939877,Panemunės sen.,20,110,1,131.0,2016.0,ambiguous,14554,15727,199280143015,131.00289999656417,2.2137133324662273e-05
64754461986304468,Kauno m.,20,120,2,109.0,2024.0,ambiguous,2285,2464,440042092679,108.9995183724897,4.418610773271325e-06
75009994839290384,Kauno m.,28,240,1,20.0,1996.0,ambiguous,617,3176,440027549862,20.046249997112902,0.002309830142869007
74773871228834735,Kauno m.,28,240,1,22.26,1979.0,ambiguous,752,3176,440031272890,22.261666856077916,7.487842196374217e-05
74261289277642764,Petrašiūnų sen.,20,110,1,127.0,1975.0,ambiguous,14624,15727,199580537011,127.00350000830926,2.7558740799626946e-05
74882472339502293,Kauno m.,28,240,1,41.0,1990.0,ambiguous,1541,3176,199390440029,41.00460000060461,0.00011218884329400325
74522888798814912,Kauno m.,28,240,1,40.0,1959.0,ambiguous,1517,3176,529740369028,40.01455516398078,0.00036381291157594475
74456215294106037,Kauno m.,28,240,1,26.0,1987.0,ambiguous,946,3176,440053170297,26.02109562525104,0.0008110412190998062
64720395149923227,Kauno m.,20,120,2,148.0,2025.0,ambiguous,2133,2464,440024410997,147.97269812226452,0.0001844891639404267
75339677160115123,Aleksoto sen.,20,110,3,152.0,2024.0,ambiguous,82,88,199650292018,151.66310000473223,0.002218907292267147
75700407109826437,Vilijampolės sen.,20,110,1,29.0,1936.0,ambiguous,1139,15727,199200241023,28.61740031671833,0.013280894480086847
65230322320102785,Šilainių sen.,20,120,2,257.0,2009.0,ambiguous,996,2464,199290022012,256.50940001324693,0.0019107737307546557
64821584015851211,Kauno m.,20,110,2,269.0,2022.0,ambiguous,3594,8034,440059074747,269.04337078104845,0.00016121667321922217
75709432733369095,Kauno m.,22,212,1,125.4,1969.0,ambiguous,163,437,199500067296,124.44087990597772,0.007677885268814855
74563925136556075,Kauno m.,28,240,1,81.0,1965.0,ambiguous,2223,3176,440043910712,80.97284999901112,0.0003352413845076896
74484802581295168,Kauno m.,28,240,1,22.0,1986.0,ambiguous,739,3176,199270002032,22.042988585359026,0.0019521199805661027
74555121785545256,Kauno m.,28,240,1,25.0,1966.0,ambiguous,903,3176,440050743778,24.990042994721314,0.00039835954577638333
74516697976099611,Kauno m.,28,240,1,8.0,1930.0,ambiguous,68,3176,440002584574,12.29224999792967,0.42952744064465387
75540803360406014,Dainavos sen.,20,140,5,1450.0,1968.0,ambiguous,263,847,199700296010,1449.9460999121502,3.7173165292614385e-05
75698420271584119,Centro sen.,22,296,1,35.0,1930.0,ambiguous,111,352,199670287017,34.80104905947415,0.005700529776159424
7442094476264477,Kauno m.,28,240,1,95.0,1984.0,ambiguous,2175,3176,440000702750,95.00779999004938,8.210178797085632e-05
74556839918198586,Kauno m.,28,240,1,32.0,1991.0,ambiguous,1227,3176,199490033024,32.05080792518123,0.0015864885232148573
65188933586047118,Aleksoto sen.,20,110,2,154.0,2013.0,ambiguous,6700,8034,199360230017,153.99589144642005,2.6679275239693823e-05
74462201990991503,Kauno m.,28,240,1,94.0,1991.0,ambiguous,2183,3176,529620187022,94.09969999297262,0.0010600761437995487
74430342881413758,Panemunės sen.,28,240,1,17.0,1974.0,ambiguous,444,3176,199100169028,16.981026597074084,0.0011167058089558424
75549011610423586,Žaliakalnio sen.,22,220,1,232.52,1967.0,ambiguous,543,1208,199900270030,232.35166122894952,0.0007242376442722076
74992001372344103,Kauno m.,28,240,1,24.0,1971.0,ambiguous,830,3176,199480080075,23.88897094517182,0.00463694464823261
74409419649907188,Kauno m.,28,240,1,26.0,1988.0,ambiguous,946,3176,440053170297,26.02109562525104,0.0008110412190998062
74418521595185499,Kauno m.,28,240,1,9.0,1966.0,ambiguous,98,3176,440002584574,12.29224999792967,0.31174440498827005
75336992000450367,Petrašiūnų sen.,22,224,1,613.0,1994.0,ambiguous,321,729,199500067530,611.4987600279179,0.002452008565875907
9297088864295476,Kauno m.,22,228,0,77.0,1880.0,no_match,0,1,,,
74454125598910792,Kauno m.,28,240,1,22.0,1989.0,ambiguous,739,3176,199270002032,22.042988585359026,0.0019521199805661027
75706710954088027,Centro sen.,24,140,2,547.0,1898.0,ambiguous,121,430,199000120030,550.0702215099116,0.0055971431272823224
75180370268753391,Aleksoto sen.,20,110,1,85.0,1980.0,ambiguous,13317,15727,199570078012,85.00240000739917,2.823498255555279e-05
74161346862413977,Kauno m.,22,222,1,72.0,1968.0,ambiguous,329,917,190010248014,71.95999999607913,0.0005557099882098626
74573213526755097,Kauno m.,28,240,1,5.0,1966.0,ambiguous,3,3176,440002584574,12.29224999792967,0.8995310698903893
74272478492266925,Šančių sen.,28,240,1,25.0,1957.0,ambiguous,903,3176,440050743778,24.990042994721314,0.00039835954577638333
64926162134975193,Panemunės sen.,20,110,2,171.0,2020.0,ambiguous,6295,8034,529780277012,171.00018163142425,1.0621715071934545e-06
75496624235298751,Gričiupio sen.,22,220,1,20.0,1972.0,ambiguous,219,1208,198900140012,19.97586087422769,0.0012076852469631305
75670655881976842,Žaliakalnio sen.,20,140,1,186.0,1931.0,ambiguous,721,790,199230002014,185.9096041712863,0.00048611721493596605
74283493149340921,Kauno m.,28,240,1,31.0,1981.0,ambiguous,1191,3176,199320440073,30.96873296372617,0.0010091230668045625
7502134363270492,Kauno m.,28,240,1,11.0,1975.0,ambiguous,173,3176,440002584574,12.29224999792967,0.11107370952611895
64784899359116493,Kauno m.,20,120,2,118.0,2023.0,ambiguous,2237,2464,440045723486,118.02811739295075,0.00023825460622450834
65133369272351249,Aleksoto sen.,20,110,1,220.0,2014.0,ambiguous,9508,15727,440048455923,220.00050309569298,2.2867959890149336e-06
74302748830708268,Kauno m.,28,240,1,19.0,1974.0,ambiguous,555,3176,440041270455,19.060278235022437,0.003167516803143755
75339758771582901,Petrašiūnų sen.,20,110,0,122.0,1993.0,ambiguous,84,88,199930049017,124.25513937421226,0.01831598256078326
75012244897264616,Kauno m.,28,240,1,23.0,1959.0,ambiguous,785,3176,440050269433,23.024728073147582,0.0010745560728868675
75615262343813175,Šančių sen.,20,110,2,66.0,1958.0,ambiguous,5392,8034,440026843356,65.97746263328028,0.0003415335692791288
75192734514506129,Aleksoto sen.,20,120,1,178.0,1975.0,ambiguous,1175,1391,440040493914,177.92117119346344,0.00044295655445925064
74260028912253154,Kauno m.,28,240,1,19.0,1975.0,ambiguous,555,3176,440041270455,19.060278235022437,0.003167516803143755
74581989844509131,Kauno m.,28,240,1,16.0,1988.0,ambiguous,406,3176,440052806336,16.03196284859298,0.001995685331706021
75000861061126356,Kauno m.,28,240,1,22.0,1980.0,ambiguous,739,3176,199270002032,22.042988585359026,0.0019521199805661027
75410775519584305,Šilainių sen.,22,228,1,376.0,1982.0,ambiguous,7,21,440000743944,377.45859997883775,0.0038717503548770793
74305988192701192,Kauno m.,28,240,1,29.0,1926.0,ambiguous,1106,3176,440061094300,29.048890156438162,0.0016844479839783766
75695720590801652,Šančių sen.,22,236,2,1605.0,1917.0,ambiguous,5,9,199170083019,1610.5392000258146,0.003445273193944054
74999340192340114,Kauno m.,28,240,1,46.0,1956.0,ambiguous,1698,3176,440044986196,45.96639522582524,0.0007308055423478343
83717052788881641,Centro sen.,24,210,5,281.0,2006.0,ambiguous,2,2,440005144552,307.18788391688594,0.0891048907872598
74459187902479601,Šilainių sen.,20,110,1,162.0,1991.0,ambiguous,13208,15727,440058478401,161.9998048594447,1.204572053659092e-06
75386250656084661,Dainavos sen.,22,212,2,2381.0,1986.0,ambiguous,34,156,199830150019,2311.5350760739907,0.029608728579733068
64747026135607746,Kauno m.,20,110,2,137.0,2024.0,ambiguous,6924,8034,440009596010,137.00139999154155,1.021886414864781e-05
74272393361015876,Kauno m.,28,240,1,26.0,1972.0,ambiguous,946,3176,440053170297,26.02109562525104,0.0008110412190998062
75005979671026818,Kauno m.,28,240,1,34.0,1979.0,ambiguous,1314,3176,199350050047,33.81439999509547,0.005473777496629584
75645234745738255,Aleksoto sen.,20,110,1,77.0,1971.0,ambiguous,12387,15727,199620009016,77.00259999662414,3.376561985835025e-05
75181580139220258,Šilainių sen.,20,110,1,157.0,1979.0,ambiguous,13518,15727,199300009018,156.996656093512,2.129899426073223e-05
75616973636772541,Vilijampolės sen.,20,110,1,90.0,1958.0,ambiguous,13772,15727,199510100017,90.00124999977648,1.3888789955451841e-05
64834345770975257,Kauno m.,22,224,1,150.0,1964.0,ambiguous,148,729,440046513028,148.56023839260055,0.009644772364074683
74279443993308769,Kauno m.,28,240,1,23.0,1971.0,ambiguous,785,3176,440050269433,23.024728073147582,0.0010745560728868675
74459306295673947,Kauno m.,28,240,1,15.0,1983.0,ambiguous,354,3176,440023993764,14.810749998136423,0.01269693277208983
74280658730107169,Kauno m.,28,240,1,42.0,1982.0,ambiguous,1562,3176,199100156029,42.02899999731593,0.0006902378576021384
74638504439192177,Kauno m.,28,240,1,32.0,1974.0,ambiguous,1227,3176,199490033024,32.05080792518123,0.0015864885232148573
7562692762788166,Žaliakalnio sen.,20,110,2,76.0,1955.0,ambiguous,6212,8034,199540195017,76.03100000081211,0.00040781158107972004
74984854244002752,Kauno m.,28,240,0,32.0,1961.0,ambiguous,3,14,199280332056,20.6112000027217,0.4399012852972426
74781718777131814,Kauno m.,28,240,1,30.0,1978.0,ambiguous,1147,3176,440053929710,29.989079681954312,0.00036407686946393625
75509213224702582,Dainavos sen.,20,140,5,688.0,1971.0,ambiguous,806,847,199680197011,687.852400029425,0.00021455785684310058
74979841590640472,Kauno m.,28,240,1,24.0,1945.0,ambiguous,830,3176,199480080075,23.88897094517182,0.00463694464823261
74472724872630833,Kauno m.,28,240,1,34.0,1991.0,ambiguous,1314,3176,199350050047,33.81439999509547,0.005473777496629584
74622381017167255,Kauno m.,28,240,1,25.15,1958.0,ambiguous,907,3176,199600009029,25.196699997465313,0.0018551369150694441
64936867615966815,Aleksoto sen.,20,110,2,97.0,1988.0,ambiguous,7046,8034,440021307326,97.01292719814813,0.00013326120433276856
7509414943260824,Šilainių sen.,20,110,1,169.0,1992.0,ambiguous,12766,15727,199930001018,168.9953999954,2.7219332572769872e-05
7497841865934525,Kauno m.,28,240,1,23.0,1940.0,ambiguous,785,3176,440050269433,23.024728073147582,0.0010745560728868675
64898656213272121,Šilainių sen.,20,110,3,48.0,2020.0,ambiguous,27,88,199050010038,48.66774033602911,0.01381538358820844
65073496567993633,Petrašiūnų sen.,22,222,2,483.0,1955.0,ambiguous,91,243,199200218037,481.08930337392746,0.003963738879791734
74459385226222446,Kauno m.,28,240,1,31.0,1959.0,ambiguous,1191,3176,199320440073,30.96873296372617,0.0010091230668045625
74552042098545865,Kauno m.,28,240,1,34.0,1957.0,ambiguous,1314,3176,199350050047,33.81439999509547,0.005473777496629584
74656457664302331,Kauno m.,28,240,1,43.0,1993.0,ambiguous,1597,3176,440028001572,43.06414195874233,0.0014905620194025637
75008076034763033,Kauno m.,28,240,1,65.0,1940.0,ambiguous,2110,3176,440024992929,65.02111575902447,0.0003248050762660881
74640499562863005,Kauno m.,28,240,1,9.0,1979.0,ambiguous,98,3176,440002584574,12.29224999792967,0.31174440498827005
75449004670672268,Eigulių sen.,20,140,5,573.0,1977.0,ambiguous,830,847,199770132013,573.2429500043105,0.0004239066559970084
75380502112303377,Eigulių sen.,20,140,5,933.0,1987.0,ambiguous,765,847,199870001013,935.1363000001421,0.0022870932183636228
75582889104558959,Aleksoto sen.,20,110,1,119.0,1964.0,ambiguous,14708,15727,199320415016,119.00695887890069,5.847626418464813e-05
756437104154037,Žaliakalnio sen.,20,110,2,119.0,1939.0,ambiguous,7060,8034,529720348018,118.98070198694259,0.00016218132763423654
74238481020098251,Kauno m.,28,240,1,22.0,1974.0,ambiguous,739,3176,199270002032,22.042988585359026,0.0019521199805661027
79715861764273588,Žaliakalnio sen.,20,110,1,66.0,2006.0,ambiguous,10605,15727,199230108015,65.99614999741073,5.8335074021975686e-05
74276898108013245,Kauno m.,28,240,1,48.0,1936.0,ambiguous,1753,3176,529560080028,47.99290952321471,0.00014772917777783334
75017222229150526,Žaliakalnio sen.,28,240,2,15.0,1932.0,ambiguous,3,123,440028268844,28.644961858931527,0.646927375248683
75660863994651925,Kauno m.,20,140,1,111.0,1935.0,ambiguous,697,790,198900050010,110.8015500128761,0.0017894378111140696
75662674869694357,Aleksoto sen.,20,110,1,108.0,1934.0,ambiguous,14616,15727,199000199013,107.99345000005532,6.064998680965772e-05
75700656499367469,Šančių sen.,20,140,1,201.0,2018.0,ambiguous,699,790,199370219015,200.81152017750895,0.0009381504852408185
7533432281178816,Aleksoto sen.,20,110,1,100.0,1995.0,ambiguous,14351,15727,199000258015,99.9960539979593,3.9460798974211286e-05
75003532174211074,Kauno m.,28,240,1,37.0,1978.0,ambiguous,1439,3176,440023510410,36.97549517472136,0.0006625119877079477
74472849564747409,Kauno m.,28,240,1,33.0,1990.0,ambiguous,1269,3176,440057304559,32.99742574165476,7.801087141245944e-05
75334428302506015,Šilainių sen.,20,110,2,132.0,1995.0,ambiguous,6983,8034,440056140480,131.99690565449498,2.3442286170016757e-05
75695422166010592,Panemunės sen.,20,140,1,117.0,1918.0,ambiguous,713,790,199330028016,117.45974999950826,0.003921786906034619
75712403554065263,Centro sen.,22,224,1,169.0,1870.0,ambiguous,165,729,199680319015,172.31459777607975,0.01942314804047296
7540059549263145,Žaliakalnio sen.,20,110,1,175.0,1984.0,ambiguous,12411,15727,190020604010,174.98762851645657,7.069669062964579e-05
74921700886225295,Kauno m.,28,240,1,21.32,1959.0,ambiguous,696,3176,440009029372,21.34730160725393,0.0012797439702807445
7560011309177736,Petrašiūnų sen.,20,110,1,91.0,1961.0,ambiguous,13843,15727,529580353015,90.9991747341689,9.068896408948035e-06
75660750677772323,Šančių sen.,20,110,1,124.0,1935.0,ambiguous,14654,15727,199500093010,123.99972570268179,2.2120775939882265e-06
74456733927276711,Kauno m.,28,240,1,10.0,1988.0,ambiguous,130,3176,440002584574,12.29224999792967,0.20638388933044371
75335243540662469,Aleksoto sen.,20,110,2,115.0,1995.0,ambiguous,7080,8034,199610091011,115.00420362091396,3.6552557285851606e-05
75013544549665606,Kauno m.,28,240,1,21.0,1979.0,ambiguous,683,3176,199570356022,20.99824999592453,8.333699983475995e-05
74489955591452925,Žaliakalnio sen.,28,240,1,27.0,1978.0,ambiguous,995,3176,199300179020,26.94290380843917,0.00211691284124349
74212935057399718,Kauno m.,28,240,1,30.0,2001.0,ambiguous,1147,3176,440053929710,29.989079681954312,0.00036407686946393625
65150550689236503,Panemunės sen.,28,240,1,51.0,2011.0,ambiguous,1839,3176,199910228030,51.00219564373503,4.305091123812943e-05
75692075949030005,Petrašiūnų sen.,22,222,1,459.0,1984.0,ambiguous,244,917,199600323102,460.63745002789074,0.0035610810722346287
75515044282976312,Petrašiūnų sen.,20,110,1,84.89,1970.0,ambiguous,13306,15727,199610234016,84.89285000011007,3.357229673461859e-05
65074815190291443,Šilainių sen.,20,110,2,59.0,2014.0,ambiguous,4679,8034,440056506782,59.0024852752029,4.212242136159006e-05
74329613702818653,Kauno m.,28,240,1,46.0,1990.0,ambiguous,1698,3176,440044986196,45.96639522582524,0.0007308055423478343
64906454691221971,Kauno m.,20,110,1,148.0,2019.0,ambiguous,13961,15727,199370080012,147.99605000070744,2.6689540571389614e-05
65062941743593242,Aleksoto sen.,20,110,2,151.0,1989.0,ambiguous,6732,8034,199760115019,150.9669499983482,0.00021889813957365334
74479050974984154,Kauno m.,28,240,1,35.0,1978.0,ambiguous,1368,3176,199730192028,35.120799997296,0.003445485984352459
75659803046367602,Žaliakalnio sen.,20,110,1,43.0,1935.0,ambiguous,5098,15727,199000023016,43.00850000190176,0.00019765492780932092
75650663840323359,Aleksoto sen.,20,140,2,151.0,1938.0,ambiguous,766,821,199300549013,150.56595001008566,0.0028786425631430745
75660802185097298,Eigulių sen.,20,110,1,63.0,1935.0,ambiguous,10048,15727,529600288017,62.98592702081987,0.00022340557507405379
74253696676184436,Kauno m.,28,240,1,15.0,1987.0,ambiguous,354,3176,440023993764,14.810749998136423,0.01269693277208983
75680825689750222,Centro sen.,20,140,2,121.0,1928.0,ambiguous,723,821,199400216017,120.94601799598762,0.0004462318111722041
7550589591497342,Aleksoto sen.,20,120,2,189.0,1971.0,ambiguous,1787,2464,199360023010,188.94460045713254,0.0002931622422828184
7562649817374642,Žaliakalnio sen.,20,110,1,117.79,1955.0,ambiguous,14705,15727,199360207028,117.7862115126318,3.2163581748179126e-05
7562043643564377,Kauno m.,20,110,1,41.0,1957.0,ambiguous,4486,15727,440057178110,41.02507297272803,0.0006113490083032858
75524138540873753,Aleksoto sen.,20,110,1,76.0,1970.0,ambiguous,12242,15727,199800215012,76.00019999650326,2.6315294752166096e-06
74282019783082298,Kauno m.,28,240,1,17.0,1967.0,ambiguous,444,3176,199100169028,16.981026597074084,0.0011167058089558424
7441164653445316,Kauno m.,28,240,0,29.0,1969.0,ambiguous,3,14,199280332056,20.6112000027217,0.3414612124839902
74428845370586444,Kauno m.,28,240,1,30.0,1988.0,ambiguous,1147,3176,440053929710,29.989079681954312,0.00036407686946393625
64752637252442083,Kauno m.,20,120,2,127.0,2025.0,ambiguous,2217,2464,440026843705,126.99975509755906,1.9283675358749974e-06
74491549368031096,Kauno m.,28,240,1,14.0,1971.0,ambiguous,297,3176,190021051033,14.002474562702611,0.00017673885952573798
74987664657274439,Kauno m.,28,240,1,26.0,1985.0,ambiguous,946,3176,440053170297,26.02109562525104,0.0008110412190998062
74570675649917456,Kauno m.,28,240,1,72.22,1988.0,ambiguous,2185,3176,199000239063,72.21130001114103,0.00012047234732115442
74841302259646164,Kauno m.,28,240,1,22.0,1989.0,ambiguous,739,3176,199270002032,22.042988585359026,0.0019521199805661027
6492365099510583,Šilainių sen.,20,110,1,159.0,2018.0,ambiguous,13397,15727,199360269014,158.9881999853842,7.421668239082635e-05
64801520000065768,Kauno m.,20,120,2,77.0,2023.0,ambiguous,2107,2464,440052898152,76.97555913586578,0.0003174642063541455
75353307372772141,Vilijampolės sen.,20,110,2,120.0,1990.0,ambiguous,7053,8034,199320072012,119.99791420157689,1.7381804588545435e-05
74264770355578311,Kauno m.,28,240,1,35.0,1966.0,ambiguous,1368,3176,199730192028,35.120799997296,0.003445485984352459
64901856608190492,Šilainių sen.,20,120,2,152.0,2025.0,ambiguous,2114,2464,440019388966,152.01596744693106,0.00010504347570794437
74431733039043102,Kauno m.,28,240,1,25.0,1967.0,ambiguous,903,3176,440050743778,24.990042994721314,0.00039835954577638333
7457255362070378,Kauno m.,28,240,0,12.43,1976.0,ambiguous,2,14,440037465764,19.353600001105665,0.4427655432174227
74840883132023001,Kauno m.,28,240,1,24.0,1958.0,ambiguous,830,3176,199480080075,23.88897094517182,0.00463694464823261
75505505069605086,Dainavos sen.,22,216,2,716.0,1971.0,ambiguous,10,27,199570218014,752.3795947484396,0.04956080988108447
75698763037108249,Vilijampolės sen.,20,140,1,347.0,1910.0,ambiguous,296,790,199400013012,346.34012302276875,0.0019034732148313083
74487893670849958,Žaliakalnio sen.,20,110,1,19.0,1932.0,ambiguous,194,15727,199710070014,18.733400001258964,0.01413095215517135
74899444228159973,Kauno m.,28,240,1,33.22,1996.0,ambiguous,1276,3176,199250010047,33.20081546413871,0.000577666391498699
74939001954095072,Kauno m.,24,240,2,105.0,1970.0,ambiguous,4,6,440052554115,74.4899999925401,0.34329546206948436
74275775277577658,Kauno m.,28,240,1,15.0,1975.0,ambiguous,354,3176,440023993764,14.810749998136423,0.01269693277208983
65098040971698967,Šilainių sen.,20,110,2,103.0,2014.0,ambiguous,7106,8034,440043470746,102.98962210380722,0.00010076134997039077
74852838248877049,Petrašiūnų sen.,22,296,1,15.0,1963.0,ambiguous,66,352,199390101298,15.165599998743833,0.010979503960177883
74422110857648952,Kauno m.,28,240,1,18.0,1976.0,ambiguous,504,3176,199620475038,18.02892226261338,0.0016055028576857922
74866273241566278,Kauno m.,28,240,1,13.0,1910.0,ambiguous,262,3176,199180028031,12.808198848106617,0.01486385658262579
64814693872308565,Kauno m.,20,110,1,129.0,2023.0,ambiguous,14593,15727,440055688005,128.9935367746596,5.01037771920565e-05
65197322988200815,Panemunės sen.,20,110,1,208.0,2014.0,ambiguous,10269,15727,440047769055,208.00863243010394,4.1501206620608855e-05
75671928455719212,Šilainių sen.,20,110,1,120.0,1931.0,ambiguous,14696,15727,199640129013,119.99945000377316,4.583312393613426e-06
75647632615302426,Panemunės sen.,20,120,1,153.0,1938.0,ambiguous,1276,1391,199550350019,152.85335009464765,0.000958955764552627
75238452688798377,Šilainių sen.,20,110,1,98.0,1940.0,ambiguous,14258,15727,199620464011,97.99575000126566,4.336827441431268e-05
7444183798296751,Kauno m.,28,240,1,45.0,1960.0,ambiguous,1679,3176,199590211020,45.00037570002737,8.34885464540136e-06
74497944124548021,Kauno m.,28,240,2,32.0,1986.0,ambiguous,31,123,199630142020,28.975800000848995,0.09927490391713212
652541711823309,Petrašiūnų sen.,22,210,3,178.0,2008.0,ambiguous,46,151,199300386016,171.8629187444082,0.035086375283397864
75692451952355883,Žaliakalnio sen.,20,110,1,157.0,1920.0,ambiguous,13518,15727,199300009018,156.996656093512,2.129899426073223e-05
75476816058774501,Žaliakalnio sen.,22,210,2,176.0,1974.0,ambiguous,122,274,440051180871,174.83679478801616,0.006631057469047796
75713270948815165,Šančių sen.,22,210,1,212.0,1956.0,ambiguous,88,170,199690105010,208.85917153281906,0.014926070243342693
64844919104036558,Kauno m.,20,120,2,88.0,2020.0,ambiguous,2245,2464,199550106019,88.01520000117384,0.00017271237042582044
6534972968083233,Šilainių sen.,20,120,2,233.0,2016.0,ambiguous,1266,2464,199890115014,233.01522549149308,6.534332213092853e-05
75156263603214091,Šilainių sen.,20,110,2,153.0,2012.0,ambiguous,6714,8034,199910211010,153.00469999953845,3.0718479414382216e-05
74263863954307743,Kauno m.,28,240,1,15.0,1973.0,ambiguous,354,3176,440023993764,14.810749998136423,0.01269693277208983
75590463216480414,Vilijampolės sen.,20,140,5,707.0,1963.0,ambiguous,805,847,199670113014,707.0655000152234,9.264070903292065e-05
75625327604643425,Vilijampolės sen.,20,110,1,78.0,1955.0,ambiguous,12525,15727,199350283019,78.01065000481847,0.00013652920277795744
64885193470792274,Panemunės sen.,20,110,2,194.0,2022.0,ambiguous,5667,8034,440007679005,194.000899990749,4.639116811588906e-06
75481191737139894,Dainavos sen.,24,140,9,568.0,1974.0,ambiguous,75,78,199830058012,565.4404499869461,0.004516433772815631
65128583742246449,Šilainių sen.,20,110,2,117.0,2016.0,ambiguous,7076,8034,529800296015,117.00078491224286,6.708629145535383e-06
74460671991854827,Kauno m.,28,240,1,19.0,1925.0,ambiguous,555,3176,440041270455,19.060278235022437,0.003167516803143755
65078317273298977,Eigulių sen.,20,110,2,108.0,2017.0,ambiguous,7090,8034,199690136019,107.98214811208882,0.00016530892120414364
74883377018340358,Kauno m.,28,240,1,26.0,1980.0,ambiguous,946,3176,440053170297,26.02109562525104,0.0008110412190998062
65072660104764937,Kauno m.,28,240,1,35.0,2014.0,ambiguous,1368,3176,199730192028,35.120799997296,0.003445485984352459
6498927554642496,Šilainių sen.,20,110,2,76.0,2017.0,ambiguous,6212,8034,199540195017,76.03100000081211,0.00040781158107972004
74434548019073787,Kauno m.,28,240,1,34.0,1992.0,ambiguous,1314,3176,199350050047,33.81439999509547,0.005473777496629584
75528960199652551,Kauno m.,22,296,1,111.0,1987.0,ambiguous,124,352,199320169044,110.97237237406374,0.00024892851108848646
64743263346654006,Kauno m.,20,110,1,179.0,2025.0,ambiguous,12160,15727,440040261561,179.00460439004686,2.572251859689345e-05
75595083780529398,Gričiupio sen.,20,110,1,74.0,1981.0,ambiguous,11934,15727,440046562923,74.01053055717641,0.00014229470233662056
64791344205300236,Kauno m.,22,296,1,112.0,2022.0,ambiguous,125,352,199810042012,112.60983188967725,0.0054301575584254635
8612775914263994,Šilainių sen.,20,110,1,175.0,2005.0,ambiguous,12411,15727,190020604010,174.98762851645657,7.069669062964579e-05
75354063398882329,Petrašiūnų sen.,20,140,5,555.0,1990.0,ambiguous,822,847,199700320014,554.6740089324788,0.0005875438629274754
83001661212411454,Aleksoto sen.,20,110,2,175.0,2008.0,ambiguous,6194,8034,199860122016,175.00169999982623,9.714237537927772e-06
64689362962409555,Kauno m.,22,216,1,36.0,2025.0,ambiguous,6,40,199900222016,42.38610927310919,0.16330175862216256
64815948030382445,Kauno m.,20,110,1,111.0,2024.0,ambiguous,14661,15727,199000287018,110.98375000114552,0.00014640710307300964
64909220129856879,Kauno m.,20,120,2,172.0,2019.0,ambiguous,1977,2464,440021950621,171.91152083945792,0.0005145460802138402
65059118922364753,Šilainių sen.,20,110,2,111.0,2023.0,ambiguous,7084,8034,440045860020,110.9986315838343,1.2328149556317669e-05
74872013435506632,Kauno m.,28,240,1,15.0,1930.0,ambiguous,354,3176,440023993764,14.810749998136423,0.01269693277208983
84163107762366879,Žaliakalnio sen.,22,212,1,302.0,2004.0,ambiguous,177,437,440053464687,301.9709620913701,9.615663823225873e-05
75341794731975567,Petrašiūnų sen.,22,220,1,422.0,1992.0,ambiguous,539,1208,440057089451,423.3014160102409,0.003079178654751047
75427392471246579,Šilainių sen.,20,110,2,139.0,1980.0,ambiguous,6900,8034,529880174014,138.98596965177845,0.00010094285154771399
74921226051489404,Kauno m.,28,240,1,24.0,1991.0,ambiguous,830,3176,199480080075,23.88897094517182,0.00463694464823261
75683897086973678,Vilijampolės sen.,20,110,1,77.0,1927.0,ambiguous,12387,15727,199620009016,77.00259999662414,3.376561985835025e-05
75557901884251849,Vilijampolės sen.,20,110,2,94.0,1967.0,ambiguous,7009,8034,440001462637,94.00573692584703,6.102926370932238e-05
75005825827426667,Kauno m.,28,240,1,51.0,1970.0,ambiguous,1839,3176,199910228030,51.00219564373503,4.305091123812943e-05
75551528010647545,Žaliakalnio sen.,20,110,1,115.21,1967.0,ambiguous,14689,15727,199620502012,115.21244999200684,2.1265219660726586e-05
64867074581771864,Kauno m.,20,110,1,298.0,2022.0,ambiguous,5627,15727,199180026037,298.0478000058632,0.00016038984110089416
75430812290609092,Petrašiūnų sen.,22,224,1,19508.0,1980.0,ambiguous,28,729,199670066025,19529.82639983899,0.0011182181041409223
64950881388500359,Šilainių sen.,20,120,2,134.0,2016.0,ambiguous,2201,2464,440014953858,134.0066240049388,4.943165091386703e-05
74294506776958799,Kauno m.,28,240,0,6.0,1978.0,no_match,0,14,,,
75566963399280748,Aleksoto sen.,20,110,1,151.0,1966.0,ambiguous,13840,15727,440017507034,151.0091810112469,6.0799550656298607e-05
74300722576683229,Kauno m.,28,240,1,23.0,1954.0,ambiguous,785,3176,440050269433,23.024728073147582,0.0010745560728868675
75682551318369568,Vilijampolės sen.,20,110,1,121.0,1928.0,ambiguous,14685,15727,440056374917,121.00045196320258,3.7352261026413203e-06
75001355509734954,Kauno m.,28,240,1,21.0,1974.0,ambiguous,683,3176,199570356022,20.99824999592453,8.333699983475995e-05
74549200114894756,Kauno m.,28,240,1,5.0,1988.0,ambiguous,3,3176,440002584574,12.29224999792967,0.8995310698903893
64783995278993395,Kauno m.,20,110,1,267.0,2023.0,ambiguous,6938,15727,199560201010,267.0502481552681,0.00018817763156153688
74458629523764738,Kauno m.,28,240,1,37.0,1957.0,ambiguous,1439,3176,440023510410,36.97549517472136,0.0006625119877079477
64889903799056306,Aleksoto sen.,28,240,2,42.0,2018.0,ambiguous,47,123,440054107943,41.903493232134906,0.002300424135075918
8022571220552531,Gričiupio sen.,28,240,1,22.0,2010.0,ambiguous,739,3176,199270002032,22.042988585359026,0.0019521199805661027
649201895915726,Žaliakalnio sen.,20,140,4,312.0,2018.0,ambiguous,142,149,199620343015,310.0630999899708,0.006227362688701277
741438264149622,Vilijampolės sen.,20,110,1,159.0,2002.0,ambiguous,13397,15727,199360269014,158.9881999853842,7.421668239082635e-05
74500596218579393,Kauno m.,28,240,1,10.0,1954.0,ambiguous,130,3176,440002584574,12.29224999792967,0.20638388933044371
75504902685631856,Šilainių sen.,20,110,1,69.0,1971.0,ambiguous,11136,15727,199200162018,69.00819998759609,0.00011883333898232706
74454884478337369,Kauno m.,28,240,1,41.0,1954.0,ambiguous,1541,3176,199390440029,41.00460000060461,0.00011218884329400325
75026124976168646,Kauno m.,28,240,1,42.0,1980.0,ambiguous,1562,3176,199100156029,42.02899999731593,0.0006902378576021384
74143166800464899,Šilainių sen.,20,110,1,125.0,2003.0,ambiguous,14638,15727,199630136013,124.9978000054907,1.760011095619518e-05
74299201591357236,Kauno m.,28,240,1,18.0,1980.0,ambiguous,504,3176,199620475038,18.02892226261338,0.0016055028576857922
75624665777785288,Kauno m.,20,110,1,119.0,1970.0,ambiguous,14708,15727,199320415016,119.00695887890069,5.847626418464813e-05
75594969542264537,Vilijampolės sen.,20,110,2,105.0,1962.0,ambiguous,7103,8034,199310295013,104.99826592645981,1.651512247047293e-05
75641758268927037,Vilijampolės sen.,20,140,2,150.0,1940.0,ambiguous,765,821,199500192018,150.25645001266636,0.0017082069345395468
74985198236729597,Kauno m.,28,240,1,12.0,1987.0,ambiguous,208,3176,440002584574,12.29224999792967,0.02406233253648926
74466038187750827,Kauno m.,28,240,1,16.0,1954.0,ambiguous,406,3176,440052806336,16.03196284859298,0.001995685331706021
75604913874997584,Kauno m.,22,220,1,60.0,1970.0,ambiguous,242,1208,199320226022,59.854099994862075,0.002434628055471677
75444834176557424,Eigulių sen.,22,220,1,865.0,1978.0,ambiguous,374,1208,199700187026,868.8346978739605,0.004423379150534146
74924995475516717,Kauno m.,28,240,1,46.0,1975.0,ambiguous,1698,3176,440044986196,45.96639522582524,0.0007308055423478343
64969504061103051,Petrašiūnų sen.,20,110,1,229.0,2018.0,ambiguous,8947,15727,440006054059,229.0097016890389,4.2364556927410035e-05
65155125339234732,Šilainių sen.,20,110,1,217.0,2015.0,ambiguous,9712,15727,440053018236,217.0618435992614,0.00028495294203700894
81647144757422935,Panemunės sen.,20,110,1,126.0,2011.0,ambiguous,14627,15727,199300603018,126.00539999584704,4.285619155730558e-05
74789480229262309,Kauno m.,28,240,1,21.0,1968.0,ambiguous,683,3176,199570356022,20.99824999592453,8.333699983475995e-05
75682424525932421,Centro sen.,22,292,3,887.0,1928.0,ambiguous,34,72,199000178012,964.8360000067726,0.08411315640706807
75665177270557923,Gričiupio sen.,20,110,1,71.0,1933.0,ambiguous,11443,15727,199490048018,71.00590000584573,8.309522138016945e-05
6492062999300012,Kauno m.,20,110,2,244.0,2020.0,ambiguous,4287,8034,199550101010,243.97475797530427,0.00010345627230012866
74481434013963482,Kauno m.,28,240,1,11.0,1973.0,ambiguous,173,3176,440002584574,12.29224999792967,0.11107370952611895
65065211230815267,Panemunės sen.,28,240,1,39.0,2013.0,ambiguous,1497,3176,199830130015,38.97799999525118,0.0005642618516472631
81297278848181734,Kauno m.,22,220,1,18.0,1971.0,ambiguous,202,1208,199760051041,17.996560293808187,0.0001911130493694735
74401771662163801,Aleksoto sen.,28,240,1,59.0,1970.0,ambiguous,2017,3176,199390329038,59.001267202815534,2.147778317329596e-05
75611969077921018,Žaliakalnio sen.,20,110,2,208.0,1959.0,ambiguous,5299,8034,440019467139,208.02897282523188,0.00013928272870966651
74991345709485388,Kauno m.,28,240,1,20.77,1990.0,ambiguous,673,3176,199470015028,20.772549995126948,0.00012276546001377397
64807635230493599,Kauno m.,20,110,1,147.0,2022.0,ambiguous,14003,15727,440027278546,146.98703443898248,8.820498530237586e-05
74418494222317402,Kauno m.,28,240,1,31.0,1983.0,ambiguous,1191,3176,199320440073,30.96873296372617,0.0010091230668045625
74261644056043893,Kauno m.,28,240,1,10.0,1966.0,ambiguous,130,3176,440002584574,12.29224999792967,0.20638388933044371
74845396723344323,Kauno m.,28,240,1,20.0,1941.0,ambiguous,617,3176,440027549862,20.046249997112902,0.002309830142869007
757072442539172,Šančių sen.,20,110,1,105.0,1894.0,ambiguous,14540,15727,199590309010,104.99429999652952,5.428722086175952e-05
65336294952309054,Petrašiūnų sen.,20,110,1,165.0,2013.0,ambiguous,13024,15727,199250246010,164.99997765821453,1.3540476917484057e-07
75610364087966841,Petrašiūnų sen.,20,110,1,115.0,1959.0,ambiguous,14686,15727,440019548006,114.99592275123403,3.545496561496719e-05
74249591885753516,Kauno m.,28,240,1,6.0,1971.0,ambiguous,15,3176,440002584574,12.29224999792967,0.7172095130964347
75095177247180581,Centro sen.,22,220,1,22.0,1960.0,ambiguous,223,1208,199670318013,21.948706210786916,0.002334258135277434
75527551688712724,Kauno m.,22,222,3,439.0,1990.0,ambiguous,15,59,199520123360,460.1918327199228,0.04714401712811167
64901329345060252,Panemunės sen.,20,110,1,231.0,2018.0,ambiguous,8836,15727,440015696287,231.03839623135644,0.00016620363916963754
64812683185965933,Kauno m.,20,110,2,101.0,2022.0,ambiguous,7093,8034,529940204075,100.98603528314759,0.00013827408271183117
64766551439944614,Kauno m.,20,110,1,214.0,2025.0,ambiguous,9879,15727,440014956640,213.9762053549146,0.0001111961123640981
7442757562619659,Kauno m.,28,240,1,16.0,1975.0,ambiguous,406,3176,440052806336,16.03196284859298,0.001995685331706021
74267483115806637,Kauno m.,28,240,2,37.0,1995.0,ambiguous,38,123,440059419380,38.74103051582802,0.04598134580241009
75659136216809614,Žaliakalnio sen.,20,120,2,132.0,1935.0,ambiguous,2205,2464,440045652506,131.97990748926404,0.00015222757645361185
74582588260128757,Kauno m.,28,240,1,15.23,1977.0,ambiguous,369,3176,199460089041,15.267000001796522,0.002426469485408589
74286289532857555,Kauno m.,28,240,1,20.0,1948.0,ambiguous,617,3176,440027549862,20.046249997112902,0.002309830142869007
74552217390066677,Kauno m.,22,220,1,20.0,1967.0,ambiguous,219,1208,198900140012,19.97586087422769,0.0012076852469631305
75232013752453572,Kauno m.,22,224,1,510.0,1988.0,ambiguous,318,729,199600159028,512.6211499632544,0.00512634753064134
75527606720057705,Šilainių sen.,20,110,2,118.0,1970.0,ambiguous,7070,8034,440030768666,118.01264147002973,0.00010712536381962678
7442406025055362,Kauno m.,28,240,1,56.0,1992.0,ambiguous,1946,3176,199240070075,55.98519746826795,0.0002643658653633807
7425456331178866,Panemunės sen.,22,214,1,52.0,1930.0,ambiguous,38,126,440061153079,52.594166157630575,0.011361485460568144
75427458542204256,Kauno m.,22,210,3,376.0,1990.0,ambiguous,71,151,440013564464,374.92699355506295,0.0028578202260103325
74839477728226494,Kauno m.,28,240,1,82.51,1984.0,ambiguous,2225,3176,440024876520,82.53454839211881,0.0002974759546923167
74192568097590575,Kauno m.,22,222,1,53.0,1966.0,ambiguous,329,917,440061469078,53.01529300159688,0.00028850557820403466
7455035401150277,Kauno m.,28,240,1,19.18,1959.0,ambiguous,563,3176,199740163038,19.263249998657965,0.004331066119299454
7431008652238813,Kauno m.,28,240,1,24.0,1983.0,ambiguous,830,3176,199480080075,23.88897094517182,0.00463694464823261
65343035306047348,Aleksoto sen.,20,110,1,140.0,2007.0,ambiguous,14296,15727,440008299265,140.0059151726284,4.2250340501759354e-05
7426601507167914,Kauno m.,28,240,1,24.0,1973.0,ambiguous,830,3176,199480080075,23.88897094517182,0.00463694464823261
75600252873857091,Kauno m.,22,210,1,11.0,1974.0,confident,1,170,199340073081,24.490949051052077,0.8004083500098647
7559275134716463,Vilijampolės sen.,20,110,1,80.0,1962.0,ambiguous,12785,15727,199510088014,79.99679999125358,4.000090935551981e-05
6492880586938031,Petrašiūnų sen.,22,266,2,94.0,1972.0,ambiguous,26,35,440007949924,92.2695007978327,0.018581130926832223
74893921165801319,Kauno m.,28,240,1,35.0,1962.0,ambiguous,1368,3176,199730192028,35.120799997296,0.003445485984352459
74216695805882721,Šilainių sen.,20,110,1,111.0,2010.0,ambiguous,14661,15727,199000287018,110.98375000114552,0.00014640710307300964
64821371583752938,Kauno m.,20,110,1,180.0,2023.0,ambiguous,12100,15727,440058666867,179.99983728576524,9.0396837926221e-07
74900517856727689,Kauno m.,28,240,1,22.0,1949.0,ambiguous,739,3176,199270002032,22.042988585359026,0.0019521199805661027
74289587134052509,Kauno m.,28,240,1,26.0,1963.0,ambiguous,946,3176,440053170297,26.02109562525104,0.0008110412190998062
75670924306247417,Žaliakalnio sen.,20,110,2,83.0,1931.0,ambiguous,6587,8034,199470048010,83.00050000228266,6.024105742241659e-06
75681713000812875,Žaliakalnio sen.,20,140,1,166.0,1925.0,ambiguous,737,790,199250090018,166.00424999330008,2.5602041541894494e-05
7552870248221849,Kauno m.,22,220,1,23.0,1969.0,ambiguous,231,1208,440022103219,23.045851655735795,0.001991565765092407
74165822818375804,Panemunės sen.,20,110,1,178.0,2020.0,ambiguous,12229,15727,199290204016,177.99000000265892,5.618133848450668e-05
75527194001140913,Žaliakalnio sen.,22,292,2,642.0,1970.0,ambiguous,148,190,199710068018,636.8170000222344,0.00810597350130493
75681676780671198,Šančių sen.,20,140,1,136.0,1928.0,ambiguous,736,790,199600083016,136.0414345975808,0.000304619757372393
75626815147902982,Šančių sen.,20,110,1,73.0,1955.0,ambiguous,11773,15727,199370123010,73.00107483784477,1.4723697698393323e-05
8083552191719301,Šilainių sen.,20,110,2,101.0,2024.0,ambiguous,7093,8034,529940204075,100.98603528314759,0.00013827408271183117
74483197333126902,Kauno m.,28,240,0,8.0,1965.0,ambiguous,2,14,440037465764,19.353600001105665,0.8834369070602066
75556552387238463,Žaliakalnio sen.,20,110,2,139.0,1967.0,ambiguous,6900,8034,529880174014,138.98596965177845,0.00010094285154771399
75228597444132725,Aleksoto sen.,20,110,1,90.0,1957.0,ambiguous,13772,15727,199510100017,90.00124999977648,1.3888789955451841e-05
75617828247703744,Petrašiūnų sen.,20,110,2,178.0,1958.0,ambiguous,6111,8034,199360117018,177.99915000161658,4.775283218627635e-06
74453727485433718,Šilainių sen.,20,110,2,185.0,1994.0,ambiguous,5920,8034,199920296015,185.00195641196382,1.0575143887692207e-05
75588627451897053,Petrašiūnų sen.,20,110,1,92.0,1963.0,ambiguous,13907,15727,440047966800,92.00531309035003,5.7749314541943875e-05
75677278162768799,Kauno m.,22,220,1,119.0,1963.0,ambiguous,393,1208,199900270026,118.6246221573056,0.0031594213725538722
74536856235203314,Kauno m.,28,240,1,37.0,1938.0,ambiguous,1439,3176,440023510410,36.97549517472136,0.0006625119877079477
74282981113160507,Kauno m.,28,240,1,25.0,1975.0,ambiguous,903,3176,440050743778,24.990042994721314,0.00039835954577638333
10108408050383294,Petrašiūnų sen.,20,110,1,123.0,2003.0,ambiguous,14669,15727,199200086015,123.00936005605591,7.609512140760444e-05
65327191915655031,Kauno m.,28,240,1,61.0,2007.0,ambiguous,2042,3176,199230070049,61.01649703387182,0.00027040661506205765
7487657145048042,Kauno m.,28,240,1,14.79,1988.0,ambiguous,342,3176,440023993764,14.810749998136423,0.0014019916074117234
74489947643873733,Kauno m.,22,240,1,16.0,1978.0,ambiguous,33,264,190010091026,19.141854840472305,0.17928856820522743
7428735429256704,Kauno m.,28,240,1,23.0,1976.0,ambiguous,785,3176,440050269433,23.024728073147582,0.0010745560728868675
64934245238065874,Šilainių sen.,20,120,2,101.0,2018.0,ambiguous,2290,2464,440046724390,101.02791541512941,0.00027635206005793833
64809876092289193,Kauno m.,20,120,2,145.0,2022.0,ambiguous,2157,2464,440009545364,145.01160423486238,8.002600378187452e-05
74751192260463312,Kauno m.,28,240,1,23.96,1957.0,ambiguous,830,3176,199480080075,23.88897094517182,0.002968887547535548
75338086029433357,Šilainių sen.,20,140,5,362.0,1993.0,ambiguous,693,847,199860120010,362.39773170668997,0.0010981032359644871
74474524340642848,Kauno m.,28,240,1,15.0,1955.0,ambiguous,354,3176,440023993764,14.810749998136423,0.01269693277208983
74466103404058182,Kauno m.,28,240,1,9.0,1932.0,ambiguous,98,3176,440002584574,12.29224999792967,0.31174440498827005
7560833700086439,Šilainių sen.,20,110,1,122.0,1959.0,ambiguous,14678,15727,440049831383,121.99540721566103,3.764648189008568e-05
74467113390841985,Kauno m.,28,240,1,12.0,1981.0,ambiguous,208,3176,440002584574,12.29224999792967,0.02406233253648926
74988410843546544,Kauno m.,28,240,1,41.0,1970.0,ambiguous,1541,3176,199390440029,41.00460000060461,0.00011218884329400325
65055976377414795,Šilainių sen.,20,110,2,182.0,2014.0,ambiguous,5997,8034,199250232014,181.99392908997532,3.335720483210736e-05
74711171878704616,Kauno m.,28,240,1,6.4,1973.0,ambiguous,23,3176,440002584574,12.29224999792967,0.6526709919588634
75712072789070439,Eigulių sen.,20,110,2,136.0,1957.0,ambiguous,6932,8034,199930061018,136.00909234887564,6.685327170874444e-05
74450386315147624,Kauno m.,28,240,1,5.0,1957.0,ambiguous,3,3176,440002584574,12.29224999792967,0.8995310698903893
75188321467040284,Panemunės sen.,20,110,1,113.0,1976.0,ambiguous,14669,15727,199340253014,113.00140475214393,1.2431357632181061e-05
75640724814880378,Panemunės sen.,24,140,1,239.0,1990.0,ambiguous,146,175,199400110016,238.84055000479967,0.0006673774384235998
74989314871692705,Kauno m.,28,240,1,28.0,1968.0,ambiguous,1054,3176,440040127631,28.04340274881733,0.001548898009962052
74604319430782301,Kauno m.,28,240,1,28.0,1953.0,ambiguous,1054,3176,440040127631,28.04340274881733,0.001548898009962052
6506091528626988,Panemunės sen.,28,240,0,12.0,1953.0,ambiguous,2,14,440037465764,19.353600001105665,0.477971798952042
75546855798911614,Gričiupio sen.,22,220,1,213.0,1968.0,ambiguous,530,1208,440008658600,213.02345000626258,0.00011008786622390687
75552473590215607,Dainavos sen.,20,140,5,1104.0,1967.0,ambiguous,640,847,199720164018,1102.9703499917794,0.0009330891852989964
75676776766096493,Centro sen.,24,110,1,75.0,1930.0,ambiguous,14,24,199300309026,77.39827732262705,0.031476409998080435
75648338865535167,Vilijampolės sen.,20,120,1,87.16,1938.0,ambiguous,1220,1391,199300362012,87.15870000662395,1.4915133901283184e-05
75582848594383453,Vilijampolės sen.,20,110,2,63.0,1964.0,ambiguous,5110,8034,440043154267,63.002104560954386,3.340517147609745e-05
74197990975217856,Petrašiūnų sen.,20,110,1,80.0,1973.0,ambiguous,12785,15727,199510088014,79.99679999125358,4.000090935551981e-05
74657959436574814,Kauno m.,28,240,1,17.0,1971.0,ambiguous,444,3176,199100169028,16.981026597074084,0.0011167058089558424
74449838886492356,Kauno m.,28,240,1,18.0,1975.0,ambiguous,504,3176,199620475038,18.02892226261338,0.0016055028576857922
75703156339800334,Šančių sen.,20,140,1,169.0,1900.0,ambiguous,734,790,199220083010,169.02509368383485,0.0001484723137412658
75504932554037368,Šilainių sen.,20,110,1,102.0,1971.0,ambiguous,14424,15727,529560142010,101.99533091911671,4.5776350497739315e-05
65143108038532835,Šilainių sen.,20,120,2,79.0,2015.0,ambiguous,2132,2464,440041520827,79.1077279304206,0.0013627157698303805
75618739158083634,Aleksoto sen.,20,110,2,107.0,1957.0,ambiguous,7095,8034,199950093013,107.02948266375243,0.0002755009596997482
74869252727772589,Kauno m.,28,240,1,50.0,1989.0,ambiguous,1809,3176,440025282048,50.01779811025121,0.00035589886550901895
7466890584543176,Kauno m.,28,240,1,22.6,1988.0,ambiguous,764,3176,199890077057,22.698500003089197,0.00434893686672666
7498461457427992,Kauno m.,28,240,1,4.0,1988.0,no_match,0,3176,,,
64960778570153019,Eigulių sen.,20,120,3,90.0,2019.0,ambiguous,57,63,440042183520,89.94225004053574,0.0006418721721441756
65095007022868329,Centro sen.,24,210,2,1033.0,1905.0,ambiguous,11,24,440026832199,1129.362286246321,0.08918593482763715
74933206325250468,Kauno m.,28,240,1,21.0,1992.0,ambiguous,683,3176,199570356022,20.99824999592453,8.333699983475995e-05
6480850571784795,Kauno m.,20,110,1,122.0,2021.0,ambiguous,14678,15727,440049831383,121.99540721566103,3.764648189008568e-05
75645314312268452,Vilijampolės sen.,20,110,1,116.0,1940.0,ambiguous,14697,15727,529700106016,116.00220000441391,1.8965375448765087e-05
74551798313760506,Kauno m.,28,240,1,22.0,1960.0,ambiguous,739,3176,199270002032,22.042988585359026,0.0019521199805661027
75630774061389905,Gričiupio sen.,20,110,1,130.0,1953.0,ambiguous,14576,15727,199340256017,129.99929999415465,5.384674845565485e-06
74999752089995028,Kauno m.,28,240,1,22.0,1966.0,ambiguous,739,3176,199270002032,22.042988585359026,0.0019521199805661027
7490588548916631,Kauno m.,28,240,1,22.0,1995.0,ambiguous,739,3176,199270002032,22.042988585359026,0.0019521199805661027
64895651684625258,Kauno m.,20,120,2,66.0,2020.0,ambiguous,1886,2464,440051747661,66.31738033554164,0.004797267651660775
75673183306566555,Šančių sen.,20,110,1,71.0,1930.0,ambiguous,11443,15727,199490048018,71.00590000584573,8.309522138016945e-05
75619902937703071,Kauno m.,22,222,1,720.0,1974.0,ambiguous,262,917,199170069086,714.8901347645044,0.007122338794665062
7492864751821722,Kauno m.,28,240,1,73.0,1974.0,ambiguous,2187,3176,440029092442,72.9551244957912,0.0006149219601283562
75684948096510787,Vilijampolės sen.,20,110,1,85.0,1927.0,ambiguous,13317,15727,199570078012,85.00240000739917,2.823498255555279e-05
74411172178810131,Kauno m.,28,240,1,6.0,1965.0,ambiguous,15,3176,440002584574,12.29224999792967,0.7172095130964347
74416160328496656,Kauno m.,28,240,1,13.0,1977.0,ambiguous,262,3176,199180028031,12.808198848106617,0.01486385658262579
74257761913686313,Aleksoto sen.,28,240,2,69.0,1992.0,ambiguous,83,123,199700114038,71.33578175755545,0.03329154487148589
74584860942649739,Kauno m.,28,240,1,16.0,1950.0,ambiguous,406,3176,440052806336,16.03196284859298,0.001995685331706021
75188312180951025,Panemunės sen.,20,110,1,110.0,1977.0,ambiguous,14658,15727,529470075019,109.9988000088267,1.0909070170761481e-05
75709984572019107,Centro sen.,22,292,4,1693.0,1884.0,ambiguous,25,31,199350060010,1643.0490806301987,0.029948391973450228
74938722978174027,Aleksoto sen.,28,240,1,49.0,1976.0,ambiguous,1777,3176,199080029036,49.00504426796847,0.00010293894585977625
74886524203136989,Kauno m.,28,240,1,15.0,1980.0,ambiguous,354,3176,440023993764,14.810749998136423,0.01269693277208983
64862621811575483,Kauno m.,28,240,1,42.0,2023.0,ambiguous,1562,3176,199100156029,42.02899999731593,0.0006902378576021384
64767208176222044,Kauno m.,20,120,2,133.0,2025.0,ambiguous,2201,2464,199330034012,132.9950000011595,3.759468291519852e-05
6492981302597442,Panemunės sen.,28,240,1,18.0,2017.0,ambiguous,504,3176,199620475038,18.02892226261338,0.0016055028576857922
74877581118945227,Kauno m.,28,240,1,25.0,1931.0,ambiguous,903,3176,440050743778,24.990042994721314,0.00039835954577638333
74126122751739715,Šilainių sen.,20,110,1,278.0,2002.0,ambiguous,6482,15727,440026487130,277.99253760563914,2.6843505466445094e-05
74483443340982475,Kauno m.,28,240,1,11.0,1971.0,ambiguous,173,3176,440002584574,12.29224999792967,0.11107370952611895
75675508012423495,Vilijampolės sen.,20,110,1,119.0,1930.0,ambiguous,14708,15727,199320415016,119.00695887890069,5.847626418464813e-05
74980171899121817,Kauno m.,28,240,1,25.0,1984.0,ambiguous,903,3176,440050743778,24.990042994721314,0.00039835954577638333
74999052999503171,Kauno m.,22,222,1,76.0,1989.0,ambiguous,329,917,190020359014,76.18665000047572,0.0024529102133588054
74967767617759584,Kauno m.,28,240,1,7.0,1969.0,ambiguous,39,3176,440002584574,12.29224999792967,0.5630588332691764
65188033993043765,Kauno m.,28,240,1,9.0,2009.0,ambiguous,98,3176,440002584574,12.29224999792967,0.31174440498827005
74450281944049151,Kauno m.,28,240,1,27.0,1980.0,ambiguous,995,3176,199300179020,26.94290380843917,0.00211691284124349
75695097813272424,Vilijampolės sen.,20,110,1,61.0,1920.0,ambiguous,9635,15727,199350568020,61.02070000389889,0.00033928676194783236
75700246052957817,Žaliakalnio sen.,20,110,1,76.0,1908.0,ambiguous,12242,15727,199800215012,76.00019999650326,2.6315294752166096e-06
74582152118772949,Kauno m.,28,240,1,75.0,1940.0,ambiguous,2194,3176,199620078037,74.98951114679764,0.00013986115614628147
65160941354684088,Petrašiūnų sen.,26,266,1,29.0,1982.0,ambiguous,231,389,529720475010,29.10045000167489,0.003457808046488875
64934245582711742,Šilainių sen.,20,120,2,141.0,2021.0,ambiguous,2170,2464,440022239096,140.98748081535834,8.879248549398255e-05
75338208404319623,Petrašiūnų sen.,20,110,2,110.0,1993.0,ambiguous,7087,8034,199960005012,110.00487143862753,4.428482511720233e-05
74426905629672607,Kauno m.,28,240,1,63.0,1989.0,ambiguous,2067,3176,440020485314,63.04580000315867,0.0007267200521265949
75509838603530027,Šilainių sen.,20,120,2,80.0,1971.0,ambiguous,2150,2464,440030776917,79.94808232823057,0.0006491815698819181
64875313978875818,Kauno m.,20,110,2,90.0,2021.0,ambiguous,6869,8034,199640049010,90.0042500006808,4.7221114852114e-05
75635036021284352,Kauno m.,22,224,1,183.0,1968.0,ambiguous,184,729,190190012153,183.07579894499946,0.00041411612732122904
7442691934203842,Kauno m.,28,240,1,29.0,1937.0,ambiguous,1106,3176,440061094300,29.048890156438162,0.0016844479839783766
74553134256960502,Kauno m.,28,240,1,17.0,1978.0,ambiguous,444,3176,199100169028,16.981026597074084,0.0011167058089558424
74573322845779902,Kauno m.,28,240,1,15.0,1972.0,ambiguous,354,3176,440023993764,14.810749998136423,0.01269693277208983
74179846701235563,Kauno m.,28,240,1,17.0,2001.0,ambiguous,444,3176,199100169028,16.981026597074084,0.0011167058089558424
748430028148412,Kauno m.,28,240,1,10.0,1988.0,ambiguous,130,3176,440002584574,12.29224999792967,0.20638388933044371
74411956942744564,Kauno m.,28,240,1,54.0,1984.0,ambiguous,1902,3176,440058769710,54.00028103423108,5.204324069918442e-06
74987391530709893,Kauno m.,28,240,1,25.0,1975.0,ambiguous,903,3176,440050743778,24.990042994721314,0.00039835954577638333
75525035963936768,Dainavos sen.,22,296,1,107.16,1970.0,ambiguous,124,352,199720198018,108.10090090974411,0.008742013974212703
74935141761557383,Kauno m.,28,240,1,3.0,1979.0,no_match,0,3176,,,
74884136481777067,Kauno m.,28,240,1,25.0,1960.0,ambiguous,903,3176,440050743778,24.990042994721314,0.00039835954577638333
6479643220627325,Kauno m.,20,110,1,81.0,2023.0,ambiguous,12898,15727,199330201011,81.0056999902783,7.036777447932963e-05
74492193399871232,Kauno m.,28,240,1,4.0,1947.0,no_match,0,3176,,,
64708384587553611,Kauno m.,22,240,1,43.0,2019.0,ambiguous,127,264,199350300022,42.793350006113386,0.004817398866492795
74456745759918383,Kauno m.,28,240,1,29.0,1938.0,ambiguous,1106,3176,440061094300,29.048890156438162,0.0016844479839783766
64862766779922865,Kauno m.,22,210,3,90.0,2022.0,ambiguous,15,151,198880015022,70.42086441758191,0.24532008150712858
75617093527783411,Aleksoto sen.,20,110,1,64.24,1958.0,ambiguous,10278,15727,199070027015,64.23551793909192,6.977299615940069e-05
74290798960119517,Aleksoto sen.,28,240,1,18.0,1969.0,ambiguous,504,3176,199620475038,18.02892226261338,0.0016055028576857922
75635069313467723,Petrašiūnų sen.,22,210,4,1417.0,1968.0,ambiguous,36,72,199520123017,1416.396701387734,0.0004258483262074009
65098430999258633,Panemunės sen.,20,110,1,149.0,2022.0,ambiguous,13920,15727,198950022017,148.9966473556467,2.2501221964787987e-05
75340594173258654,Šilainių sen.,22,220,1,3042.0,1992.0,ambiguous,45,1208,199920380012,3154.8311999519924,0.03641979833237663
74522656612597993,Šančių sen.,28,240,1,46.0,1923.0,ambiguous,1698,3176,440044986196,45.96639522582524,0.0007308055423478343
83185106819064436,Panemunės sen.,22,266,2,100.0,1984.0,ambiguous,24,35,529880344016,100.79125000494533,0.00788136037486531
64898392732259558,Šilainių sen.,20,110,2,260.0,2018.0,ambiguous,3834,8034,440006256599,259.9156364500983,0.0003245278453949396
75667423121421079,Vilijampolės sen.,20,110,1,117.0,1991.0,ambiguous,14704,15727,199640195010,116.99415000152811,5.000123698017944e-05
75658886502543182,Petrašiūnų sen.,20,110,1,64.0,1935.0,ambiguous,10234,15727,199280299012,64.01016264299301,0.0001587786907624178
74294573321779217,Kauno m.,28,240,1,23.0,1962.0,ambiguous,785,3176,440050269433,23.024728073147582,0.0010745560728868675
74656251416341884,Kauno m.,28,240,1,26.0,1980.0,ambiguous,946,3176,440053170297,26.02109562525104,0.0008110412190998062
74450323298342072,Kauno m.,28,240,1,24.0,1993.0,ambiguous,830,3176,199480080075,23.88897094517182,0.00463694464823261
7445884655309272,Kauno m.,28,240,1,41.0,1984.0,ambiguous,1541,3176,199390440029,41.00460000060461,0.00011218884329400325
74461655079200245,Kauno m.,28,240,1,22.0,1981.0,ambiguous,739,3176,199270002032,22.042988585359026,0.0019521199805661027
74687187516375139,Kauno m.,28,240,1,23.0,1930.0,ambiguous,785,3176,440050269433,23.024728073147582,0.0010745560728868675
74570216396033936,Kauno m.,28,240,1,58.0,1976.0,ambiguous,1992,3176,440028098953,57.99539177605002,7.945529355701808e-05
74952419794280925,Kauno m.,28,240,1,12.0,1964.0,ambiguous,208,3176,440002584574,12.29224999792967,0.02406233253648926
65144656138968096,Žaliakalnio sen.,20,110,2,139.0,2016.0,ambiguous,6900,8034,529880174014,138.98596965177845,0.00010094285154771399
75030642361556321,Kauno m.,28,240,1,52.0,1940.0,ambiguous,1860,3176,199900331026,51.9864903071722,0.00025983553948050186
74997942247633134,Kauno m.,28,240,1,6.0,1994.0,ambiguous,15,3176,440002584574,12.29224999792967,0.7172095130964347
75033147247926535,Šančių sen.,24,140,2,2297.0,1917.0,ambiguous,6,430,199950015015,2237.9490500379848,0.026044079921777374
74487844021736416,Kauno m.,28,240,0,13.0,1979.0,ambiguous,2,14,440037465764,19.353600001105665,0.3979290912785056
65167346298716441,Kauno m.,28,240,1,33.0,2010.0,ambiguous,1269,3176,440057304559,32.99742574165476,7.801087141245944e-05
75629016679011091,Šilainių sen.,20,110,1,74.0,1954.0,ambiguous,11934,15727,440046562923,74.01053055717641,0.00014229470233662056
74104964164349557,Petrašiūnų sen.,26,266,1,77.0,2003.0,ambiguous,287,389,199980172010,77.02685000652968,0.0003486406013042398
64897840084793934,Kauno m.,20,120,2,121.0,1929.0,ambiguous,2232,2464,440018161285,121.00956314039698,7.903109511708806e-05
81016067684738041,Panemunės sen.,20,110,1,165.0,2008.0,ambiguous,13024,15727,199250246010,164.99997765821453,1.3540476917484057e-07
65069327213523778,Šilainių sen.,20,110,2,53.0,2015.0,ambiguous,3926,8034,440029906334,52.99135612636332,0.00016310525634821715
7424978762406563,Kauno m.,28,240,1,27.0,1982.0,ambiguous,995,3176,199300179020,26.94290380843917,0.00211691284124349
75661623805243772,Žaliakalnio sen.,22,222,2,1815.0,1972.0,ambiguous,104,243,199820008015,1834.858588455605,0.010881947308242879
74452974714865575,Kauno m.,28,240,1,39.0,1963.0,ambiguous,1497,3176,199830130015,38.97799999525118,0.0005642618516472631
97299876333711538,Petrašiūnų sen.,20,110,1,118.0,2008.0,ambiguous,14702,15727,199230030010,118.01003171002571,8.50108782159964e-05
75689069032367898,Žaliakalnio sen.,20,120,2,157.0,1925.0,ambiguous,2084,2464,440059631410,156.93784260108777,0.00039598539130825117
74921578343428108,Kauno m.,28,240,1,32.1,1966.0,ambiguous,1228,3176,199740162021,32.10089674427923,2.7935568652992515e-05
7444567433648068,Kauno m.,28,240,1,21.0,1956.0,ambiguous,683,3176,199570356022,20.99824999592453,8.333699983475995e-05
74259579946698587,Kauno m.,28,240,1,1.0,1970.0,no_match,0,3176,,,
64926576997051968,Vilijampolės sen.,20,110,2,56.0,2019.0,ambiguous,4306,8034,440029948403,55.96573932189246,0.0006119850480041933
74249042359124551,Šilainių sen.,22,266,1,36.0,1973.0,ambiguous,251,332,440004906412,36.20720000270494,0.005739055700953344
75005440126711884,Kauno m.,28,240,1,52.0,1978.0,ambiguous,1860,3176,199900331026,51.9864903071722,0.00025983553948050186
75579821474769437,Eigulių sen.,22,222,3,1089.0,1964.0,ambiguous,34,59,199690247040,1123.8349623387148,0.03148706608049334
827395006619384,Vilijampolės sen.,20,110,1,148.0,2005.0,ambiguous,13961,15727,199370080012,147.99605000070744,2.6689540571389614e-05
75633827422918201,Aleksoto sen.,20,110,1,84.0,1951.0,ambiguous,13221,15727,199610280014,83.99804999840613,2.3214574144780897e-05
74258114523481966,Kauno m.,28,240,1,16.0,1970.0,ambiguous,406,3176,440052806336,16.03196284859298,0.001995685331706021
75607990754213053,Panemunės sen.,20,110,1,105.0,1960.0,ambiguous,14540,15727,199590309010,104.99429999652952,5.428722086175952e-05
65155126074191952,Aleksoto sen.,20,110,1,206.0,2021.0,ambiguous,10414,15727,440050783418,205.99237666784035,3.700715155119383e-05
7427352101001912,Kauno m.,28,240,1,29.0,1979.0,ambiguous,1106,3176,440061094300,29.048890156438162,0.0016844479839783766
7566149759068648,Aleksoto sen.,20,110,1,120.0,1935.0,ambiguous,14696,15727,199640129013,119.99945000377316,4.583312393613426e-06
74450108654055089,Kauno m.,28,240,1,13.0,1977.0,ambiguous,262,3176,199180028031,12.808198848106617,0.01486385658262579
75239983428311064,Šilainių sen.,24,228,2,694.0,1938.0,confident,1,5,198990012017,481.4509989924522,0.36566750185651564
65133481381579539,Žaliakalnio sen.,22,228,2,1776.0,2012.0,ambiguous,8,66,440022834817,1782.515509639185,0.0036619297583326826
7503188678199714,Aleksoto sen.,22,222,1,866.0,1939.0,ambiguous,254,917,529190015017,864.255500027163,0.0020164658501871102
745337630632006,Kauno m.,28,240,1,72.0,1965.0,ambiguous,2184,3176,199600463027,72.00204828508265,2.844799927714803e-05
6519887845170666,Kauno m.,28,240,0,25.0,1991.0,ambiguous,3,14,199280332056,20.6112000027217,0.19304120736571662
75622489323648054,Vilijampolės sen.,20,110,1,124.0,1956.0,ambiguous,14654,15727,199500093010,123.99972570268179,2.2120775939882265e-06
75182020593832832,Aleksoto sen.,20,110,1,118.0,1979.0,ambiguous,14702,15727,199230030010,118.01003171002571,8.50108782159964e-05
74281824508809172,Kauno m.,28,240,0,4.0,1930.0,no_match,0,14,,,
74998636713709363,Kauno m.,28,240,1,40.0,1970.0,ambiguous,1517,3176,529740369028,40.01455516398078,0.00036381291157594475
74284617940545042,Kauno m.,28,240,1,17.0,1955.0,ambiguous,444,3176,199100169028,16.981026597074084,0.0011167058089558424
74447059462362103,Kauno m.,22,240,1,33.0,1965.0,ambiguous,94,264,440066908330,31.955898747997388,0.03215077333344851
74544519127169251,Kauno m.,28,240,1,29.14,1990.0,ambiguous,1112,3176,199380369028,29.156668777644303,0.0005718603977920012
64935807183784458,Petrašiūnų sen.,20,110,2,130.0,2019.0,ambiguous,7007,8034,440039509905,129.97160307119515,0.00021846177491902097
74833294026503488,Kauno m.,28,240,1,24.3,1979.0,ambiguous,850,3176,199460086028,24.306099998944998,0.0002509972607205313
74426946766897095,Gričiupio sen.,28,240,1,24.0,1959.0,ambiguous,830,3176,199480080075,23.88897094517182,0.00463694464823261
64868242432875034,Kauno m.,20,120,2,88.0,2019.0,ambiguous,2245,2464,199550106019,88.01520000117384,0.00017271237042582044
65098251161794116,Petrašiūnų sen.,20,110,1,90.0,2013.0,ambiguous,13772,15727,199510100017,90.00124999977648,1.3888789955451841e-05
75346104949460979,Aleksoto sen.,20,110,1,188.0,1993.0,ambiguous,11559,15727,199550237011,188.00365160300575,1.9423231611526148e-05
75676102293211756,Žaliakalnio sen.,20,140,1,161.0,2002.0,ambiguous,742,790,199280293014,160.86760000712016,0.0008226985278705357
64925914066946644,Žaliakalnio sen.,20,110,2,173.0,2023.0,ambiguous,6239,8034,440028731140,172.96743364248917,0.00018826256138737563
74953334252719384,Aleksoto sen.,28,240,1,19.0,1933.0,ambiguous,555,3176,440041270455,19.060278235022437,0.003167516803143755
74880095442948422,Kauno m.,28,240,0,10.0,1970.0,ambiguous,2,14,440037465764,19.353600001105665,0.6602933557459965
74451853677827917,Kauno m.,28,240,1,10.0,1981.0,ambiguous,130,3176,440002584574,12.29224999792967,0.20638388933044371
75395637937080304,Eigulių sen.,20,140,5,588.29,1985.0,ambiguous,832,847,199620166018,587.4065404971575,0.00150287023682516
65307419553345694,Eigulių sen.,20,110,1,186.0,2009.0,ambiguous,11692,15727,529750303016,186.0022628892259,1.2165997100410664e-05
74465392005145681,Kauno m.,28,240,1,13.0,1960.0,ambiguous,262,3176,199180028031,12.808198848106617,0.01486385658262579
7498486755936136,Kauno m.,28,240,0,32.0,1961.0,ambiguous,3,14,199280332056,20.6112000027217,0.4399012852972426
74447970654185708,Kauno m.,28,240,1,12.0,1961.0,ambiguous,208,3176,440002584574,12.29224999792967,0.02406233253648926
75338105225275981,Šilainių sen.,20,110,2,186.0,2020.0,ambiguous,5890,8034,199570204032,185.99925473047898,4.006833409953003e-06
65198877521307722,Kauno m.,28,240,0,50.0,1991.0,confident,4,14,440005080175,57.31299999361206,0.13650446853935305
75220011818307883,Aleksoto sen.,20,110,1,79.0,1962.0,ambiguous,12653,15727,440038102091,79.00796648231572,0.0001008364641332804
75705818791116805,Šančių sen.,20,140,1,427.0,1900.0,ambiguous,174,790,199300657010,432.79760001872444,0.013486169045028973
74445812042731915,Kauno m.,28,240,1,28.0,1975.0,ambiguous,1054,3176,440040127631,28.04340274881733,0.001548898009962052
75226564815113708,Panemunės sen.,20,110,1,132.0,1958.0,ambiguous,14538,15727,199760002013,132.00019999915753,1.5151439853866577e-06
7536947131871502,Vilijampolės sen.,22,222,1,908.0,1988.0,ambiguous,248,917,198780020118,910.8014835011637,0.0030805843761205765
93699892625222728,Petrašiūnų sen.,26,266,1,15.0,1975.0,ambiguous,83,389,190030233014,15.79350000171084,0.051548261988902055
75707670938445173,Žaliakalnio sen.,20,110,1,64.0,1932.0,ambiguous,10234,15727,199280299012,64.01016264299301,0.0001587786907624178
65342561827508167,Šančių sen.,28,240,1,31.0,2007.0,ambiguous,1191,3176,199320440073,30.96873296372617,0.0010091230668045625
74467975322291532,Kauno m.,28,240,1,20.0,1975.0,ambiguous,617,3176,440027549862,20.046249997112902,0.002309830142869007
75640573534733704,Kauno m.,22,224,1,1726.0,1983.0,ambiguous,270,729,440052399872,1742.1742717620623,0.009327321960501678
74221815493026658,Aleksoto sen.,28,240,1,62.0,1988.0,ambiguous,2051,3176,440021785706,61.992500005606566,0.00012097496868346269
75583788016441958,Vilijampolės sen.,20,140,5,1104.0,1964.0,ambiguous,640,847,199720164018,1102.9703499917794,0.0009330891852989964
74456848310799406,Kauno m.,28,240,1,19.0,1960.0,ambiguous,555,3176,440041270455,19.060278235022437,0.003167516803143755
75709435336225719,Centro sen.,22,210,3,70.0,1920.0,confident,9,151,198880015022,70.42086441758191,0.005994346773777082
74594449390984557,Kauno m.,28,240,1,40.0,1999.0,ambiguous,1517,3176,529740369028,40.01455516398078,0.00036381291157594475
74476815806637536,Kauno m.,28,240,1,19.0,1984.0,ambiguous,555,3176,440041270455,19.060278235022437,0.003167516803143755
7491118312786639,Kauno m.,28,240,1,7.0,1989.0,ambiguous,39,3176,440002584574,12.29224999792967,0.5630588332691764
7446175379476265,Kauno m.,28,240,1,22.0,1975.0,ambiguous,739,3176,199270002032,22.042988585359026,0.0019521199805661027
75091478663539143,Petrašiūnų sen.,22,222,1,689.0,1973.0,ambiguous,265,917,190020261015,690.1048999657598,0.001602343958302832
64929916804162768,Šilainių sen.,20,110,2,53.0,2010.0,ambiguous,3926,8034,440029906334,52.99135612636332,0.00016310525634821715
65107941029184491,Šilainių sen.,28,240,1,13.0,2012.0,ambiguous,262,3176,199180028031,12.808198848106617,0.01486385658262579
75438711921012397,Aleksoto sen.,20,110,1,149.0,1979.0,ambiguous,13920,15727,198950022017,148.9966473556467,2.2501221964787987e-05
75690154923826636,Žaliakalnio sen.,20,120,1,70.0,1938.0,ambiguous,988,1391,199310154013,69.9653596631792,0.0004949844391708424
74253715514282614,Kauno m.,28,240,1,20.0,1986.0,ambiguous,617,3176,440027549862,20.046249997112902,0.002309830142869007
74398481022055832,Kauno m.,28,240,1,20.0,1951.0,ambiguous,617,3176,440027549862,20.046249997112902,0.002309830142869007
7501771624096075,Kauno m.,28,240,1,8.0,1968.0,ambiguous,68,3176,440002584574,12.29224999792967,0.42952744064465387
75569828003656331,Vilijampolės sen.,20,110,1,78.0,1965.0,ambiguous,12525,15727,199350283019,78.01065000481847,0.00013652920277795744
7416319022159347,Petrašiūnų sen.,22,222,1,67.0,1982.0,ambiguous,331,917,190010342010,67.04000000081956,0.0005968367950872633
74114918261336565,Šilainių sen.,20,110,2,160.0,2007.0,ambiguous,6588,8034,199680068013,159.99995634165998,2.7286466242060214e-07
75630641019026709,Šančių sen.,20,110,1,105.0,1953.0,ambiguous,14540,15727,199590309010,104.99429999652952,5.428722086175952e-05
64993655982128001,Petrašiūnų sen.,28,240,1,7.0,2005.0,ambiguous,39,3176,440002584574,12.29224999792967,0.5630588332691764
74442822809414624,Kauno m.,28,240,1,38.0,1985.0,ambiguous,1466,3176,440021225961,38.020943912511775,0.0005510037619571584
750283494916692,Kauno m.,28,240,1,138.6,1997.0,ambiguous,1894,3176,440054712072,138.5968384089057,2.2811162728508805e-05
75630871287101262,Aleksoto sen.,20,110,1,85.0,1952.0,ambiguous,13317,15727,199570078012,85.00240000739917,2.823498255555279e-05
75688973154553044,Kauno m.,22,224,1,67.0,1955.0,ambiguous,82,729,199650316020,66.9963999975998,5.373282268905655e-05
75629067830533983,Aleksoto sen.,20,110,1,51.0,1954.0,ambiguous,7451,15727,199320271025,51.041322624919495,0.0008099194740989191
74944145239008039,Kauno m.,22,224,1,262.0,1985.0,ambiguous,219,729,440006449185,260.41035944071865,0.006085811419538345
7500187451642254,Kauno m.,28,240,1,7.0,1930.0,ambiguous,39,3176,440002584574,12.29224999792967,0.5630588332691764
74486845199319682,Kauno m.,28,240,1,24.0,1978.0,ambiguous,830,3176,199480080075,23.88897094517182,0.00463694464823261
74146370253875452,Kauno m.,28,240,1,9.0,2002.0,ambiguous,98,3176,440002584574,12.29224999792967,0.31174440498827005
74102753576164013,Petrašiūnų sen.,22,222,1,44.0,1958.0,ambiguous,307,917,190010456013,43.94469999246038,0.0012576088117373097
65112144665232255,Aleksoto sen.,20,110,2,188.0,2015.0,ambiguous,5823,8034,440018119892,188.00784806297952,4.17441445499378e-05
74286940505236793,Kauno m.,28,240,1,23.0,1960.0,ambiguous,785,3176,440050269433,23.024728073147582,0.0010745560728868675
7557903718051838,Šilainių sen.,20,110,1,132.0,2008.0,ambiguous,14538,15727,199760002013,132.00019999915753,1.5151439853866577e-06
75015387482894644,Kauno m.,28,240,1,42.0,1970.0,ambiguous,1562,3176,199100156029,42.02899999731593,0.0006902378576021384
74284285974106981,Kauno m.,28,240,1,15.0,1958.0,ambiguous,354,3176,440023993764,14.810749998136423,0.01269693277208983
64904708886979634,Kauno m.,22,240,1,53.0,2024.0,ambiguous,160,264,440042728123,53.33240000730604,0.006252112997459314
74232554502963552,Kauno m.,28,240,1,6.0,1977.0,ambiguous,15,3176,440002584574,12.29224999792967,0.7172095130964347
7421454988229742,Kauno m.,28,240,1,18.0,1972.0,ambiguous,504,3176,199620475038,18.02892226261338,0.0016055028576857922
75514974435714838,Žaliakalnio sen.,20,110,1,139.0,1970.0,ambiguous,14333,15727,199620193017,139.01215000325664,8.740627533221357e-05
74631800291478798,Kauno m.,28,240,1,21.0,1982.0,ambiguous,683,3176,199570356022,20.99824999592453,8.333699983475995e-05
75550401618168422,Gričiupio sen.,22,220,1,20.0,1967.0,ambiguous,219,1208,198900140012,19.97586087422769,0.0012076852469631305
64882821124823631,Kauno m.,20,140,2,1107.0,2023.0,ambiguous,17,821,199990165010,984.4770000216571,0.11729839699310407
7444409888732352,Kauno m.,28,240,1,29.0,1978.0,ambiguous,1106,3176,440061094300,29.048890156438162,0.0016844479839783766
75622228831612529,Petrašiūnų sen.,20,110,1,121.0,1956.0,ambiguous,14685,15727,440056374917,121.00045196320258,3.7352261026413203e-06
75653306239100979,Kauno m.,22,220,1,17.0,1985.0,ambiguous,199,1208,199660320016,16.907846907223842,0.005435515850682027
75638861084440595,Šančių sen.,22,220,1,19.0,1994.0,ambiguous,210,1208,199720361017,18.986193523152647,0.0007269208191074128
75691635156822132,Kauno m.,20,120,2,87.0,1925.0,ambiguous,2239,2464,440023818419,87.02572510967313,0.0002956472078396999
74258003269226575,Kauno m.,28,240,1,31.0,1982.0,ambiguous,1191,3176,199320440073,30.96873296372617,0.0010091230668045625
75566872568960233,Kauno m.,20,110,1,115.0,1966.0,ambiguous,14686,15727,440019548006,114.99592275123403,3.545496561496719e-05
74127934961221276,Vilijampolės sen.,20,110,2,101.0,2002.0,ambiguous,7093,8034,529940204075,100.98603528314759,0.00013827408271183117
7444587499558275,Aleksoto sen.,28,240,1,72.0,1986.0,ambiguous,2184,3176,199600463027,72.00204828508265,2.844799927714803e-05
75372855120262316,Gričiupio sen.,20,140,5,737.0,1988.0,ambiguous,804,847,199620063010,736.877050019047,0.00016683885706303414
75672408666678112,Šilainių sen.,20,110,1,126.0,1931.0,ambiguous,14627,15727,199300603018,126.00539999584704,4.285619155730558e-05
74573000969660186,Kauno m.,28,240,1,7.0,1924.0,ambiguous,39,3176,440002584574,12.29224999792967,0.5630588332691764
75688105162914993,Šančių sen.,20,140,1,229.0,1925.0,ambiguous,631,790,199230031017,229.13184999556339,0.0005755984841693262
75204505853846706,Panemunės sen.,20,110,1,95.16,1970.0,ambiguous,14109,15727,199660177012,95.15991453103096,8.981610699621001e-07
65102070248822932,Šilainių sen.,20,120,2,194.0,2015.0,ambiguous,1731,2464,440060094639,194.0629840865538,0.00032460754923668844
64893952585632769,Šilainių sen.,20,110,2,245.0,2021.0,ambiguous,4245,8034,440020403960,245.02859160852339,0.00011669363398514321
79874406434445655,Šilainių sen.,20,110,2,256.0,2007.0,ambiguous,3934,8034,199340272020,255.9885500041021,4.472754673745527e-05
74573110283471453,Kauno m.,28,240,1,56.5,1954.0,ambiguous,1961,3176,440008458084,56.49784999865722,3.805384514965482e-05
75570840509208551,Kauno m.,22,224,1,56.0,1964.0,ambiguous,79,729,199640104067,56.303499996453525,0.0054050093779212105
75026619964722666,Kauno m.,28,240,1,19.0,1996.0,ambiguous,555,3176,440041270455,19.060278235022437,0.003167516803143755
87147988312776994,Šilainių sen.,20,110,2,185.0,2007.0,ambiguous,5920,8034,199920296015,185.00195641196382,1.0575143887692207e-05
81160731072007261,Šilainių sen.,20,110,1,198.0,2005.0,ambiguous,10922,15727,440054553850,198.00008277837662,4.1807252149084206e-07
74413966336477566,Kauno m.,28,240,1,19.0,1976.0,ambiguous,555,3176,440041270455,19.060278235022437,0.003167516803143755
74187977710864661,Kauno m.,22,220,1,27.0,1935.0,ambiguous,256,1208,199670330017,26.89795375034093,0.003786651050470713
7566438078663848,Aleksoto sen.,20,110,1,100.0,1933.0,ambiguous,14351,15727,199000258015,99.9960539979593,3.9460798974211286e-05
75009903342849377,Kauno m.,28,240,1,13.0,1966.0,ambiguous,262,3176,199180028031,12.808198848106617,0.01486385658262579
75538167497867223,Dainavos sen.,20,140,5,874.0,1968.0,ambiguous,781,847,199790138017,874.4401000454441,0.0005034202255229658
88341028496856086,Panemunės sen.,26,266,1,48.0,2004.0,ambiguous,315,389,529700591011,48.0946000034079,0.0019688938601047923
74253711746656556,Kauno m.,28,240,1,18.0,1977.0,ambiguous,504,3176,199620475038,18.02892226261338,0.0016055028576857922
74121505902056517,Eigulių sen.,22,212,1,146.0,2002.0,ambiguous,177,437,199730207020,145.28255412981665,0.004926126270516029
75003449722515519,Kauno m.,28,240,1,13.0,1961.0,ambiguous,262,3176,199180028031,12.808198848106617,0.01486385658262579
75031904722100501,Aleksoto sen.,28,240,1,122.0,1960.0,ambiguous,2026,3176,440046660480,121.97958573499841,0.0001673440422296224
74903428614870052,Kauno m.,28,240,1,63.0,1998.0,ambiguous,2067,3176,440020485314,63.04580000315867,0.0007267200521265949
74560173210068026,Kauno m.,28,240,1,7.59,1968.0,ambiguous,51,3176,440002584574,12.29224999792967,0.48213739091695107
74497010692902238,Kauno m.,28,240,1,32.0,1937.0,ambiguous,1227,3176,199490033024,32.05080792518123,0.0015864885232148573
74995941804436139,Kauno m.,28,240,1,24.56,1978.0,ambiguous,870,3176,199950278022,24.67155000400059,0.004531654798182405
64800947133252115,Kauno m.,20,110,1,170.0,2023.0,ambiguous,12707,15727,440009323886,170.0095670885646,5.627540806596443e-05
74706789369449023,Panemunės sen.,22,212,1,287.0,1998.0,ambiguous,180,437,199960031012,287.8527000098165,0.0029666752376655836
7443487769441047,Kauno m.,28,240,1,35.0,1976.0,ambiguous,1368,3176,199730192028,35.120799997296,0.003445485984352459
75611393254843492,Gričiupio sen.,20,140,3,897.07,1959.0,ambiguous,35,210,440007987237,920.4947513471511,0.025777401780199938
75023066659805598,Kauno m.,28,240,1,30.0,1977.0,ambiguous,1147,3176,440053929710,29.989079681954312,0.00036407686946393625
74862284950331745,Kauno m.,28,240,1,75.0,1981.0,ambiguous,2194,3176,199620078037,74.98951114679764,0.00013986115614628147
75333438224670132,Eigulių sen.,22,212,1,157.0,1997.0,ambiguous,178,437,199920372018,156.1793482717137,0.005240790052990718
74263380616249555,Kauno m.,28,240,1,42.0,1984.0,ambiguous,1562,3176,199100156029,42.02899999731593,0.0006902378576021384
65073339917536971,Panemunės sen.,28,240,1,43.0,2004.0,ambiguous,1597,3176,440028001572,43.06414195874233,0.0014905620194025637
75696592621515721,Kauno m.,22,224,1,682.0,1944.0,ambiguous,326,729,199300659170,681.093170287426,0.0013305471205127262
75547096958037144,Petrašiūnų sen.,22,224,1,932.0,1982.0,ambiguous,319,729,199560398209,937.0097837153805,0.0053609090302080276
65115607138210338,Šilainių sen.,20,120,1,120.0,2016.0,ambiguous,1329,1391,199360223012,119.99599998809023,3.333398815286159e-05
74692754626216787,Petrašiūnų sen.,20,110,1,196.0,1976.0,ambiguous,11070,15727,199940107015,195.97712662901483,0.00011670768244975704
64935091792678867,Aleksoto sen.,28,240,1,10.0,2006.0,ambiguous,130,3176,440002584574,12.29224999792967,0.20638388933044371
93234537194742673,Aleksoto sen.,20,110,2,106.0,2007.0,ambiguous,7099,8034,199540129020,106.01139999927152,0.00010754138015744985
75004780276043209,Kauno m.,28,240,1,24.0,1965.0,ambiguous,830,3176,199480080075,23.88897094517182,0.00463694464823261
7417257024766194,Panemunės sen.,28,240,1,16.0,1985.0,ambiguous,406,3176,440052806336,16.03196284859298,0.001995685331706021
75589862201334776,Gričiupio sen.,24,140,5,977.0,1963.0,ambiguous,141,180,199710230010,1016.2786000321837,0.039416151136335564
7570505941889108,Centro sen.,24,140,3,338.0,1900.0,ambiguous,280,370,198500004014,338.3921527637852,0.0011595427478612308
64894841551948371,Aleksoto sen.,28,240,1,24.0,2011.0,ambiguous,830,3176,199480080075,23.88897094517182,0.00463694464823261
64779291029906164,Kauno m.,20,120,2,141.0,2024.0,ambiguous,2170,2464,440022239096,140.98748081535834,8.879248549398255e-05
74448659584150603,Kauno m.,28,240,1,17.0,1941.0,ambiguous,444,3176,199100169028,16.981026597074084,0.0011167058089558424
74264354898601434,Kauno m.,28,240,1,10.0,1986.0,ambiguous,130,3176,440002584574,12.29224999792967,0.20638388933044371
6481977359686035,Kauno m.,20,110,2,46.0,2023.0,ambiguous,3006,8034,440044132274,45.98626227622155,0.0002986907727446919
75641065854566703,Vilijampolės sen.,24,140,2,125.0,1940.0,ambiguous,329,430,199350563012,124.95984999771565,0.0003212516140500554
74236438954358705,Kauno m.,28,240,1,34.0,1969.0,ambiguous,1314,3176,199350050047,33.81439999509547,0.005473777496629584
74260255298728095,Petrašiūnų sen.,24,266,1,25.0,1984.0,ambiguous,66,97,440009872470,24.97395000020061,0.001042543251383865
65008435681037702,Kauno m.,22,216,1,45.0,2015.0,ambiguous,8,40,199900222016,42.38610927310919,0.05984179269204715
7461443814931841,Kauno m.,28,240,1,28.17,1972.0,ambiguous,1061,3176,190000161032,28.13280000235215,0.001321426396534875
74293750137659972,Kauno m.,28,240,1,5.0,1985.0,ambiguous,3,3176,440002584574,12.29224999792967,0.8995310698903893
64883912335867391,Kauno m.,20,120,2,67.0,2021.0,ambiguous,1917,2464,440029268517,67.10870165869021,0.0016210981263862223
74251536478773597,Kauno m.,28,240,1,10.0,1960.0,ambiguous,130,3176,440002584574,12.29224999792967,0.20638388933044371
74261042081859838,Kauno m.,28,240,1,25.0,1975.0,ambiguous,903,3176,440050743778,24.990042994721314,0.00039835954577638333
75646022772022828,Šančių sen.,20,110,1,60.0,1939.0,ambiguous,9441,15727,190020681011,60.003942929867115,6.571333861682405e-05
74267498233338863,Kauno m.,28,240,1,10.0,1962.0,ambiguous,130,3176,440002584574,12.29224999792967,0.20638388933044371
75466699784323771,Šančių sen.,22,224,1,505.0,1989.0,ambiguous,320,729,440051130979,504.68456074905987,0.000624827344034351
74224917480817568,Kauno m.,22,224,1,83.0,1983.0,ambiguous,101,729,199300818268,82.14400000139977,0.010366803090827936
64948659252709165,Aleksoto sen.,20,120,2,135.0,2019.0,ambiguous,2195,2464,440059671842,134.99963190693825,2.72661898925719e-06
7486972426453474,Kauno m.,28,240,1,17.0,1982.0,ambiguous,444,3176,199100169028,16.981026597074084,0.0011167058089558424
75696548496929542,Kauno m.,22,224,1,67.0,1970.0,ambiguous,82,729,199650316020,66.9963999975998,5.373282268905655e-05
64938837095429955,Petrašiūnų sen.,22,220,1,1217.0,1990.0,ambiguous,274,1208,199960088051,1214.8974000007588,0.0017291852223308979
74158095645341121,Kauno m.,22,222,1,2245.0,1971.0,ambiguous,184,917,199870002076,2246.4392999702336,0.000640908146976038
65201008604886437,Kauno m.,28,240,1,45.0,2008.0,ambiguous,1679,3176,199590211020,45.00037570002737,8.34885464540136e-06
75223756229908748,Aleksoto sen.,22,294,1,771.0,1979.0,ambiguous,3,5,529600079105,791.4883417198422,0.026226776299723475
7482032737460681,Kauno m.,28,240,1,26.0,1971.0,ambiguous,946,3176,440053170297,26.02109562525104,0.0008110412190998062
75713844092417049,Centro sen.,22,210,2,313.0,1850.0,ambiguous,149,274,198400009019,312.48784441075895,0.0016376200058108026
75668181441417751,Žaliakalnio sen.,20,120,2,178.0,1932.0,ambiguous,1907,2464,440020165396,178.00033218664956,1.8662153911108703e-06
74768794498848254,Aleksoto sen.,20,110,2,200.0,1940.0,ambiguous,5526,8034,440043713357,199.97963089584945,0.00010185070735957424
74940555309618337,Kauno m.,28,240,1,16.0,1989.0,ambiguous,406,3176,440052806336,16.03196284859298,0.001995685331706021
74807622105576038,Aleksoto sen.,28,240,1,8.0,1958.0,ambiguous,68,3176,440002584574,12.29224999792967,0.42952744064465387
65083111260659715,Aleksoto sen.,26,266,1,35.0,1975.0,ambiguous,277,389,199990096012,35.584198705944466,0.016553621260490647
64795422968956004,Kauno m.,20,110,1,165.0,2023.0,ambiguous,13024,15727,199250246010,164.99997765821453,1.3540476917484057e-07
74457430134635488,Kauno m.,28,240,1,29.0,1954.0,ambiguous,1106,3176,440061094300,29.048890156438162,0.0016844479839783766
74124016765861014,Šančių sen.,20,110,1,195.0,2002.0,ambiguous,11140,15727,199520065012,195.0239197828482,0.00012265803026423328
74976584140659927,Kauno m.,28,240,1,11.0,1976.0,ambiguous,173,3176,440002584574,12.29224999792967,0.11107370952611895
74992828310410417,Kauno m.,28,240,1,9.0,1960.0,ambiguous,98,3176,440002584574,12.29224999792967,0.31174440498827005
7438780229396702,Kauno m.,28,240,1,14.0,1969.0,ambiguous,297,3176,190021051033,14.002474562702611,0.00017673885952573798
87530876902285226,Kauno m.,28,240,1,15.0,2004.0,ambiguous,354,3176,440023993764,14.810749998136423,0.01269693277208983
75695847751615586,Kauno m.,22,236,2,745.0,1956.0,ambiguous,6,9,199170077533,700.6762999666378,0.06133820694224479
64802012549981955,Kauno m.,22,228,3,1882.0,2024.0,ambiguous,15,39,440057352135,1985.3027201695581,0.05343636521219164
74989117169445632,Kauno m.,28,240,1,27.72,1982.0,ambiguous,1038,3176,440029558583,27.771523255352243,0.0018569780440547135
74618851607709841,Kauno m.,22,220,1,18.54,1990.0,ambiguous,207,1208,440026154010,18.59860944788192,0.003156256920150202
75027244937403481,Kauno m.,28,240,1,35.0,1977.0,ambiguous,1368,3176,199730192028,35.120799997296,0.003445485984352459
64903910447011201,Aleksoto sen.,28,240,1,23.0,2018.0,ambiguous,785,3176,440050269433,23.024728073147582,0.0010745560728868675
75183764287533997,Panemunės sen.,20,110,1,124.0,1978.0,ambiguous,14654,15727,199500093010,123.99972570268179,2.2120775939882265e-06
75677521127283723,Žaliakalnio sen.,20,110,2,88.0,1930.0,ambiguous,6820,8034,440001824282,87.98192251111115,0.00020544711291403672
74121321255521233,Petrašiūnų sen.,20,110,1,122.0,2009.0,ambiguous,14678,15727,440049831383,121.99540721566103,3.764648189008568e-05
75638784193019878,Žaliakalnio sen.,22,222,3,9623.0,1966.0,ambiguous,6,59,440055808247,10421.7453180046,0.07973845285433612
74694873985879651,Kauno m.,28,240,1,6.24,1936.0,ambiguous,17,3176,440002584574,12.29224999792967,0.6779887999431533
75695863322569917,Kauno m.,22,224,1,379.0,1917.0,ambiguous,266,729,440051443220,373.32167305014093,0.015095762850561023
75666510208793933,Panemunės sen.,24,140,2,213.0,1933.0,ambiguous,374,430,199350017014,212.9226999979142,0.0003629766759791764
74482729162224537,Kauno m.,28,240,1,16.0,1934.0,ambiguous,406,3176,440052806336,16.03196284859298,0.001995685331706021
74968329200311462,Kauno m.,28,240,1,41.0,1981.0,ambiguous,1541,3176,199390440029,41.00460000060461,0.00011218884329400325
64741084958545747,Kauno m.,28,240,1,45.0,2021.0,ambiguous,1679,3176,199590211020,45.00037570002737,8.34885464540136e-06
75339785175606924,Petrašiūnų sen.,20,110,2,100.0,1993.0,ambiguous,7086,8034,199470037015,99.99447573424787,5.52441834535955e-05
82325935279251097,Aleksoto sen.,20,110,1,179.0,2014.0,ambiguous,12160,15727,440040261561,179.00460439004686,2.572251859689345e-05
65210361495249392,Šilainių sen.,20,110,2,115.0,2011.0,ambiguous,7080,8034,199610091011,115.00420362091396,3.6552557285851606e-05
74265282176692968,Kauno m.,28,240,1,25.0,1949.0,ambiguous,903,3176,440050743778,24.990042994721314,0.00039835954577638333
74885126146805092,Kauno m.,28,240,1,36.0,1962.0,ambiguous,1405,3176,440050713967,36.03845984236268,0.001067758697253396
74580762836604447,Kauno m.,28,240,1,29.53,1967.0,ambiguous,1125,3176,529680188036,29.58750000130385,0.0019452791283387505
64788498090827693,Kauno m.,20,110,1,201.0,2025.0,ambiguous,10731,15727,199630186017,201.00750000126195,3.731274298512943e-05
74621703563287581,Kauno m.,22,220,1,20.0,1969.0,ambiguous,219,1208,198900140012,19.97586087422769,0.0012076852469631305
64701827067048107,Kauno m.,22,224,1,1764.0,2025.0,ambiguous,266,729,199680188045,1754.735053874855,0.005266078516426909
65136084105651068,Šilainių sen.,20,120,1,163.0,2014.0,ambiguous,1242,1391,199440020013,162.90610000547358,0.0005762395801927056
74956881465286937,Kauno m.,28,240,1,13.0,1972.0,ambiguous,262,3176,199180028031,12.808198848106617,0.01486385658262579
7502066802783125,Kauno m.,28,240,1,36.0,1989.0,ambiguous,1405,3176,440050713967,36.03845984236268,0.001067758697253396
82301973022489927,Kauno m.,22,224,1,4685.0,2009.0,ambiguous,116,729,199600323457,4671.678064193878,0.0028475800314389232
7568999422677096,Šilainių sen.,20,110,1,152.0,1924.0,ambiguous,13788,15727,199880090010,152.0013499902958,8.881475663358174e-06
65064272259889339,Kauno m.,20,120,2,207.0,2016.0,ambiguous,1591,2464,199850003016,206.8716850541453,0.0006200711698802763
75619497112509829,Kauno m.,24,140,5,604.0,1957.0,ambiguous,169,180,440058717345,605.5826380277583,0.0026168347347876875
74542785633202976,Kauno m.,28,240,1,24.61,1980.0,ambiguous,876,3176,199950278022,24.67155000400059,0.0024978936741595348
74428798336541466,Kauno m.,28,240,1,22.0,1991.0,ambiguous,739,3176,199270002032,22.042988585359026,0.0019521199805661027
75013584751076667,Kauno m.,28,240,1,8.0,1900.0,ambiguous,68,3176,440002584574,12.29224999792967,0.42952744064465387
74440417151140872,Kauno m.,28,240,1,55.0,1976.0,ambiguous,1925,3176,440043133599,55.04719999694005,0.0008578137351182846
75006690987262953,Kauno m.,28,240,1,12.0,1973.0,ambiguous,208,3176,440002584574,12.29224999792967,0.02406233253648926
75496629204326898,Šilainių sen.,20,110,1,72.0,1974.0,ambiguous,11600,15727,199590435015,72.00880000468231,0.00012221481871943496
75683941089927237,Vilijampolės sen.,20,110,1,59.0,1927.0,ambiguous,9242,15727,199610220014,59.00635000254736,0.00010762137043229814
74437219485913683,Kauno m.,22,220,1,19.0,1968.0,ambiguous,210,1208,199720361017,18.986193523152647,0.0007269208191074128
75541646354949685,Dainavos sen.,20,140,9,515.0,1968.0,ambiguous,297,303,199870039013,515.1277314420325,0.0002479914651134507
75672044631174024,Žaliakalnio sen.,20,110,2,103.0,1931.0,ambiguous,7106,8034,440043470746,102.98962210380722,0.00010076134997039077
74334376603808802,Kauno m.,28,240,1,35.0,1952.0,ambiguous,1368,3176,199730192028,35.120799997296,0.003445485984352459
7552786687721548,Kauno m.,22,220,1,19.03,1970.0,ambiguous,210,1208,199720361017,18.986193523152647,0.002304622960725311
6491995997365585,Šilainių sen.,20,110,2,152.0,2020.0,ambiguous,6725,8034,529830235018,151.98709462186403,8.490740805822128e-05
74400830952047192,Kauno m.,28,240,1,6.0,1926.0,ambiguous,15,3176,440002584574,12.29224999792967,0.7172095130964347
75527479148408003,Šančių sen.,20,110,2,118.0,1970.0,ambiguous,7070,8034,440030768666,118.01264147002973,0.00010712536381962678
75710239689691178,Šilainių sen.,20,110,1,116.0,1882.0,ambiguous,14697,15727,529700106016,116.00220000441391,1.8965375448765087e-05
6490576282535887,Kauno m.,22,214,1,15.0,2018.0,no_match,0,126,,,
88712613513299635,Kauno m.,28,240,0,2.0,2004.0,no_match,0,14,,,
